"МАКСИДИН 0,4 (MAXIDIN 0,4) раствор д/инъекций";"МИКРО-ПЛЮС ЗАО (Россия)";"ГАМАВЕТФАРМ ООО (Россия)";"МИКРО-ПЛЮС ЗАО (Россия)"
"МАКСИДИН 0,15 (MAXIDIN 0,15)";"МИКРО-ПЛЮС ЗАО (Россия)";"ГАМАВЕТФАРМ ООО (Россия)";"МИКРО-ПЛЮС ЗАО (Россия)"
"АУРИЗОН (AURIZON®) суспензия";"VETOQUINOL S.A. (Франция)";"VETOQUINOL S.A. (Франция)";"ВЕТОКИНОЛ С.А. (Франция)"
"ЛЕКСОФЛОН® (LEXOFLON) раствор д/инъекций";"НИТА-ФАРМ ООО (Россия)";"НИТА-ФАРМ ООО (Россия)";"НИТА-ФАРМ ООО (Россия)"
"СИЛЕО® (SILEO®)";"ORION CORPORATION (Финляндия)";"ORION CORPORATION (Финляндия)";"ОРИОН КОРПОРЕЙШН (Финляндия)"
"АНТИСЕДАН® (ANTISEDAN®) раствор д/инъекций";"ORION CORPORATION (Финляндия)";"ORION CORPORATION (Финляндия)";"ОРИОН КОРПОРЕЙШН (Финляндия)"
"ДЕКСДОМИТОР® (DEXDOMITOR) раствор д/инъекций 0.1 мг";"ORION CORPORATION (Финляндия)";"ORION CORPORATION (Финляндия)";"ОРИОН КОРПОРЕЙШН (Финляндия)"
"ДЕКСДОМИТОР® (DEXDOMITOR) раствор д/инъекций 0.5 мг";"ORION CORPORATION (Финляндия)";"ORION CORPORATION (Финляндия)";"ОРИОН КОРПОРЕЙШН (Финляндия)"
"МЕТРИЦЕФ (METRICEFUM) суспензия";"БЕЛЭКОТЕХНИКА ООО (Республика Беларусь)";"БЕЛЭКОТЕХНИКА ООО (Республика Беларусь)";"БЕЛЭКОТЕХНИКА ООО (Республика Беларусь)"
"ЭРИПРИМ БТ (ERIPRIMUM BT)";"БЕЛЭКОТЕХНИКА ООО (Республика Беларусь)";"БЕЛЭКОТЕХНИКА ООО (Республика Беларусь)";"БЕЛЭКОТЕХНИКА ООО (Республика Беларусь)"
"ТРАКСОВЕТ 100 (TRAXOVETUM 100) раствор д/инъекций";"БЕЛЭКОТЕХНИКА ООО (Республика Беларусь)";"БЕЛЭКОТЕХНИКА ООО (Республика Беларусь)";"БЕЛЭКОТЕХНИКА ООО (Республика Беларусь)"
"МАСТИМАКС (MASTIMAX)";"БЕЛЭКОТЕХНИКА ООО (Республика Беларусь)";"БЕЛЭКОТЕХНИКА ООО (Республика Беларусь)";"БЕЛЭКОТЕХНИКА ООО (Республика Беларусь)"
"МАСТИЗИМ (MASTIZINUM)";"БЕЛЭКОТЕХНИКА ООО (Республика Беларусь)";"БЕЛЭКОТЕХНИКА ООО (Республика Беларусь)";"БЕЛЭКОТЕХНИКА ООО (Республика Беларусь)"
"БЕНСТРЕП (BENSTREP) сусп. д/инъекций";"БЕЛЭКОТЕХНИКА ООО (Республика Беларусь)";"БЕЛЭКОТЕХНИКА ООО (Республика Беларусь)";"БЕЛЭКОТЕХНИКА ООО (Республика Беларусь)"
"ИНФЛАРЕТ (INFLARETUM) раствор д/инъекций";"БЕЛЭКОТЕХНИКА ООО (Республика Беларусь)";"БЕЛЭКОТЕХНИКА ООО (Республика Беларусь)";"БЕЛЭКОТЕХНИКА ООО (Республика Беларусь)"
"ЛИНКОСПЕКТ 150 (LINCOSPECTUM 150) раствор д/инъекций";"БЕЛЭКОТЕХНИКА ООО (Республика Беларусь)";"БЕЛЭКОТЕХНИКА ООО (Республика Беларусь)";"БЕЛЭКОТЕХНИКА ООО (Республика Беларусь)"
"МУЛЬТИВЕТ (MULTIVET) раствор д/инъекций";"БЕЛЭКОТЕХНИКА ООО (Республика Беларусь)";"БЕЛЭКОТЕХНИКА ООО (Республика Беларусь)";"БЕЛЭКОТЕХНИКА ООО (Республика Беларусь)"
"ОФЛОСТИН (OFLOSTINUM)";"БЕЛЭКОТЕХНИКА ООО (Республика Беларусь)";"БЕЛЭКОТЕХНИКА ООО (Республика Беларусь)";"БЕЛЭКОТЕХНИКА ООО (Республика Беларусь)"
"КЕНОСЕПТ-Г (KENOSEPT-G)";"РАБОС Интернешнл ООО (Россия)";"CID LINES NV/SA (Бельгия)";"РАБОС Интернешнл ООО (Россия)"
"ТОРНАКС-С (TORNAX-S)";"РАБОС Интернешнл ООО (Россия)";"CID LINES NV/SA (Бельгия)";"РАБОС Интернешнл ООО (Россия)"
"ЭКО-ДЕЗ (ECO-DES)";"РАБОС Интернешнл ООО (Россия)";"CID LINES NV/SA (Бельгия)";"РАБОС Интернешнл ООО (Россия)"
"ВИРОЦИД (VIROCID)";"РАБОС Интернешнл ООО (Россия)";"CID LINES NV/SA (Бельгия)";"РАБОС Интернешнл ООО (Россия)"
"МИЛЬБЕМАКС® (MILBEMAX®) для кошек 4+10 мг";"ЭЛАНКО РУС ООО (Россия)";"NOVARTIS SANTE ANIMALE S.A.S. (Франция)";"ЭЛАНКО РУС ООО (Россия)"
"МИЛЬБЕМАКС® (MILBEMAX®) для кошек 16+40 мг";"ЭЛАНКО РУС ООО (Россия)";"NOVARTIS SANTE ANIMALE S.A.S. (Франция)";"ЭЛАНКО РУС ООО (Россия)"
"МИЛЬБЕМАКС® (MILBEMAX®) для собак 2.5+25 мг";"ЭЛАНКО РУС ООО (Россия)";"NOVARTIS SANTE ANIMALE S.A.S. (Франция)";"ЭЛАНКО РУС ООО (Россия)"
"МИЛЬБЕМАКС® (MILBEMAX®) для собак 12.5+125 мг";"ЭЛАНКО РУС ООО (Россия)";"NOVARTIS SANTE ANIMALE S.A.S. (Франция)";"ЭЛАНКО РУС ООО (Россия)"
"АТОПИКА® (ATOPICA®) капсулы 10 мг";"ЭЛАНКО РУС ООО (Россия)";"CATALENT GERMANY EBERBACH GmbH (Германия)";"ЭЛАНКО РУС ООО (Россия)"
"АТОПИКА® (ATOPICA®) капсулы 25 мг";"ЭЛАНКО РУС ООО (Россия)";"CATALENT GERMANY EBERBACH GmbH (Германия)";"ЭЛАНКО РУС ООО (Россия)"
"АТОПИКА® (ATOPICA®) капсулы 50 мг";"ЭЛАНКО РУС ООО (Россия)";"CATALENT GERMANY EBERBACH GmbH (Германия)";"ЭЛАНКО РУС ООО (Россия)"
"АТОПИКА® (ATOPICA®) капсулы 100 мг";"ЭЛАНКО РУС ООО (Россия)";"CATALENT GERMANY EBERBACH GmbH (Германия)";"ЭЛАНКО РУС ООО (Россия)"
"ФИПРИСТ® КОМБО (FYPRYST® COMBO) раствор д/наружного применения: 90 мг, 100 мг";"KRKA d.d., Novo Mesto (Словения)";"KRKA d.d., Novo Mesto (Словения)";"КРКА, фармацевтический завод, д.д., Ново место АО (Словения)"
"ИВЕРМЕК OR (IVERMEK OR)";"НИТА-ФАРМ ООО (Россия)";"НИТА-ФАРМ ООО (Россия)";"НИТА-ФАРМ ООО (Россия)"
"ЛЕКСОФЛОН® OR (LEXOFLON® OR)";"НИТА-ФАРМ ООО (Россия)";"НИТА-ФАРМ ООО (Россия)";"НИТА-ФАРМ ООО (Россия)"
"ЦИФЛУНИТ® ФЛОК (CYFLUNIT FLOCK) раствор д/наружного применения";"НИТА-ФАРМ ООО (Россия)";"НИТА-ФАРМ ООО (Россия)";"НИТА-ФАРМ ООО (Россия)"
"РИКАЗОЛ® (RICAZOL) раствор д/инъекций";"НИТА-ФАРМ ООО (Россия)";"НИТА-ФАРМ ООО (Россия)";"НИТА-ФАРМ ООО (Россия)"
"ЦЕФТОНИТ® ФОРТЕ (CEFTONIT FORTE) сусп. д/инъекций";"НИТА-ФАРМ ООО (Россия)";"НИТА-ФАРМ ООО (Россия)";"НИТА-ФАРМ ООО (Россия)"
"НИТОКС® ФОРТЕ (NITOX® FORTE) раствор д/инъекций";"НИТА-ФАРМ ООО (Россия)";"НИТА-ФАРМ ООО (Россия)";"НИТА-ФАРМ ООО (Россия)"
"МЕРАДОК (MERADOK) раствор д/инъекций";"НИТА-ФАРМ ООО (Россия)";"НИТА-ФАРМ ООО (Россия)";"НИТА-ФАРМ ООО (Россия)"
"ФИПРИСТ® КОМБО (FYPRYST® COMBO) раствор д/наружного применения: 100 мг, 120 мг";"KRKA d.d., Novo Mesto (Словения)";"KRKA d.d., Novo Mesto (Словения)";"КРКА, фармацевтический завод, д.д., Ново место АО (Словения)"
"ОТИФРИ (OTIFREE)";"VETOQUINOL Biovet S.p. z.o.o. (Польша)";"VETOQUINOL Biovet S.p. z.o.o. (Польша)";"ВЕТОКИНОЛ С.А. (Франция)"
"ЭНРОНИТ® OR (ENRONIT® OR)";"НИТА-ФАРМ ООО (Россия)";"НИТА-ФАРМ ООО (Россия)";"НИТА-ФАРМ ООО (Россия)"
"ЭНРОНИТ® (ENRONIT) раствор д/инъекций";"НИТА-ФАРМ ООО (Россия)";"НИТА-ФАРМ ООО (Россия)";"НИТА-ФАРМ ООО (Россия)"
"ЦИФЛУНИТ-ON (CYFLUNIT-ON) раствор";"НИТА-ФАРМ ООО (Россия)";"НИТА-ФАРМ ООО (Россия)";"НИТА-ФАРМ ООО (Россия)"
"ЦИФЛУНИТ® (CYFLUNIT) раствор д/наружного применения";"НИТА-ФАРМ ООО (Россия)";"НИТА-ФАРМ ООО (Россия)";"НИТА-ФАРМ ООО (Россия)"
"ЦЕФТОНИТ® (CEFTONIT) сусп. д/инъекций";"НИТА-ФАРМ ООО (Россия)";"НИТА-ФАРМ ООО (Россия)";"НИТА-ФАРМ ООО (Россия)"
"ФЛУНЕКС (FLUNEX) раствор д/инъекций";"НИТА-ФАРМ ООО (Россия)";"НИТА-ФАРМ ООО (Россия)";"НИТА-ФАРМ ООО (Россия)"
"ФЛОРОКС® (FLOROX) раствор д/инъекций";"НИТА-ФАРМ ООО (Россия)";"НИТА-ФАРМ ООО (Россия)";"НИТА-ФАРМ ООО (Россия)"
"УТЕРОТОН® (UTEROTON) раствор д/инъекций";"НИТА-ФАРМ ООО (Россия)";"НИТА-ФАРМ ООО (Россия)";"НИТА-ФАРМ ООО (Россия)"
"СТРОЛИТИН® (STROLITINE) раствор";"НИТА-ФАРМ ООО (Россия)";"НИТА-ФАРМ ООО (Россия)";"НИТА-ФАРМ ООО (Россия)"
"СЕПРАНОЛ (SEPRANOL)";"НИТА-ФАРМ ООО (Россия)";"НИТА-ФАРМ ООО (Россия)";"НИТА-ФАРМ ООО (Россия)"
"НИТОКС® 200 (NITOX® 200) раствор д/инъекций";"НИТА-ФАРМ ООО (Россия)";"НИТА-ФАРМ ООО (Россия)";"НИТА-ФАРМ ООО (Россия)"
"НЕОЗИДИН М (NEOZIDIN М) раствор д/инъекций";"НИТА-ФАРМ ООО (Россия)";"НИТА-ФАРМ ООО (Россия)";"НИТА-ФАРМ ООО (Россия)"
"МАСТОМИЦИН® (MASTOMICIN)";"НИТА-ФАРМ ООО (Россия)";"НИТА-ФАРМ ООО (Россия)";"НИТА-ФАРМ ООО (Россия)"
"КЛОЗАТРЕМ® (CLOZATREM) раствор д/инъекций";"НИТА-ФАРМ ООО (Россия)";"НИТА-ФАРМ ООО (Россия)";"НИТА-ФАРМ ООО (Россия)"
"ИВЕРМЕК®-ON (IVERMEK®-ON) раствор";"НИТА-ФАРМ ООО (Россия)";"НИТА-ФАРМ ООО (Россия)";"НИТА-ФАРМ ООО (Россия)"
"ДОКСИЛОКС OR (DOXYLOX OR)";"НИТА-ФАРМ ООО (Россия)";"НИТА-ФАРМ ООО (Россия)";"НИТА-ФАРМ ООО (Россия)"
"ДИТРИМ® (DITRIM®) раствор д/инъекций";"НИТА-ФАРМ ООО (Россия)";"НИТА-ФАРМ ООО (Россия)";"НИТА-ФАРМ ООО (Россия)"
"БУТОФАН® (BUTOFAN) раствор д/инъекций";"НИТА-ФАРМ ООО (Россия)";"НИТА-ФАРМ ООО (Россия)";"НИТА-ФАРМ ООО (Россия)"
"АМОКСИЦИЛЛИН 150 (AMOXYCILLIN 150) сусп. д/инъекций";"НИТА-ФАРМ ООО (Россия)";"НИТА-ФАРМ ООО (Россия)";"НИТА-ФАРМ ООО (Россия)"
"ПРОГЕСТАМАГ® (PROGESTAMAG) сусп. д/инъекций";"МОСАГРОГЕН ЗАО (Россия)";"МОСАГРОГЕН ЗАО (Россия)";"МОСАГРОГЕН ЗАО (Россия)"
"ЭНДОМЕТРАМАГ-ГРИН® (ENDOMETRAMAG-GREEN)";"МОСАГРОГЕН ЗАО (Россия)";"МОСАГРОГЕН ЗАО (Россия)";"МОСАГРОГЕН ЗАО (Россия)"
"СТАРТИН-ФИТО (STARTINUM-FITO)";"ЗАВОД ВЕТЕРИНАРНЫЕ ПРЕПАРАТЫ АО (Россия)";"ЗАВОД ВЕТЕРИНАРНЫЕ ПРЕПАРАТЫ АО (Россия)";"Завод ""Ветеринарные препараты"" АО (Россия)"
"ПИХТОИН® (PICHTOINUM) мазь д/наружного применения";"ЗАВОД ВЕТЕРИНАРНЫЕ ПРЕПАРАТЫ АО (Россия)";"ЗАВОД ВЕТЕРИНАРНЫЕ ПРЕПАРАТЫ АО (Россия)";"Завод ""Ветеринарные препараты"" АО (Россия)"
"МАЗЬ ЯХАЛИМП (UNGUENTUM YAHALIMPUM) мазь д/наружного применения";"ЗАВОД ВЕТЕРИНАРНЫЕ ПРЕПАРАТЫ АО (Россия)";"ЗАВОД ВЕТЕРИНАРНЫЕ ПРЕПАРАТЫ АО (Россия)";"Завод ""Ветеринарные препараты"" АО (Россия)"
"МАЗЬ ЭКЗЕКОНТ (UNGUENTUM ECZECONTUM) мазь д/наружного применения";"ЗАВОД ВЕТЕРИНАРНЫЕ ПРЕПАРАТЫ АО (Россия)";"ЗАВОД ВЕТЕРИНАРНЫЕ ПРЕПАРАТЫ АО (Россия)";"Завод ""Ветеринарные препараты"" АО (Россия)"
"МАЗЬ ""ЯМ БК""® (UNGUENTUM ""YAM BK"") мазь д/наружного применения";"ЗАВОД ВЕТЕРИНАРНЫЕ ПРЕПАРАТЫ АО (Россия)";"ЗАВОД ВЕТЕРИНАРНЫЕ ПРЕПАРАТЫ АО (Россия)";"Завод ""Ветеринарные препараты"" АО (Россия)"
"ЛЕРСИН® (LERSINUM) порошок";"ЗАВОД ВЕТЕРИНАРНЫЕ ПРЕПАРАТЫ АО (Россия)";"ЗАВОД ВЕТЕРИНАРНЫЕ ПРЕПАРАТЫ АО (Россия)";"Завод ""Ветеринарные препараты"" АО (Россия)"
"КРЕОЛИН-Х (KREOLIN-X) раствор д/наружного применения 2.5%";"ЗАВОД ВЕТЕРИНАРНЫЕ ПРЕПАРАТЫ АО (Россия)";"ЗАВОД ВЕТЕРИНАРНЫЕ ПРЕПАРАТЫ АО (Россия)";"Завод ""Ветеринарные препараты"" АО (Россия)"
"КРЕОЛИН-Х (KREOLIN-X) раствор д/наружного применения 5%";"ЗАВОД ВЕТЕРИНАРНЫЕ ПРЕПАРАТЫ АО (Россия)";"ЗАВОД ВЕТЕРИНАРНЫЕ ПРЕПАРАТЫ АО (Россия)";"Завод ""Ветеринарные препараты"" АО (Россия)"
"КАСЕПТУРИН (KASEPTURINUM) раствор д/наружного применения";"ЗАВОД ВЕТЕРИНАРНЫЕ ПРЕПАРАТЫ АО (Россия)";"ЗАВОД ВЕТЕРИНАРНЫЕ ПРЕПАРАТЫ АО (Россия)";"Завод ""Ветеринарные препараты"" АО (Россия)"
"ЙОДТРИЭТИЛЕНГЛИКОЛЬ (ИТЭГ)-А (IODTRIETHYLENGLICOLUM (ITEG)- A)";"ЗАВОД ВЕТЕРИНАРНЫЕ ПРЕПАРАТЫ АО (Россия)";"ЗАВОД ВЕТЕРИНАРНЫЕ ПРЕПАРАТЫ АО (Россия)";"Завод ""Ветеринарные препараты"" АО (Россия)"
"ЙОДИНОКОЛЬ (IODINOKOLUM)";"ЗАВОД ВЕТЕРИНАРНЫЕ ПРЕПАРАТЫ АО (Россия)";"ЗАВОД ВЕТЕРИНАРНЫЕ ПРЕПАРАТЫ АО (Россия)";"Завод ""Ветеринарные препараты"" АО (Россия)"
"ЙОД ОДНОХЛОРИСТЫЙ (IODUM MONOCHLORATUM) раствор д/наружного применения";"ЗАВОД ВЕТЕРИНАРНЫЕ ПРЕПАРАТЫ АО (Россия)";"ЗАВОД ВЕТЕРИНАРНЫЕ ПРЕПАРАТЫ АО (Россия)";"Завод ""Ветеринарные препараты"" АО (Россия)"
"БИОРЕКС-ГХ (BIOREX-GH) раствор д/наружного применения 2.5%";"ЗАВОД ВЕТЕРИНАРНЫЕ ПРЕПАРАТЫ АО (Россия)";"ЗАВОД ВЕТЕРИНАРНЫЕ ПРЕПАРАТЫ АО (Россия)";"Завод ""Ветеринарные препараты"" АО (Россия)"
"БИОРЕКС-ГХ (BIOREX-GH) раствор д/наружного применения 5%";"ЗАВОД ВЕТЕРИНАРНЫЕ ПРЕПАРАТЫ АО (Россия)";"ЗАВОД ВЕТЕРИНАРНЫЕ ПРЕПАРАТЫ АО (Россия)";"Завод ""Ветеринарные препараты"" АО (Россия)"
"БУТОФАН® OR (BUTOFAN OR) раствор";"НИТА-ФАРМ ООО (Россия)";"НИТА-ФАРМ ООО (Россия)";"НИТА-ФАРМ ООО (Россия)"
"АМОКСИГАРД (AMOXYGARD) сусп. д/инъекций";"НИТА-ФАРМ ООО (Россия)";"НИТА-ФАРМ ООО (Россия)";"НИТА-ФАРМ ООО (Россия)"
"АЗИТРОНИТ® (AZITHRONIT) раствор д/инъекций";"НИТА-ФАРМ ООО (Россия)";"НИТА-ФАРМ ООО (Россия)";"НИТА-ФАРМ ООО (Россия)"
"АЛЬВЕТ®-СУСПЕНЗИЯ (ALVET-SUSPENSION)";"НИТА-ФАРМ ООО (Россия)";"НИТА-ФАРМ ООО (Россия)";"НИТА-ФАРМ ООО (Россия)"
"ЦИМАЛДЖЕКС (CIMALGEX®) таб. 8 мг";"VETOQUINOL S.A. (Франция)";"VETOQUINOL S.A. (Франция)";"ВЕТОКИНОЛ С.А. (Франция)"
"ЦИМАЛДЖЕКС (CIMALGEX®) таб. 30 мг";"VETOQUINOL S.A. (Франция)";"VETOQUINOL S.A. (Франция)";"ВЕТОКИНОЛ С.А. (Франция)"
"ЦИМАЛДЖЕКС (CIMALGEX®) таб. 80 мг";"VETOQUINOL S.A. (Франция)";"VETOQUINOL S.A. (Франция)";"ВЕТОКИНОЛ С.А. (Франция)"
"ПРОПАЛИН (PROPALIN®) раствор д/перорального применения";"VETOQUINOL S.A. (Франция)";"VETOQUINOL S.A. (Франция)";"ВЕТОКИНОЛ С.А. (Франция)"
"ИПАКИТИНЕ (IPAKITINE)";"VETOQUINOL S.A. (Франция)";"VETOQUINOL S.A. (Франция)";"ВЕТОКИНОЛ С.А. (Франция)"
"ОРИДЭРМИЛ (ORIDERMYL®)";"VETOQUINOL S.A. (Франция)";"VETOQUINOL S.A. (Франция)";"ВЕТОКИНОЛ С.А. (Франция)"
"АЛЮСПРЕЙ (ALUSPRAY®) аэрозоль д/наружн.прим.";"VETOQUINOL S.A. (Франция)";"VETOQUINOL S.A. (Франция)";"ВЕТОКИНОЛ С.А. (Франция)"
"АСД фракция 3 (ASD( )fraction 3)";"АРМАВИРСКАЯ БИОФАБРИКА ФКП (Россия)";"АРМАВИРСКАЯ БИОФАБРИКА ФКП (Россия)";"Торговый Дом Гудмэн ООО (Россия)"
"СУВАКЦИН PCV MH (SUVAXYN PCV MH) сусп. д/инъекций";"ZOETIS Inc. (США)";"ZOETIS Inc. (США)";"ЗОЭТИС Инк. (США)"
"СУВАКЦИН PCV2 (SUVAXYN PCV2) сусп. д/инъекций";"ZOETIS Inc. (США)";"ZOETIS Inc. (США)";"ЗОЭТИС Инк. (США)"
"ПУЛВАК E. coli (POULVAC E. coli)";"ZOETIS Inc. (США)";"ZOETIS Inc. (США)";"ЗОЭТИС Инк. (США)"
"ПУЛВАК БУРСА F (POULVAC BURSA F) лиофилизат д/пригот. р-ра д/приема внутрь";"ZOETIS Inc. (США)";"ZOETIS INDUSTRIA DE PRODUTOS VETERINARIOS Ltda. (Бразилия)";"ЗОЭТИС Инк. (США)"
"ПУЛВАК IB QX (POULVAC IB QX)";"ZOETIS Inc. (США)";"ZOETIS MANUFACTURING & RESEARCH SPAIN S.L. (Испания)";"ЗОЭТИС Инк. (США)"
"ДРАКСИН (DRAXXIN) раствор д/инъекций: 25 мг";"ZOETIS Inc. (США)";"LABORATORIOS PFIZER Ltda (Бразилия)";"ЗОЭТИС Инк. (США)"
"АПОКВЕЛ (APOQUEL) 3.6 мг";"ZOETIS Inc. (США)";"PFIZER ITALIA S.r.l. (Италия)";"ЗОЭТИС Инк. (США)"
"АПОКВЕЛ (APOQUEL) 5.4 мг";"ZOETIS Inc. (США)";"PFIZER ITALIA S.r.l. (Италия)";"ЗОЭТИС Инк. (США)"
"АПОКВЕЛ (APOQUEL) 16 мг";"ZOETIS Inc. (США)";"PFIZER ITALIA S.r.l. (Италия)";"ЗОЭТИС Инк. (США)"
"ЭНРОКСИЛ® ТАБЛЕТКИ СО ВКУСОМ МЯСА (ENROXIL® TABLETS WITH MEAT FLAVOUR) таб. 15 мг";"KRKA d.d., Novo Mesto (Словения)";"KRKA d.d., Novo Mesto (Словения)";"КРКА, фармацевтический завод, д.д., Ново место АО (Словения)"
"ЭНРОКСИЛ® ТАБЛЕТКИ СО ВКУСОМ МЯСА (ENROXIL® TABLETS WITH MEAT FLAVOUR) таб. 50 мг";"KRKA d.d., Novo Mesto (Словения)";"KRKA d.d., Novo Mesto (Словения)";"КРКА, фармацевтический завод, д.д., Ново место АО (Словения)"
"ЭНРОКСИЛ® ТАБЛЕТКИ СО ВКУСОМ МЯСА (ENROXIL® TABLETS WITH MEAT FLAVOUR) таб. 150 мг";"KRKA d.d., Novo Mesto (Словения)";"KRKA d.d., Novo Mesto (Словения)";"КРКА, фармацевтический завод, д.д., Ново место АО (Словения)"
"ЭкоСайд Адванс (ECOCID ADVANCED)";"KRKA d.d., Novo Mesto (Словения)";"KRKA d.d., Novo Mesto (Словения)";"КРКА, фармацевтический завод, д.д., Ново место АО (Словения)"
"ФЛУБАКТИН® (FLUBACTIN®)";"KRKA d.d., Novo Mesto (Словения)";"KRKA d.d., Novo Mesto (Словения)";"КРКА, фармацевтический завод, д.д., Ново место АО (Словения)"
"ФИПРИСТ® СПРЕЙ (FYPRYST® SPRAY) раствор д/наружного применения";"KRKA d.d., Novo Mesto (Словения)";"KRKA d.d., Novo Mesto (Словения)";"КРКА, фармацевтический завод, д.д., Ново место АО (Словения)"
"ТРИСУЛЬФОН® (TRISULFON®)";"KRKA d.d., Novo Mesto (Словения)";"KRKA d.d., Novo Mesto (Словения)";"КРКА, фармацевтический завод, д.д., Ново место АО (Словения)"
"ТРИСУЛЬФОН® СУСПЕНЗИЯ ДЛЯ ОРАЛЬНОГО ПРИМЕНЕНИЯ (TRISULFON® ORAL SUSPENSION)";"KRKA d.d., Novo Mesto (Словения)";"KRKA d.d., Novo Mesto (Словения)";"КРКА, фармацевтический завод, д.д., Ново место АО (Словения)"
"СОЛВИМИН® СЕЛЕН (SOLVIMIN® SELEN)";"KRKA d.d., Novo Mesto (Словения)";"KRKA d.d., Novo Mesto (Словения)";"КРКА, фармацевтический завод, д.д., Ново место АО (Словения)"
"РИКАРФА® (RYCARFA) раствор д/инъекций";"KRKA d.d., Novo Mesto (Словения)";"KRKA d.d., Novo Mesto (Словения)";"КРКА, фармацевтический завод, д.д., Ново место АО (Словения)"
"МИЛПРАЗОН® ТАБЛЕТКИ ДЛЯ СОБАК (MILPRAZON® TABLETS FOR DOGS) 2.5+25 мг";"KRKA d.d., Novo Mesto (Словения)";"KRKA d.d., Novo Mesto (Словения)";"КРКА, фармацевтический завод, д.д., Ново место АО (Словения)"
"МИЛПРАЗОН® ТАБЛЕТКИ ДЛЯ СОБАК (MILPRAZON® TABLETS FOR DOGS) 12.5+125 мг";"KRKA d.d., Novo Mesto (Словения)";"KRKA d.d., Novo Mesto (Словения)";"КРКА, фармацевтический завод, д.д., Ново место АО (Словения)"
"МИЛПРАЗОН® ТАБЛЕТКИ ДЛЯ КОШЕК (MILPRAZON® TABLETS FOR CATS) 4+10 мг";"KRKA d.d., Novo Mesto (Словения)";"KRKA d.d., Novo Mesto (Словения)";"КРКА, фармацевтический завод, д.д., Ново место АО (Словения)"
"МИЛПРАЗОН® ТАБЛЕТКИ ДЛЯ КОШЕК (MILPRAZON® TABLETS FOR CATS) 16+40 мг";"KRKA d.d., Novo Mesto (Словения)";"KRKA d.d., Novo Mesto (Словения)";"КРКА, фармацевтический завод, д.д., Ново место АО (Словения)"
"КОКЦИСАН 120Г ГРАНУЛЯТ (KOKCISAN 120G GRANULATE)";"KRKA d.d., Novo Mesto (Словения)";"KRKA d.d., Novo Mesto (Словения)";"КРКА, фармацевтический завод, д.д., Ново место АО (Словения)"
"КАЛЬФОСЕТ® (CALFOSET®) раствор д/инъекций";"KRKA d.d., Novo Mesto (Словения)";"KRKA d.d., Novo Mesto (Словения)";"КРКА, фармацевтический завод, д.д., Ново место АО (Словения)"
"ГИРАКСА® (GIRAXA®)";"KRKA d.d., Novo Mesto (Словения)";"KRKA d.d., Novo Mesto (Словения)";"КРКА, фармацевтический завод, д.д., Ново место АО (Словения)"
"ФЛОРОН® 4% (FLORON® 4%)";"KRKA d.d., Novo Mesto (Словения)";"KRKA d.d., Novo Mesto (Словения)";"КРКА, фармацевтический завод, д.д., Ново место АО (Словения)"
"ЭГОЦИН 155 (EGOCIN 155)";"KRKA d.d., Novo Mesto (Словения)";"KRKA d.d., Novo Mesto (Словения)";"КРКА, фармацевтический завод, д.д., Ново место АО (Словения)"
"ЭНРОКСИЛ® 10% РАСТВОР ДЛЯ ИНЪЕКЦИЙ (ENROXIL® 10% SOLUTIO PRO INJECTIONIBUS) раствор д/инъекций";"KRKA d.d., Novo Mesto (Словения)";"KRKA d.d., Novo Mesto (Словения)";"КРКА, фармацевтический завод, д.д., Ново место АО (Словения)"
"ЭНРОКСИЛ® 10% РАСТВОР ДЛЯ ПЕРОРАЛЬНОГО ПРИМЕНЕНИЯ (ENROXIL® 10% SOLUTIO PER USUM ORAL) раствор д/перорального применения";"KRKA d.d., Novo Mesto (Словения)";"KRKA d.d., Novo Mesto (Словения)";"КРКА, фармацевтический завод, д.д., Ново место АО (Словения)"
"ЭНРОКСИЛ® 5% ПОРОШОК (ENROXIL® 5% POWDER)";"KRKA d.d., Novo Mesto (Словения)";"KRKA d.d., Novo Mesto (Словения)";"КРКА, фармацевтический завод, д.д., Ново место АО (Словения)"
"ЭНРОКСИЛ® 5% РАСТВОР ДЛЯ ИНЪЕКЦИЙ (ENROXIL® 5% SOLUTIO PRO INJECTIONIBUS) раствор д/инъекций";"KRKA d.d., Novo Mesto (Словения)";"KRKA d.d., Novo Mesto (Словения)";"КРКА, фармацевтический завод, д.д., Ново место АО (Словения)"
"ФЛОРОН® 30% (FLORON® 30%) раствор д/инъекций";"KRKA d.d., Novo Mesto (Словения)";"KRKA d.d., Novo Mesto (Словения)";"КРКА, фармацевтический завод, д.д., Ново место АО (Словения)"
"ФЛОРОН® 10% (FLORON® 10%)";"KRKA d.d., Novo Mesto (Словения)";"KRKA d.d., Novo Mesto (Словения)";"КРКА, фармацевтический завод, д.д., Ново место АО (Словения)"
"ФЛОРОН® 2% ПОРОШОК (FLORON® 2% POWDER)";"KRKA d.d., Novo Mesto (Словения)";"KRKA d.d., Novo Mesto (Словения)";"КРКА, фармацевтический завод, д.д., Ново место АО (Словения)"
"ЭГОЦИН® 20 ПОРОШОК (EGOCIN® 20 POWDER)";"KRKA d.d., Novo Mesto (Словения)";"KRKA d.d., Novo Mesto (Словения)";"КРКА, фармацевтический завод, д.д., Ново место АО (Словения)"
"ЭГОЦИН® L.A. (EGOCIN® L.A.) раствор д/инъекций";"KRKA d.d., Novo Mesto (Словения)";"KRKA d.d., Novo Mesto (Словения)";"КРКА, фармацевтический завод, д.д., Ново место АО (Словения)"
"ФЛУБАКТИН® 10% (FLUBACTIN® 10%)";"KRKA d.d., Novo Mesto (Словения)";"KRKA d.d., Novo Mesto (Словения)";"КРКА, фармацевтический завод, д.д., Ново место АО (Словения)"
"ФЛИМАБЕНД (FLIMABEND)";"KRKA d.d., Novo Mesto (Словения)";"KRKA d.d., Novo Mesto (Словения)";"КРКА, фармацевтический завод, д.д., Ново место АО (Словения)"
"ФИПРИСТ® СПОТ ОН (FYPRYST® SPOT ON) раствор д/наружного применения";"KRKA d.d., Novo Mesto (Словения)";"KRKA d.d., Novo Mesto (Словения)";"КРКА, фармацевтический завод, д.д., Ново место АО (Словения)"
"ЭНРОКСИЛ® МАКС (ENROXIL® MAX) раствор д/инъекций";"KRKA d.d., Novo Mesto (Словения)";"KRKA d.d., Novo Mesto (Словения)";"КРКА, фармацевтический завод, д.д., Ново место АО (Словения)"
"ГЕНТАМИЦИН ПОРОШОК (GENTAMICIN PULVIS)";"KRKA d.d., Novo Mesto (Словения)";"KRKA d.d., Novo Mesto (Словения)";"КРКА, фармацевтический завод, д.д., Ново место АО (Словения)"
"ТИАВАЛТ® (TYAWALT®)";"KRKA d.d., Novo Mesto (Словения)";"KRKA d.d., Novo Mesto (Словения)";"КРКА, фармацевтический завод, д.д., Ново место АО (Словения)"
"РИКАРФА® ТАБЛЕТКИ СО ВКУСОМ МЯСА (RYCARFA® TABLETS WITH MEAT FLAVOUR) 20 мг";"KRKA d.d., Novo Mesto (Словения)";"KRKA d.d., Novo Mesto (Словения)";"КРКА, фармацевтический завод, д.д., Ново место АО (Словения)"
"РИКАРФА® ТАБЛЕТКИ СО ВКУСОМ МЯСА (RYCARFA® TABLETS WITH MEAT FLAVOUR) 50 мг";"KRKA d.d., Novo Mesto (Словения)";"KRKA d.d., Novo Mesto (Словения)";"КРКА, фармацевтический завод, д.д., Ново место АО (Словения)"
"РИКАРФА® ТАБЛЕТКИ СО ВКУСОМ МЯСА (RYCARFA® TABLETS WITH MEAT FLAVOUR) 100 мг";"KRKA d.d., Novo Mesto (Словения)";"KRKA d.d., Novo Mesto (Словения)";"КРКА, фармацевтический завод, д.д., Ново место АО (Словения)"
"МИЗОКСИН (MISOXIN)";"Eurovet Animal Health BV (Нидерланды)";"Eurovet Animal Health BV (Нидерланды)";"КРКА, фармацевтический завод, д.д., Ново место АО (Словения)"
"МАРФЛОКСИН® 10% РАСТВОР ДЛЯ ИНЪЕКЦИЙ (MARFLOXIN® 10% SOLUTION FOR INJECTION) раствор д/инъекций";"KRKA d.d., Novo Mesto (Словения)";"KRKA d.d., Novo Mesto (Словения)";"КРКА, фармацевтический завод, д.д., Ново место АО (Словения)"
"МАРФЛОКСИН® 2% РАСТВОР ДЛЯ ИНЪЕКЦИЙ (MARFLOXIN® 2% SOLUTION FOR INJECTION) раствор д/инъекций";"KRKA d.d., Novo Mesto (Словения)";"KRKA d.d., Novo Mesto (Словения)";"КРКА, фармацевтический завод, д.д., Ново место АО (Словения)"
"МАРФЛОКСИН® ТАБЛЕТКИ (MARFLOXIN® TABLETS) 5 мг";"KRKA d.d., Novo Mesto (Словения)";"KRKA d.d., Novo Mesto (Словения)";"КРКА, фармацевтический завод, д.д., Ново место АО (Словения)"
"МАРФЛОКСИН® ТАБЛЕТКИ (MARFLOXIN® TABLETS) 20 мг";"KRKA d.d., Novo Mesto (Словения)";"KRKA d.d., Novo Mesto (Словения)";"КРКА, фармацевтический завод, д.д., Ново место АО (Словения)"
"МАРФЛОКСИН® ТАБЛЕТКИ (MARFLOXIN® TABLETS) 80 мг";"KRKA d.d., Novo Mesto (Словения)";"KRKA d.d., Novo Mesto (Словения)";"КРКА, фармацевтический завод, д.д., Ново место АО (Словения)"
"АМАТИБ 80% ВОДОРАСТВОРИМЫЙ ПОРОШОК (AMATIB 80% WATER SOLUBLE POWDER)";"KRKA d.d., Novo Mesto (Словения)";"FRIULCHEM S.p.A. (Италия)";"КРКА, фармацевтический завод, д.д., Ново место АО (Словения)"
"ДЕХИНЕЛ® ПЛЮС (DEHINEL® PLUS)";"KRKA d.d., Novo Mesto (Словения)";"KRKA d.d., Novo Mesto (Словения)";"КРКА, фармацевтический завод, д.д., Ново место АО (Словения)"
"ДЕХИНЕЛ® ПЛЮС ТАБЛЕТКИ СО ВКУСОМ МЯСА (DEHINEL® PLUS TABLETS WITH MEAT FLAVOUR)";"KRKA d.d., Novo Mesto (Словения)";"KRKA d.d., Novo Mesto (Словения)";"КРКА, фармацевтический завод, д.д., Ново место АО (Словения)"
"ТОЛТАРОКС® (TOLTAROX®)";"KRKA d.d., Novo Mesto (Словения)";"KRKA d.d., Novo Mesto (Словения)";"КРКА, фармацевтический завод, д.д., Ново место АО (Словения)"
"ЛАВЕТА СУПЕР ДЛЯ СОБАК (LAVETA SUPER FOR DOG) жидкость";"Beaphar Eastern Europe s.r.o. (Чешская Республика)";"Beaphar B.V. (Нидерланды)";"БИФОР ПЛЮС ООО (Россия)"
"ЭКОЦИД С (ECOCID S)";"KRKA d.d., Novo Mesto (Словения)";"KRKA d.d., Novo Mesto (Словения)";"КРКА, фармацевтический завод, д.д., Ново место АО (Словения)"
"ЭКОЦИД (ECOCID)";"KRKA d.d., Novo Mesto (Словения)";"KRKA d.d., Novo Mesto (Словения)";"КРКА, фармацевтический завод, д.д., Ново место АО (Словения)"
"КАПЛИ VERMICON LINE-ON-IMMOSHIELD ОТ ПАРАЗИТОВ (ANTIPARASITIC DROPS VERMICON LINE-ON-IMMOSHIELD) капли";"Beaphar Eastern Europe s.r.o. (Чешская Республика)";"BEAPHAR B.V. (Нидерланды)";"БИФОР ПЛЮС ООО (Россия)"
"ЛАКТИС ЗОО (LACTIS ZOO) жидкость";"B&S Corporation Co. Ltd. (Япония)";"B&S Corporation Co. Ltd. (Япония)";"Би энд Эс Корпорейшн Ко. Лтд. (Япония)"
"ВОЛЬВАК® AE+FP MLV (VOLVAC® AE+FP MLV) лиофилизат д/пригот. р-ра д/инъекций";"BOEHRINGER INGELHEIM VETMEDICA GmbH (Германия)";"BOEHRINGER INGELHEIM VETMEDICA, S.A. de C.V. (Мексика)";"БЕРИНГЕР ИНГЕЛЬХАЙМ ООО (Россия)"
"ЭНТЕРИЗОЛ® ИЛЕИТИС (ENTERISOL® ILEITIS)";"BOEHRINGER INGELHEIM VETMEDICA GmbH (Германия)";"BOEHRINGER INGELHEIM VETMEDICA, Inc. (США)";"БЕРИНГЕР ИНГЕЛЬХАЙМ ООО (Россия)"
"ВЕТМЕДИН® капсулы (VETMEDIN® capsules) капсулы 1.25 мг";"BOEHRINGER INGELHEIM VETMEDICA GmbH (Германия)";"KLOCKE PHARMA-SERVICE GmbH (Германия)";"БЕРИНГЕР ИНГЕЛЬХАЙМ ООО (Россия)"
"ВЕТМЕДИН® капсулы (VETMEDIN® capsules) капсулы 2.5 мг";"BOEHRINGER INGELHEIM VETMEDICA GmbH (Германия)";"KLOCKE PHARMA-SERVICE GmbH (Германия)";"БЕРИНГЕР ИНГЕЛЬХАЙМ ООО (Россия)"
"ВЕТМЕДИН® капсулы (VETMEDIN® capsules) капсулы 5 мг";"BOEHRINGER INGELHEIM VETMEDICA GmbH (Германия)";"KLOCKE PHARMA-SERVICE GmbH (Германия)";"БЕРИНГЕР ИНГЕЛЬХАЙМ ООО (Россия)"
"ВЕТМЕДИН® капсулы (VETMEDIN® capsules) капсулы 10 мг";"BOEHRINGER INGELHEIM VETMEDICA GmbH (Германия)";"KLOCKE PHARMA-SERVICE GmbH (Германия)";"БЕРИНГЕР ИНГЕЛЬХАЙМ ООО (Россия)"
"ВЕТМЕДИН® (VETMEDIN®) 1.25 мг";"BOEHRINGER INGELHEIM VETMEDICA GmbH (Германия)";"BOEHRINGER INGELHEIM PROMECO, S.A. de C.V. (Мексика)";"БЕРИНГЕР ИНГЕЛЬХАЙМ ООО (Россия)"
"ВЕТМЕДИН® (VETMEDIN®) 2.5 мг";"BOEHRINGER INGELHEIM VETMEDICA GmbH (Германия)";"BOEHRINGER INGELHEIM PROMECO, S.A. de C.V. (Мексика)";"БЕРИНГЕР ИНГЕЛЬХАЙМ ООО (Россия)"
"ВЕТМЕДИН® (VETMEDIN®) 5 мг";"BOEHRINGER INGELHEIM VETMEDICA GmbH (Германия)";"BOEHRINGER INGELHEIM PROMECO, S.A. de C.V. (Мексика)";"БЕРИНГЕР ИНГЕЛЬХАЙМ ООО (Россия)"
"ХЕЛАВИТ С (HELAVIT C) раствор";"ЮПИТЕР ООО (Россия)";"ЮПИТЕР ООО (Россия)";"ЮПИТЕР ООО (Россия)"
"ХЕЛАВИТ РАСТВОР ДЛЯ ИНЪЕКЦИЙ (HELAVITUM SOLUTION PRO INJECTIONIBUS) раствор д/инъекций";"ЮПИТЕР ООО (Россия)";"ЮПИТЕР ООО (Россия)";"ЮПИТЕР ООО (Россия)"
"ХЕЛАВИТ В (HELAVIT B) раствор";"ЮПИТЕР ООО (Россия)";"ЮПИТЕР ООО (Россия)";"ЮПИТЕР ООО (Россия)"
"ХЕЛАВИТ А (HELAVIT A) раствор";"ЮПИТЕР ООО (Россия)";"ЮПИТЕР ООО (Россия)";"ЮПИТЕР ООО (Россия)"
"БЕАФАР ОШЕЙНИК ИНСЕКТОАКАРИЦИДНЫЙ ДЛЯ КОШЕК (BEAPHAR FLEA & TICK COLLAR FOR CAT)";"BEAPHAR B.V. (Нидерланды)";"BEAPHAR B.V. (Нидерланды)";"БИФОР ПЛЮС ООО (Россия)"
"БЕАФАР ОШЕЙНИК ИНСЕКТОАКАРИЦИДНЫЙ ДЛЯ СОБАК (BEAPHAR FLEA & TICK COLLAR FOR DOG)";"BEAPHAR B.V. (Нидерланды)";"BEAPHAR B.V. (Нидерланды)";"БИФОР ПЛЮС ООО (Россия)"
"БЕАФАР ОШЕЙНИК ИНСЕКТОАКАРИЦИДНЫЙ ДЛЯ СОБАК И КОШЕК С.О.С. (BEAPHAR FLEA & TICK COLLAR FOR DOG AND CAT S.O.S.)";"BEAPHAR B.V. (Нидерланды)";"BEAPHAR B.V. (Нидерланды)";"БИФОР ПЛЮС ООО (Россия)"
"ЭНРОМАГ® (ENROMAG) раствор д/инъекций 50 мг";"МОСАГРОГЕН ЗАО (Россия)";"МОСАГРОГЕН ЗАО (Россия)";"МОСАГРОГЕН ЗАО (Россия)"
"ЭНРОМАГ® (ENROMAG) раствор д/инъекций 100 мг";"МОСАГРОГЕН ЗАО (Россия)";"МОСАГРОГЕН ЗАО (Россия)";"МОСАГРОГЕН ЗАО (Россия)"
"ЭНДОМЕТРАМАГ-БИО® (ENDOMETRAMAG-BIO)";"МОСАГРОГЕН ЗАО (Россия)";"МОСАГРОГЕН ЗАО (Россия)";"МОСАГРОГЕН ЗАО (Россия)"
"ЦИПРОМАГ®-О (CIPROMAG-O)";"МОСАГРОГЕН ЗАО (Россия)";"МОСАГРОГЕН ЗАО (Россия)";"МОСАГРОГЕН ЗАО (Россия)"
"ЦЕФТИМАГ® (CEFTIMAG) сусп. д/инъекций";"МОСАГРОГЕН ЗАО (Россия)";"МОСАГРОГЕН ЗАО (Россия)";"МОСАГРОГЕН ЗАО (Россия)"
"ФОЛЛИМАГ® (FOLLIMAG) лиофилизат д/пригот. р-ра д/инъекций 500";"МОСАГРОГЕН ЗАО (Россия)";"МОСАГРОГЕН ЗАО (Россия)";"МОСАГРОГЕН ЗАО (Россия)"
"ФОЛЛИМАГ® (FOLLIMAG) лиофилизат д/пригот. р-ра д/инъекций 1000";"МОСАГРОГЕН ЗАО (Россия)";"МОСАГРОГЕН ЗАО (Россия)";"МОСАГРОГЕН ЗАО (Россия)"
"СУПРИМИЦИН® (SUPRIMYCIN) раствор д/инъекций";"МОСАГРОГЕН ЗАО (Россия)";"МОСАГРОГЕН ЗАО (Россия)";"МОСАГРОГЕН ЗАО (Россия)"
"ПНЕВМОСТОП® (PNEUMOSTOP) раствор д/инъекций";"МОСАГРОГЕН ЗАО (Россия)";"МОСАГРОГЕН ЗАО (Россия)";"МОСАГРОГЕН ЗАО (Россия)"
"ПИГУЛИН® (PIGULIN®) 1 доза";"МОСАГРОГЕН ЗАО (Россия)";"МОСАГРОГЕН ЗАО (Россия)";"МОСАГРОГЕН ЗАО (Россия)"
"ПИГУЛИН® (PIGULIN®) 5 доз";"МОСАГРОГЕН ЗАО (Россия)";"МОСАГРОГЕН ЗАО (Россия)";"МОСАГРОГЕН ЗАО (Россия)"
"МИКСОФЕРОН® РАСТВОР ДЛЯ ИНЪЕКЦИЙ (MIXOFERON® SOLUTIO PRO INJECTIONIBUS) раствор д/инъекций 5 доз";"МОСАГРОГЕН ЗАО (Россия)";"МОСАГРОГЕН ЗАО (Россия)";"МОСАГРОГЕН ЗАО (Россия)"
"МИКСОФЕРОН® РАСТВОР ДЛЯ ИНЪЕКЦИЙ (MIXOFERON® SOLUTIO PRO INJECTIONIBUS) раствор д/инъекций 10 доз";"МОСАГРОГЕН ЗАО (Россия)";"МОСАГРОГЕН ЗАО (Россия)";"МОСАГРОГЕН ЗАО (Россия)"
"МЕТРАМАГ® (METRAMAG) раствор д/инъекций";"МОСАГРОГЕН ЗАО (Россия)";"МОСАГРОГЕН ЗАО (Россия)";"МОСАГРОГЕН ЗАО (Россия)"
"МАГЭСТРОФАН® (MAGESTROFAN) раствор д/инъекций";"МОСАГРОГЕН ЗАО (Россия)";"МОСАГРОГЕН ЗАО (Россия)";"МОСАГРОГЕН ЗАО (Россия)"
"МАГКОЛИСТИН® (MAGCOLISTIN) раствор д/перорального применения";"МОСАГРОГЕН ЗАО (Россия)";"МОСАГРОГЕН ЗАО (Россия)";"МОСАГРОГЕН ЗАО (Россия)"
"КОМУЛИН (COMULIN) раствор д/инъекций";"МОСАГРОГЕН ЗАО (Россия)";"МОСАГРОГЕН ЗАО (Россия)";"МОСАГРОГЕН ЗАО (Россия)"
"ДОКСИМАГ®-О (DOXYMAG-O)";"МОСАГРОГЕН ЗАО (Россия)";"МОСАГРОГЕН ЗАО (Россия)";"МОСАГРОГЕН ЗАО (Россия)"
"БРОМКОЛИН®-О (BROMCOLIN-O) раствор д/перорального применения";"МОСАГРОГЕН ЗАО (Россия)";"МОСАГРОГЕН ЗАО (Россия)";"МОСАГРОГЕН ЗАО (Россия)"
"БАКТИМАГ-О® (BACTIMAG-O) раствор д/перорального применения";"МОСАГРОГЕН ЗАО (Россия)";"МОСАГРОГЕН ЗАО (Россия)";"МОСАГРОГЕН ЗАО (Россия)"
"АЦИЛОМАГ® (ACILOMAG) сусп. д/инъекций";"МОСАГРОГЕН ЗАО (Россия)";"МОСАГРОГЕН ЗАО (Россия)";"МОСАГРОГЕН ЗАО (Россия)"
"АМОКСИМАГ® (AMOXIMAG) сусп. д/инъекций";"МОСАГРОГЕН ЗАО (Россия)";"МОСАГРОГЕН ЗАО (Россия)";"МОСАГРОГЕН ЗАО (Россия)"
"АРГУМИСТИН® (ARGUMISTIN®) раствор д/приема внутрь и местного применения 0.001%";"НАНОБИОТЕХ ООО (Россия)";"ЭКОХИМТЕХ ООО (Россия)";"АЛВИТА ООО (Россия)"
"АРГУМИСТИН® (ARGUMISTIN®) раствор д/приема внутрь и местного применения 0.005%";"НАНОБИОТЕХ ООО (Россия)";"ЭКОХИМТЕХ ООО (Россия)";"АЛВИТА ООО (Россия)"
"ЭЛЬВИТА-УДИВИТ (ALVITA-UDIVIT)";"АЛВИТА ООО (Россия)";"ЭКОХИМТЕХ ООО (Россия)";"АЛВИТА ООО (Россия)"
"СОМАТИК-ЭКСПЕРТ (SOMATIC-EXPERT)";"НПЦ БелАгроГен ООО (Республика Беларусь)";"НПЦ БелАгроГен ООО (Республика Беларусь)";"НПЦ БелАгроГен ООО (Республика Беларусь)"
"ЦИФЛОН (CIFLON) раствор д/наружного применения";"НПЦ БелАгроГен ООО (Республика Беларусь)";"НПЦ БелАгроГен ООО (Республика Беларусь)";"НПЦ БелАгроГен ООО (Республика Беларусь)"
"ФЛУКСИРОЛ (FLUXIROL) раствор д/инъекций";"НПЦ БелАгроГен ООО (Республика Беларусь)";"НПЦ БелАгроГен ООО (Республика Беларусь)";"НПЦ БелАгроГен ООО (Республика Беларусь)"
"ТЕТРАВИТФЕРОН-Б (TETRAVITFERON-B) раствор д/инъекций";"НПЦ БелАгроГен ООО (Республика Беларусь)";"НПЦ БелАгроГен ООО (Республика Беларусь)";"НПЦ БелАгроГен ООО (Республика Беларусь)"
"УТЕРОФУР (UTEROFUR) сусп. д/инъекций";"НПЦ БелАгроГен ООО (Республика Беларусь)";"НПЦ БелАгроГен ООО (Республика Беларусь)";"НПЦ БелАгроГен ООО (Республика Беларусь)"
"РЕЦЕФУР (RECEFUR) сусп. д/инъекций";"НПЦ БелАгроГен ООО (Республика Беларусь)";"НПЦ БелАгроГен ООО (Республика Беларусь)";"НПЦ БелАгроГен ООО (Республика Беларусь)"
"ПЕНОЦЕФУР (PENOCEFUR)";"НПЦ БелАгроГен ООО (Республика Беларусь)";"НПЦ БелАгроГен ООО (Республика Беларусь)";"НПЦ БелАгроГен ООО (Республика Беларусь)"
"ИНТЕРФЕРОН СВИНОЙ РЕКОМБИНАНТНЫЙ (RECOMBINANT PORCINE INTERFERON) раствор д/инъекций";"НПЦ БелАгроГен ООО (Республика Беларусь)";"НПЦ БелАгроГен ООО (Республика Беларусь)";"НПЦ БелАгроГен ООО (Республика Беларусь)"
"ИНТЕРФЕРОН БЫЧИЙ РЕКОМБИНАНТНЫЙ (RECOMBINANT BOVINE INTERFERON) раствор д/инъекций";"НПЦ БелАгроГен ООО (Республика Беларусь)";"НПЦ БелАгроГен ООО (Республика Беларусь)";"НПЦ БелАгроГен ООО (Республика Беларусь)"
"ДЕКТОМЕКТИН (DECTOMECTIN) раствор д/инъекций";"НПЦ БелАгроГен ООО (Республика Беларусь)";"НПЦ БелАгроГен ООО (Республика Беларусь)";"НПЦ БелАгроГен ООО (Республика Беларусь)"
"ФЕЛИФЕРОН® РАСТВОР ДЛЯ ИНЪЕКЦИЙ (SOLUTIO FELIFERONI PRO INJECTIONIBUS) раствор д/инъекций";"НТЦ БиоИнвест ООО (Россия)";"НТЦ БиоИнвест ООО (Россия)";"НТЦ БиоИнвест ООО (Россия)"
"БЕЛКОХЕЛП (BELKOHELP) порошок: , 0.01 %, 0.1 %, 0.17 %, 0.3 %";"БЕЛКОМ ООО (Россия)";"БЕЛКОМ ООО (Россия)";"БЕЛКОМ ООО (Россия)"
"БЕЛКОХЕЛП (BELKOHELP) порошок: 0.01 %, 0.1 %, 0.17 %, 93.5 %";"БЕЛКОМ ООО (Россия)";"БЕЛКОМ ООО (Россия)";"БЕЛКОМ ООО (Россия)"
"8 В 1 ЭКСЕЛЬ ДЕТЕР (8 IN 1 EXCEL DETER) таб.";"TETRA GmbH (Германия)";"8 in 1 Pet Products GmbH (Германия)";"8 in 1 Pet Products GmbH (Германия)"
"МЕТАКАМ® (METACAM®) раствор д/инъекций";"BOEHRINGER INGELHEIM VETMEDICA GmbH (Германия)";"LABIANA LIFE SCIENCES S.A. (Испания)";"БЕРИНГЕР ИНГЕЛЬХАЙМ ООО (Россия)"
"КУСТОВАК® D (CUSTOVAC® D)";"BOEHRINGER INGELHEIM VETMEDICA GmbH (Германия)";"BOEHRINGER INGELHEIM VETMEDICA, S.A. de C.V. (Мексика)";"БЕРИНГЕР ИНГЕЛЬХАЙМ ООО (Россия)"
"ИНГЕЛЬВАК® АУЕСКИ MLV (INGELVAC® AUJESZKY MLV)";"BOEHRINGER INGELHEIM VETMEDICA GmbH (Германия)";"BOEHRINGER INGELHEIM VETMEDICA, Inc. (США)";"БЕРИНГЕР ИНГЕЛЬХАЙМ ООО (Россия)"
"ИНГЕЛЬВАК® HP-1 (INGELVAC® HP-1)";"BOEHRINGER INGELHEIM VETMEDICA GmbH (Германия)";"BOEHRINGER INGELHEIM VETMEDICA, Inc. (США)";"БЕРИНГЕР ИНГЕЛЬХАЙМ ООО (Россия)"
"ИНГЕЛЬВАК® APPX (INGELVAC® APPX)";"BOEHRINGER INGELHEIM VETMEDICA GmbH (Германия)";"BOEHRINGER INGELHEIM VETMEDICA, S.A. de C.V. (Мексика)";"БЕРИНГЕР ИНГЕЛЬХАЙМ ООО (Россия)"
"ИНГЕЛЬВАК ЦиркоФЛЕКС® (INGELVAC CircoFLEX®)";"BOEHRINGER INGELHEIM VETMEDICA GmbH (Германия)";"BOEHRINGER INGELHEIM VETMEDICA, Inc. (США)";"БЕРИНГЕР ИНГЕЛЬХАЙМ ООО (Россия)"
"ИНГЕЛЬВАК МикоФЛЕКС® (INGELVAC MycoFLEX®)";"BOEHRINGER INGELHEIM VETMEDICA GmbH (Германия)";"BOEHRINGER INGELHEIM VETMEDICA, Inc. (США)";"БЕРИНГЕР ИНГЕЛЬХАЙМ ООО (Россия)"
"ВОЛЬВАК® АС Плюс+ND+IB+EDS KV (VOLVAC® AC Plus+ND+IB+EDS KV)";"BOEHRINGER INGELHEIM VETMEDICA GmbH (Германия)";"BOEHRINGER INGELHEIM VETMEDICA, S.A. de C.V. (Мексика)";"БЕРИНГЕР ИНГЕЛЬХАЙМ ООО (Россия)"
"ВОЛЬВАК® АС Плюс (VOLVAC® AC Plus)";"BOEHRINGER INGELHEIM VETMEDICA GmbH (Германия)";"BOEHRINGER INGELHEIM VETMEDICA, S.A. de C.V. (Мексика)";"БЕРИНГЕР ИНГЕЛЬХАЙМ ООО (Россия)"
"ВОЛЬВАК® ND+IB+EDS KV (VOLVAC® ND+IB+EDS KV)";"BOEHRINGER INGELHEIM VETMEDICA GmbH (Германия)";"BOEHRINGER INGELHEIM VETMEDICA, S.A. de C.V. (Мексика)";"БЕРИНГЕР ИНГЕЛЬХАЙМ ООО (Россия)"
"ВОЛЬВАК® ND LaSota MLV (VOLVAC® ND LaSota MLV)";"BOEHRINGER INGELHEIM VETMEDICA GmbH (Германия)";"BOEHRINGER INGELHEIM VETMEDICA, S.A. de C.V. (Мексика)";"БЕРИНГЕР ИНГЕЛЬХАЙМ ООО (Россия)"
"ВОЛЬВАК® ND Conc. KV (VOLVAC® ND Conc. KV)";"BOEHRINGER INGELHEIM VETMEDICA GmbH (Германия)";"BOEHRINGER INGELHEIM VETMEDICA, S.A. de C.V. (Мексика)";"БЕРИНГЕР ИНГЕЛЬХАЙМ ООО (Россия)"
"ВОЛЬВАК® IBD MLV (VOLVAC® IBD MLV)";"BOEHRINGER INGELHEIM VETMEDICA GmbH (Германия)";"BOEHRINGER INGELHEIM VETMEDICA, S.A. de C.V. (Мексика)";"БЕРИНГЕР ИНГЕЛЬХАЙМ ООО (Россия)"
"ВОЛЬВАК® IB Mass MLV (VOLVAC® IB Mass MLV)";"BOEHRINGER INGELHEIM VETMEDICA GmbH (Германия)";"BOEHRINGER INGELHEIM VETMEDICA, S.A. de C.V. (Мексика)";"БЕРИНГЕР ИНГЕЛЬХАЙМ ООО (Россия)"
"8 В 1 ЭКСЕЛЬ ПИВНЫЕ ДРОЖЖИ (8 IN 1® EXCEL® BREWER'S YEAST) таб. 0.4 мг";"TETRA GmbH (Германия)";"8 in 1 Pet Products GmbH (Германия)";"8 in 1 Pet Products GmbH (Германия)"
"8 В 1 ЭКСЕЛЬ ПИВНЫЕ ДРОЖЖИ (8 IN 1® EXCEL® BREWER'S YEAST) таб. 2.1 мг";"TETRA GmbH (Германия)";"8 in 1 Pet Products GmbH (Германия)";"8 in 1 Pet Products GmbH (Германия)"
"8 В 1 ЭКСЕЛЬ МУЛЬТИВИТАМИНЫ ДЛЯ СОБАК МЕЛКИХ ПОРОД (8 IN 1® EXCEL® MULTI VITAMIN - SMALL BREED) таб.";"TETRA GmbH (Германия)";"8 in 1 Pet Products GmbH (Германия)";"8 in 1 Pet Products GmbH (Германия)"
"8 В 1 ЭКСЕЛЬ МОБАЙЛ ФЛЕКС ПЛЮС (8 IN 1® EXCEL® MOBILE FLEX(+))";"TETRA GmbH (Германия)";"8 in 1 Pet Products GmbH (Германия)";"8 in 1 Pet Products GmbH (Германия)"
"8 В 1 ЭКСЕЛЬ КАЛЬЦИЙ (8 IN 1® EXCEL® CALCIUM) таб.";"TETRA GmbH (Германия)";"8 in 1 Pet Products GmbH (Германия)";"8 in 1 Pet Products GmbH (Германия)"
"8 В 1 ЭКСЕЛЬ ГЛЮКОЗАМИН+МСМ (8 IN 1 EXCEL GLUCOSAMINE+MSM) таб.";"TETRA GmbH (Германия)";"8 in 1 Pet Products GmbH (Германия)";"8 in 1 Pet Products GmbH (Германия)"
"8 В 1 ЭКСЕЛЬ ГЛЮКОЗАМИН (8 IN 1 EXCEL GLUCOSAMINE) таб.";"TETRA GmbH (Германия)";"8 in 1 Pet Products GmbH (Германия)";"8 in 1 Pet Products GmbH (Германия)"
"БИОСЕПТИН (BIOSEPTIN)";"ООО НПФ ""Исследовательский центр"" (Россия)";"ООО НПФ ""Исследовательский центр"" (Россия)";"НПФ ""Исследовательский центр"" ООО (Россия)"
"ВЕТОМ 4 (VETOM 4)";"ООО НПФ ""Исследовательский центр"" (Россия)";"ООО НПФ ""Исследовательский центр"" (Россия)";"НПФ ""Исследовательский центр"" ООО (Россия)"
"ВЕТОМ 3 (VETOM 3)";"ООО НПФ ""Исследовательский центр"" (Россия)";"ООО НПФ ""Исследовательский центр"" (Россия)";"НПФ ""Исследовательский центр"" ООО (Россия)"
"ВЕТОМ 2 (VETOM 2)";"ООО НПФ ""Исследовательский центр"" (Россия)";"ООО НПФ ""Исследовательский центр"" (Россия)";"НПФ ""Исследовательский центр"" ООО (Россия)"
"ВЕТОМ 1.1 (VETOM 1.1)";"ООО НПФ ""Исследовательский центр"" (Россия)";"ООО НПФ ""Исследовательский центр"" (Россия)";"НПФ ""Исследовательский центр"" ООО (Россия)"
"ГЛИКОПИН® (GLIKOPIN®) таб.";"ПЕПТЕК АО (Россия)";"ПЕПТЕК АО (Россия)";"ПЕПТЕК АО (Россия)"
"ФОРВЕТ® (FORVET) раствор д/инъекций";"Национальная Исследовательская Компания (Россия)";"НВЦ Агроветзащита С-П (Россия)";"Национальная исследовательская компания ООО (Россия)"
"АСД фракция 2 (ASD fraction 2)";"АРМАВИРСКАЯ БИОФАБРИКА ФКП (Россия)";"АРМАВИРСКАЯ БИОФАБРИКА ФКП (Россия)";"Торговый Дом Гудмэн ООО (Россия)"
"ВЕЛЕС 6.59 (VELES 6.59)";"ООО НПФ ""Исследовательский центр"" (Россия)";"ООО НПФ ""Исследовательский центр"" (Россия)";"НПФ ""Исследовательский центр"" ООО (Россия)"
"ФОРТЕКОР® ТАБЛЕТКИ (FORTEKOR® TABLETS) таб. 5 мг";"ЭЛАНКО РУС ООО (Россия)";"ELANCO FRANCE SAS (Франция)";"ЭЛАНКО РУС ООО (Россия)"
"ФОРТЕКОР® ТАБЛЕТКИ (FORTEKOR® TABLETS) таб. 20 мг";"ЭЛАНКО РУС ООО (Россия)";"ELANCO FRANCE SAS (Франция)";"ЭЛАНКО РУС ООО (Россия)"
"ПРАК-ТИК® (PRAC-TIC®) раствор д/наружного применения";"ЭЛАНКО РУС ООО (Россия)";"DOTTIKON EXCLUSIVE SYNTHESIS AG (Швейцария)";"ЭЛАНКО РУС ООО (Россия)"
"ИММУНОФАН® (IMMUNOFAN) раствор д/инъекций";"НПП БИОНОКС ООО (Россия)";"НПП БИОНОКС ООО (Россия)";"БИОНОКС НПП ООО (Россия)"
"ТИЛОЗИН (TILOZIN) раствор д/инъекций 50 мг";"НИТА-ФАРМ ООО (Россия)";"НИТА-ФАРМ ООО (Россия)";"НИТА-ФАРМ ООО (Россия)"
"ТИЛОЗИН (TILOZIN) раствор д/инъекций 200 мг";"НИТА-ФАРМ ООО (Россия)";"НИТА-ФАРМ ООО (Россия)";"НИТА-ФАРМ ООО (Россия)"
"ДОКСИЛОКС® (DOXYLOX) раствор д/инъекций";"НИТА-ФАРМ ООО (Россия)";"НИТА-ФАРМ ООО (Россия)";"НИТА-ФАРМ ООО (Россия)"
"БУРСИН ПЛЮС (BURSINE PLUS)";"ZOETIS Inc. (США)";"ZOETIS Inc. (США)";"ЗОЭТИС Инк. (США)"
"ПУЛВАК IB ПРАЙМЕР (POULVAC IB PRIMER)";"ZOETIS Inc. (США)";"ZOETIS MANUFACTURING & RESEARCH SPAIN S.L. (Испания)";"ЗОЭТИС Инк. (США)"
"СУВАКЦИН MH-ОДИН (SUVAXYN MH-ONE) сусп. д/инъекций";"ZOETIS Inc. (США)";"ZOETIS MANUFACTURING & RESEARCH SPAIN S.L. (Испания)";"ЗОЭТИС Инк. (США)"
"ИМПРОВАК (IMPROVAC) раствор д/инъекций";"ZOETIS Inc. (США)";"ZOETIS BELGIUM S.A. (Бельгия)";"ЗОЭТИС Инк. (США)"
"АВАТЕК 150G (AVATEC 150G)";"ZOETIS Inc. (США)";"ZOETIS MEDOLLA MANUFACTURING S.R.L. (Италия)";"ЗОЭТИС Инк. (США)"
"НАКСЕЛ (NAXCEL) сусп. д/инъекций";"ZOETIS Inc. (США)";"ZOETIS P&U LCC (США)";"ЗОЭТИС Инк. (США)"
"ДРАКСИН (DRAXXIN) раствор д/инъекций: 100 мг";"ZOETIS Inc. (США)";"FAREVA AMBOISE (Франция)";"ЗОЭТИС Инк. (США)"
"МЕКСИДОЛ-ВЕТ® (MEXIDOL-VET) таб. 50 мг";"ФАРМАСОФТ НПК ООО (Россия)";"таблетки ЗиО-Здоровье ЗАО (Россия)";"ВЕКТОРФАРМ ООО (Россия)"
"МЕКСИДОЛ-ВЕТ® (MEXIDOL-VET) таб. 125 мг";"ФАРМАСОФТ НПК ООО (Россия)";"таблетки ЗиО-Здоровье ЗАО (Россия)";"ВЕКТОРФАРМ ООО (Россия)"
"МЕКСИДОЛ-ВЕТ® (MEXIDOL-VET) раствор д/инъекций 25 мг";"ФАРМАСОФТ НПК ООО (Россия)";"таблетки ЗиО-Здоровье ЗАО (Россия)";"ВЕКТОРФАРМ ООО (Россия)"
"МЕКСИДОЛ-ВЕТ® (MEXIDOL-VET) раствор д/инъекций 50 мг";"ФАРМАСОФТ НПК ООО (Россия)";"таблетки ЗиО-Здоровье ЗАО (Россия)";"ВЕКТОРФАРМ ООО (Россия)"
"ФОСПРЕНИЛ (PHOSPRENYL)";"МИКРО-ПЛЮС ЗАО (Россия)";"ГАМАВЕТФАРМ ООО (Россия)";"МИКРО-ПЛЮС ЗАО (Россия)"
"ГАМАВИТ (GAMAVIT)";"МИКРО-ПЛЮС ЗАО (Россия)";"ГАМАВЕТФАРМ ООО (Россия)";"МИКРО-ПЛЮС ЗАО (Россия)"
"ГАМАПРЕН (GAMAPREN)";"ГАМАВЕТФАРМ ООО (Россия)";"ГАМАВЕТФАРМ ООО (Россия)";"ГАМАВЕТФАРМ ООО (Россия)"
