"МАКСИДИН 0,4 (MAXIDIN 0,4) раствор д/инъекций";"Раствор для инъекций"
"МАКСИДИН 0,15 (MAXIDIN 0,15)";"Капли глазные и интраназальные"
"АУРИЗОН (AURIZON®) суспензия";"Суспензия для аурикулярного применения"
"ЛЕКСОФЛОН® (LEXOFLON) раствор д/инъекций";"Раствор для инъекций"
"СИЛЕО® (SILEO®)";"Гель для введения через слизистую оболочку ротовой полости"
"АНТИСЕДАН® (ANTISEDAN®) раствор д/инъекций";"Раствор для инъекций"
"ДЕКСДОМИТОР® (DEXDOMITOR) раствор д/инъекций 0.1 мг";"Раствор для инъекций"
"ДЕКСДОМИТОР® (DEXDOMITOR) раствор д/инъекций 0.5 мг";"Раствор для инъекций"
"МЕТРИЦЕФ (METRICEFUM) суспензия";"Суспензия для внутриматочного введения"
"ЭРИПРИМ БТ (ERIPRIMUM BT)";"Порошок для орального применения"
"ТРАКСОВЕТ 100 (TRAXOVETUM 100) раствор д/инъекций";"Раствор для инъекций"
"МАСТИМАКС (MASTIMAX)";"Суспензия для интрацистернального введения"
"МАСТИЗИМ (MASTIZINUM)";"Суспензия для интрацистернального введения"
"БЕНСТРЕП (BENSTREP) сусп. д/инъекций";"Суспензия для инъекций"
"ИНФЛАРЕТ (INFLARETUM) раствор д/инъекций";"Раствор для инъекций"
"ЛИНКОСПЕКТ 150 (LINCOSPECTUM 150) раствор д/инъекций";"Раствор для инъекций"
"МУЛЬТИВЕТ (MULTIVET) раствор д/инъекций";"Раствор для инъекций"
"ОФЛОСТИН (OFLOSTINUM)";"Раствор для орального применения"
"КЕНОСЕПТ-Г (KENOSEPT-G)";"Средство дезинфицирующее"
"ТОРНАКС-С (TORNAX-S)";"Средство чистящее"
"ЭКО-ДЕЗ (ECO-DES)";"Средство дезинфицирующее"
"ВИРОЦИД (VIROCID)";"Средство дезинфицирующее"
"МИЛЬБЕМАКС® (MILBEMAX®) для кошек 4+10 мг";"Таблетки для перорального применения"
"МИЛЬБЕМАКС® (MILBEMAX®) для кошек 16+40 мг";"Таблетки для перорального применения"
"МИЛЬБЕМАКС® (MILBEMAX®) для собак 2.5+25 мг";"Таблетки для перорального применения"
"МИЛЬБЕМАКС® (MILBEMAX®) для собак 12.5+125 мг";"Таблетки для перорального применения"
"АТОПИКА® (ATOPICA®) капсулы 10 мг";"Капсулы для перорального применения"
"АТОПИКА® (ATOPICA®) капсулы 25 мг";"Капсулы для перорального применения"
"АТОПИКА® (ATOPICA®) капсулы 50 мг";"Капсулы для перорального применения"
"АТОПИКА® (ATOPICA®) капсулы 100 мг";"Капсулы для перорального применения"
"ФИПРИСТ® КОМБО (FYPRYST® COMBO) раствор д/наружного применения: 90 мг, 100 мг";"Раствор для наружного применения"
"ИВЕРМЕК OR (IVERMEK OR)";"Раствор для орального применения"
"ЛЕКСОФЛОН® OR (LEXOFLON® OR)";"Раствор для орального применения"
"ЦИФЛУНИТ® ФЛОК (CYFLUNIT FLOCK) раствор д/наружного применения";"Раствор для наружного применения"
"РИКАЗОЛ® (RICAZOL) раствор д/инъекций";"Раствор для инъекций"
"ЦЕФТОНИТ® ФОРТЕ (CEFTONIT FORTE) сусп. д/инъекций";"Суспензия для инъекций"
"НИТОКС® ФОРТЕ (NITOX® FORTE) раствор д/инъекций";"Раствор для инъекций"
"МЕРАДОК (MERADOK) раствор д/инъекций";"Раствор для инъекций"
"ФИПРИСТ® КОМБО (FYPRYST® COMBO) раствор д/наружного применения: 100 мг, 120 мг";"Раствор для наружного применения"
"ОТИФРИ (OTIFREE)";"Гигиенический лосьон для обработки ушей."
"ЭНРОНИТ® OR (ENRONIT® OR)";"Раствор для орального применения"
"ЭНРОНИТ® (ENRONIT) раствор д/инъекций";"Раствор для инъекций"
"ЦИФЛУНИТ-ON (CYFLUNIT-ON) раствор";"Раствор-концентрат"
"ЦИФЛУНИТ® (CYFLUNIT) раствор д/наружного применения";"Раствор для наружного применения"
"ЦЕФТОНИТ® (CEFTONIT) сусп. д/инъекций";"Суспензия для инъекций"
"ФЛУНЕКС (FLUNEX) раствор д/инъекций";"Раствор для инъекций"
"ФЛОРОКС® (FLOROX) раствор д/инъекций";"Раствор для инъекций"
"УТЕРОТОН® (UTEROTON) раствор д/инъекций";"Раствор для инъекций"
"СТРОЛИТИН® (STROLITINE) раствор";"Раствор"
"СЕПРАНОЛ (SEPRANOL)";"Таблетки для внутриматочного введения"
"НИТОКС® 200 (NITOX® 200) раствор д/инъекций";"Раствор для инъекций"
"НЕОЗИДИН М (NEOZIDIN М) раствор д/инъекций";"Раствор для инъекций"
"МАСТОМИЦИН® (MASTOMICIN)";"Гель для интрацистернального введения"
"КЛОЗАТРЕМ® (CLOZATREM) раствор д/инъекций";"Раствор для инъекций"
"ИВЕРМЕК®-ON (IVERMEK®-ON) раствор";"Раствор-концентрат"
"ДОКСИЛОКС OR (DOXYLOX OR)";"Раствор для орального применения"
"ДИТРИМ® (DITRIM®) раствор д/инъекций";"Раствор для инъекций"
"БУТОФАН® (BUTOFAN) раствор д/инъекций";"Раствор для инъекций"
"АМОКСИЦИЛЛИН 150 (AMOXYCILLIN 150) сусп. д/инъекций";"Суспензия для инъекций"
"ПРОГЕСТАМАГ® (PROGESTAMAG) сусп. д/инъекций";"Суспензия для инъекций"
"ЭНДОМЕТРАМАГ-ГРИН® (ENDOMETRAMAG-GREEN)";"Раствор"
"СТАРТИН-ФИТО (STARTINUM-FITO)";"Порошок"
"ПИХТОИН® (PICHTOINUM) мазь д/наружного применения";"Мазь для наружного применения"
"МАЗЬ ЯХАЛИМП (UNGUENTUM YAHALIMPUM) мазь д/наружного применения";"Мазь для наружного применения"
"МАЗЬ ЭКЗЕКОНТ (UNGUENTUM ECZECONTUM) мазь д/наружного применения";"Мазь для наружного применения"
"МАЗЬ ""ЯМ БК""® (UNGUENTUM ""YAM BK"") мазь д/наружного применения";"Мазь для наружного применения"
"ЛЕРСИН® (LERSINUM) порошок";"Порошок"
"КРЕОЛИН-Х (KREOLIN-X) раствор д/наружного применения 2.5%";"Раствор для наружного применения"
"КРЕОЛИН-Х (KREOLIN-X) раствор д/наружного применения 5%";"Раствор для наружного применения"
"КАСЕПТУРИН (KASEPTURINUM) раствор д/наружного применения";"Раствор для наружного применения"
"ЙОДТРИЭТИЛЕНГЛИКОЛЬ (ИТЭГ)-А (IODTRIETHYLENGLICOLUM (ITEG)- A)";"Раствор для аэрозольного применения"
"ЙОДИНОКОЛЬ (IODINOKOLUM)";"Раствор для аэрозольного применения"
"ЙОД ОДНОХЛОРИСТЫЙ (IODUM MONOCHLORATUM) раствор д/наружного применения";"Раствор для наружного применения"
"БИОРЕКС-ГХ (BIOREX-GH) раствор д/наружного применения 2.5%";"Раствор для наружного применения"
"БИОРЕКС-ГХ (BIOREX-GH) раствор д/наружного применения 5%";"Раствор для наружного применения"
"БУТОФАН® OR (BUTOFAN OR) раствор";"Раствор"
"АМОКСИГАРД (AMOXYGARD) сусп. д/инъекций";"Суспензия для инъекций"
"АЗИТРОНИТ® (AZITHRONIT) раствор д/инъекций";"Раствор для инъекций"
"АЛЬВЕТ®-СУСПЕНЗИЯ (ALVET-SUSPENSION)";"Суспензия для орального применения 10%"
"ЦИМАЛДЖЕКС (CIMALGEX®) таб. 8 мг";"Таблетки для перорального применения"
"ЦИМАЛДЖЕКС (CIMALGEX®) таб. 30 мг";"Таблетки для перорального применения"
"ЦИМАЛДЖЕКС (CIMALGEX®) таб. 80 мг";"Таблетки для перорального применения"
"ПРОПАЛИН (PROPALIN®) раствор д/перорального применения";"Раствор для перорального применения"
"ИПАКИТИНЕ (IPAKITINE)";"Порошок для перорального применения"
"ОРИДЭРМИЛ (ORIDERMYL®)";"Мазь для аурикулярного применения"
"АЛЮСПРЕЙ (ALUSPRAY®) аэрозоль д/наружн.прим.";"Аэрозоль для наружного применения"
"АСД фракция 3 (ASD( )fraction 3)";"Раствор для наружного и внутриматочного применения"
"СУВАКЦИН PCV MH (SUVAXYN PCV MH) сусп. д/инъекций";"Суспензия для инъекций"
"СУВАКЦИН PCV2 (SUVAXYN PCV2) сусп. д/инъекций";"Суспензия для инъекций"
"ПУЛВАК E. coli (POULVAC E. coli)";"Лиофилизат для приготовления раствора для выпаивания и распыления"
"ПУЛВАК БУРСА F (POULVAC BURSA F) лиофилизат д/пригот. р-ра д/приема внутрь";"Лиофилизат для приготовления раствора для выпаивания"
"ПУЛВАК IB QX (POULVAC IB QX)";"Масса лиофилизированная"
"ДРАКСИН (DRAXXIN) раствор д/инъекций: 25 мг";"Раствор для инъекций"
"АПОКВЕЛ (APOQUEL) 3.6 мг";"Таблетки для перорального применения"
"АПОКВЕЛ (APOQUEL) 5.4 мг";"Таблетки для перорального применения"
"АПОКВЕЛ (APOQUEL) 16 мг";"Таблетки для перорального применения"
"ЭНРОКСИЛ® ТАБЛЕТКИ СО ВКУСОМ МЯСА (ENROXIL® TABLETS WITH MEAT FLAVOUR) таб. 15 мг";"Таблетки"
"ЭНРОКСИЛ® ТАБЛЕТКИ СО ВКУСОМ МЯСА (ENROXIL® TABLETS WITH MEAT FLAVOUR) таб. 50 мг";"Таблетки"
"ЭНРОКСИЛ® ТАБЛЕТКИ СО ВКУСОМ МЯСА (ENROXIL® TABLETS WITH MEAT FLAVOUR) таб. 150 мг";"Таблетки"
"ЭкоСайд Адванс (ECOCID ADVANCED)";"Порошок гранулированный"
"ФЛУБАКТИН® (FLUBACTIN®)";"Раствор"
"ФИПРИСТ® СПРЕЙ (FYPRYST® SPRAY) раствор д/наружного применения";"Раствор для наружного применения"
"ТРИСУЛЬФОН® (TRISULFON®)";"Порошок для орального применения"
"ТРИСУЛЬФОН® СУСПЕНЗИЯ ДЛЯ ОРАЛЬНОГО ПРИМЕНЕНИЯ (TRISULFON® ORAL SUSPENSION)";"Суспензия для орального применения"
"СОЛВИМИН® СЕЛЕН (SOLVIMIN® SELEN)";"Порошок для перорального применения"
"РИКАРФА® (RYCARFA) раствор д/инъекций";"Раствор для инъекций"
"МИЛПРАЗОН® ТАБЛЕТКИ ДЛЯ СОБАК (MILPRAZON® TABLETS FOR DOGS) 2.5+25 мг";"Таблетки для орального применения"
"МИЛПРАЗОН® ТАБЛЕТКИ ДЛЯ СОБАК (MILPRAZON® TABLETS FOR DOGS) 12.5+125 мг";"Таблетки для орального применения"
"МИЛПРАЗОН® ТАБЛЕТКИ ДЛЯ КОШЕК (MILPRAZON® TABLETS FOR CATS) 4+10 мг";"Таблетки для орального применения"
"МИЛПРАЗОН® ТАБЛЕТКИ ДЛЯ КОШЕК (MILPRAZON® TABLETS FOR CATS) 16+40 мг";"Таблетки для орального применения"
"КОКЦИСАН 120Г ГРАНУЛЯТ (KOKCISAN 120G GRANULATE)";"Порошок"
"КАЛЬФОСЕТ® (CALFOSET®) раствор д/инъекций";"Раствор для инъекций"
"ГИРАКСА® (GIRAXA®)";"Порошок"
"ФЛОРОН® 4% (FLORON® 4%)";"Порошок для орального применения"
"ЭГОЦИН 155 (EGOCIN 155)";"Порошок для орального применения"
"ЭНРОКСИЛ® 10% РАСТВОР ДЛЯ ИНЪЕКЦИЙ (ENROXIL® 10% SOLUTIO PRO INJECTIONIBUS) раствор д/инъекций";"Раствор для инъекций"
"ЭНРОКСИЛ® 10% РАСТВОР ДЛЯ ПЕРОРАЛЬНОГО ПРИМЕНЕНИЯ (ENROXIL® 10% SOLUTIO PER USUM ORAL) раствор д/перорального применения";"Раствор"
"ЭНРОКСИЛ® 5% ПОРОШОК (ENROXIL® 5% POWDER)";"Порошок"
"ЭНРОКСИЛ® 5% РАСТВОР ДЛЯ ИНЪЕКЦИЙ (ENROXIL® 5% SOLUTIO PRO INJECTIONIBUS) раствор д/инъекций";"Раствор для инъекций"
"ФЛОРОН® 30% (FLORON® 30%) раствор д/инъекций";"Раствор"
"ФЛОРОН® 10% (FLORON® 10%)";"Раствор"
"ФЛОРОН® 2% ПОРОШОК (FLORON® 2% POWDER)";"Порошок для орального применения"
"ЭГОЦИН® 20 ПОРОШОК (EGOCIN® 20 POWDER)";"Порошок для орального применения"
"ЭГОЦИН® L.A. (EGOCIN® L.A.) раствор д/инъекций";"Раствор"
"ФЛУБАКТИН® 10% (FLUBACTIN® 10%)";"Порошок"
"ФЛИМАБЕНД (FLIMABEND)";"Суспензия для орального применения"
"ФИПРИСТ® СПОТ ОН (FYPRYST® SPOT ON) раствор д/наружного применения";"Раствор для наружного применения"
"ЭНРОКСИЛ® МАКС (ENROXIL® MAX) раствор д/инъекций";"Раствор для инъекций"
"ГЕНТАМИЦИН ПОРОШОК (GENTAMICIN PULVIS)";"Порошок"
"ТИАВАЛТ® (TYAWALT®)";"Порошок микрогранулированный для орального применения"
"РИКАРФА® ТАБЛЕТКИ СО ВКУСОМ МЯСА (RYCARFA® TABLETS WITH MEAT FLAVOUR) 20 мг";"Таблетки для орального применения"
"РИКАРФА® ТАБЛЕТКИ СО ВКУСОМ МЯСА (RYCARFA® TABLETS WITH MEAT FLAVOUR) 50 мг";"Таблетки для орального применения"
"РИКАРФА® ТАБЛЕТКИ СО ВКУСОМ МЯСА (RYCARFA® TABLETS WITH MEAT FLAVOUR) 100 мг";"Таблетки для орального применения"
"МИЗОКСИН (MISOXIN)";"Порошок"
"МАРФЛОКСИН® 10% РАСТВОР ДЛЯ ИНЪЕКЦИЙ (MARFLOXIN® 10% SOLUTION FOR INJECTION) раствор д/инъекций";"Раствор для инъекций"
"МАРФЛОКСИН® 2% РАСТВОР ДЛЯ ИНЪЕКЦИЙ (MARFLOXIN® 2% SOLUTION FOR INJECTION) раствор д/инъекций";"Раствор для инъекций"
"МАРФЛОКСИН® ТАБЛЕТКИ (MARFLOXIN® TABLETS) 5 мг";"Таблетки для орального применения"
"МАРФЛОКСИН® ТАБЛЕТКИ (MARFLOXIN® TABLETS) 20 мг";"Таблетки для орального применения"
"МАРФЛОКСИН® ТАБЛЕТКИ (MARFLOXIN® TABLETS) 80 мг";"Таблетки для орального применения"
"АМАТИБ 80% ВОДОРАСТВОРИМЫЙ ПОРОШОК (AMATIB 80% WATER SOLUBLE POWDER)";"Порошок для орального применения"
"ДЕХИНЕЛ® ПЛЮС (DEHINEL® PLUS)";"Таблетки"
"ДЕХИНЕЛ® ПЛЮС ТАБЛЕТКИ СО ВКУСОМ МЯСА (DEHINEL® PLUS TABLETS WITH MEAT FLAVOUR)";"Таблетки для орального применения"
"ТОЛТАРОКС® (TOLTAROX®)";"Суспензия для орального применения"
"ЛАВЕТА СУПЕР ДЛЯ СОБАК (LAVETA SUPER FOR DOG) жидкость";"Жидкость"
"ЭКОЦИД С (ECOCID S)";"Средство дезинфицирующее"
"ЭКОЦИД (ECOCID)";"Средство дезинфицирующее"
"КАПЛИ VERMICON LINE-ON-IMMOSHIELD ОТ ПАРАЗИТОВ (ANTIPARASITIC DROPS VERMICON LINE-ON-IMMOSHIELD) капли";"Капли для наружного применения"
"ЛАКТИС ЗОО (LACTIS ZOO) жидкость";"Жидкость для приема внутрь и местного применения"
"ВОЛЬВАК® AE+FP MLV (VOLVAC® AE+FP MLV) лиофилизат д/пригот. р-ра д/инъекций";"Лиофилизат для приготовления раствора для инъекций (вакцина)"
"ЭНТЕРИЗОЛ® ИЛЕИТИС (ENTERISOL® ILEITIS)";"Лиофилизат для приготовления суспензии для выпаивания (вакцина)"
"ВЕТМЕДИН® капсулы (VETMEDIN® capsules) капсулы 1.25 мг";"Капсулы"
"ВЕТМЕДИН® капсулы (VETMEDIN® capsules) капсулы 2.5 мг";"Капсулы"
"ВЕТМЕДИН® капсулы (VETMEDIN® capsules) капсулы 5 мг";"Капсулы"
"ВЕТМЕДИН® капсулы (VETMEDIN® capsules) капсулы 10 мг";"Капсулы"
"ВЕТМЕДИН® (VETMEDIN®) 1.25 мг";"Таблетки для перорального применения"
"ВЕТМЕДИН® (VETMEDIN®) 2.5 мг";"Таблетки для перорального применения"
"ВЕТМЕДИН® (VETMEDIN®) 5 мг";"Таблетки для перорального применения"
"ХЕЛАВИТ С (HELAVIT C) раствор";"Раствор"
"ХЕЛАВИТ РАСТВОР ДЛЯ ИНЪЕКЦИЙ (HELAVITUM SOLUTION PRO INJECTIONIBUS) раствор д/инъекций";"Раствор"
"ХЕЛАВИТ В (HELAVIT B) раствор";"Раствор"
"ХЕЛАВИТ А (HELAVIT A) раствор";"Раствор"
"БЕАФАР ОШЕЙНИК ИНСЕКТОАКАРИЦИДНЫЙ ДЛЯ КОШЕК (BEAPHAR FLEA & TICK COLLAR FOR CAT)";"Инсектоакарицидный ошейник"
"БЕАФАР ОШЕЙНИК ИНСЕКТОАКАРИЦИДНЫЙ ДЛЯ СОБАК (BEAPHAR FLEA & TICK COLLAR FOR DOG)";"Инсектоакарицидный ошейник"
"БЕАФАР ОШЕЙНИК ИНСЕКТОАКАРИЦИДНЫЙ ДЛЯ СОБАК И КОШЕК С.О.С. (BEAPHAR FLEA & TICK COLLAR FOR DOG AND CAT S.O.S.)";"Инсектоакарицидный ошейник"
"ЭНРОМАГ® (ENROMAG) раствор д/инъекций 50 мг";"Раствор"
"ЭНРОМАГ® (ENROMAG) раствор д/инъекций 100 мг";"Раствор"
"ЭНДОМЕТРАМАГ-БИО® (ENDOMETRAMAG-BIO)";"Раствор"
"ЦИПРОМАГ®-О (CIPROMAG-O)";"Раствор для перорального применения"
"ЦЕФТИМАГ® (CEFTIMAG) сусп. д/инъекций";"Суспензия для инъекций"
"ФОЛЛИМАГ® (FOLLIMAG) лиофилизат д/пригот. р-ра д/инъекций 500";"Лиофилизат для приготовления раствора для инъекций"
"ФОЛЛИМАГ® (FOLLIMAG) лиофилизат д/пригот. р-ра д/инъекций 1000";"Лиофилизат для приготовления раствора для инъекций"
"СУПРИМИЦИН® (SUPRIMYCIN) раствор д/инъекций";"Раствор для инъекций"
"ПНЕВМОСТОП® (PNEUMOSTOP) раствор д/инъекций";"Раствор для инъекций"
"ПИГУЛИН® (PIGULIN®) 1 доза";"Лиофильно высушенная масса для приготовления раствора для инъекций"
"ПИГУЛИН® (PIGULIN®) 5 доз";"Лиофильно высушенная масса для приготовления раствора для инъекций"
"МИКСОФЕРОН® РАСТВОР ДЛЯ ИНЪЕКЦИЙ (MIXOFERON® SOLUTIO PRO INJECTIONIBUS) раствор д/инъекций 5 доз";"Раствор для инъекций"
"МИКСОФЕРОН® РАСТВОР ДЛЯ ИНЪЕКЦИЙ (MIXOFERON® SOLUTIO PRO INJECTIONIBUS) раствор д/инъекций 10 доз";"Раствор для инъекций"
"МЕТРАМАГ® (METRAMAG) раствор д/инъекций";"Раствор"
"МАГЭСТРОФАН® (MAGESTROFAN) раствор д/инъекций";"Раствор для инъекций"
"МАГКОЛИСТИН® (MAGCOLISTIN) раствор д/перорального применения";"Раствор для перорального применения"
"КОМУЛИН (COMULIN) раствор д/инъекций";"Раствор для инъекций"
"ДОКСИМАГ®-О (DOXYMAG-O)";"Раствор"
"БРОМКОЛИН®-О (BROMCOLIN-O) раствор д/перорального применения";"Раствор"
"БАКТИМАГ-О® (BACTIMAG-O) раствор д/перорального применения";"Раствор для перорального применения"
"АЦИЛОМАГ® (ACILOMAG) сусп. д/инъекций";"Суспензия"
"АМОКСИМАГ® (AMOXIMAG) сусп. д/инъекций";"Суспензия для инъекций"
"АРГУМИСТИН® (ARGUMISTIN®) раствор д/приема внутрь и местного применения 0.001%";"Раствор для местного и перорального применения"
"АРГУМИСТИН® (ARGUMISTIN®) раствор д/приема внутрь и местного применения 0.005%";"Раствор для местного, наружного, внутриматочного и интрацистернального применения"
"ЭЛЬВИТА-УДИВИТ (ALVITA-UDIVIT)";"Раствор для инъекций"
"СОМАТИК-ЭКСПЕРТ (SOMATIC-EXPERT)";"Раствор для диагностики"
"ЦИФЛОН (CIFLON) раствор д/наружного применения";"Раствор для наружного применения"
"ФЛУКСИРОЛ (FLUXIROL) раствор д/инъекций";"Раствор для инъекций"
"ТЕТРАВИТФЕРОН-Б (TETRAVITFERON-B) раствор д/инъекций";"Раствор для инъекций"
"УТЕРОФУР (UTEROFUR) сусп. д/инъекций";"Суспензия для внутриматочного введения"
"РЕЦЕФУР (RECEFUR) сусп. д/инъекций";"Суспензия для инъекций"
"ПЕНОЦЕФУР (PENOCEFUR)";"Таблетки для внутриматочного введения"
"ИНТЕРФЕРОН СВИНОЙ РЕКОМБИНАНТНЫЙ (RECOMBINANT PORCINE INTERFERON) раствор д/инъекций";"Раствор для инъекций"
"ИНТЕРФЕРОН БЫЧИЙ РЕКОМБИНАНТНЫЙ (RECOMBINANT BOVINE INTERFERON) раствор д/инъекций";"Раствор для инъекций"
"ДЕКТОМЕКТИН (DECTOMECTIN) раствор д/инъекций";"Раствор для инъекций"
"ФЕЛИФЕРОН® РАСТВОР ДЛЯ ИНЪЕКЦИЙ (SOLUTIO FELIFERONI PRO INJECTIONIBUS) раствор д/инъекций";"Раствор для инъекций"
"БЕЛКОХЕЛП (BELKOHELP) порошок: , 0.01 %, 0.1 %, 0.17 %, 0.3 %";"Порошок"
"БЕЛКОХЕЛП (BELKOHELP) порошок: 0.01 %, 0.1 %, 0.17 %, 93.5 %";"Порошок"
"8 В 1 ЭКСЕЛЬ ДЕТЕР (8 IN 1 EXCEL DETER) таб.";"Таблетки"
"МЕТАКАМ® (METACAM®) раствор д/инъекций";"Раствор"
"КУСТОВАК® D (CUSTOVAC® D)";"Порошок"
"ИНГЕЛЬВАК® АУЕСКИ MLV (INGELVAC® AUJESZKY MLV)";"Лиофилизированная таблетка"
"ИНГЕЛЬВАК® HP-1 (INGELVAC® HP-1)";"Эмульсия для инъекций"
"ИНГЕЛЬВАК® APPX (INGELVAC® APPX)";"Суспензия для инъекций"
"ИНГЕЛЬВАК ЦиркоФЛЕКС® (INGELVAC CircoFLEX®)";"Суспензия для инъекций"
"ИНГЕЛЬВАК МикоФЛЕКС® (INGELVAC MycoFLEX®)";"Суспензия для инъекций"
"ВОЛЬВАК® АС Плюс+ND+IB+EDS KV (VOLVAC® AC Plus+ND+IB+EDS KV)";"Эмульсия для инъекций"
"ВОЛЬВАК® АС Плюс (VOLVAC® AC Plus)";"Эмульсия для инъекций"
"ВОЛЬВАК® ND+IB+EDS KV (VOLVAC® ND+IB+EDS KV)";"Эмульсия для инъекций"
"ВОЛЬВАК® ND LaSota MLV (VOLVAC® ND LaSota MLV)";"Лиофилизированная масса"
"ВОЛЬВАК® ND Conc. KV (VOLVAC® ND Conc. KV)";"Эмульсия для инъекций"
"ВОЛЬВАК® IBD MLV (VOLVAC® IBD MLV)";"Лиофилизированная масса"
"ВОЛЬВАК® IB Mass MLV (VOLVAC® IB Mass MLV)";"Лиофилизированная масса"
"8 В 1 ЭКСЕЛЬ ПИВНЫЕ ДРОЖЖИ (8 IN 1® EXCEL® BREWER'S YEAST) таб. 0.4 мг";"Таблетки"
"8 В 1 ЭКСЕЛЬ ПИВНЫЕ ДРОЖЖИ (8 IN 1® EXCEL® BREWER'S YEAST) таб. 2.1 мг";"Таблетки"
"8 В 1 ЭКСЕЛЬ МУЛЬТИВИТАМИНЫ ДЛЯ СОБАК МЕЛКИХ ПОРОД (8 IN 1® EXCEL® MULTI VITAMIN - SMALL BREED) таб.";"Таблетки"
"8 В 1 ЭКСЕЛЬ МОБАЙЛ ФЛЕКС ПЛЮС (8 IN 1® EXCEL® MOBILE FLEX(+))";"Порошок для орального применения"
"8 В 1 ЭКСЕЛЬ КАЛЬЦИЙ (8 IN 1® EXCEL® CALCIUM) таб.";"Таблетки"
"8 В 1 ЭКСЕЛЬ ГЛЮКОЗАМИН+МСМ (8 IN 1 EXCEL GLUCOSAMINE+MSM) таб.";"Таблетки"
"8 В 1 ЭКСЕЛЬ ГЛЮКОЗАМИН (8 IN 1 EXCEL GLUCOSAMINE) таб.";"Таблетки"
"БИОСЕПТИН (BIOSEPTIN)";"Мазь для наружного применения"
"ВЕТОМ 4 (VETOM 4)";"Порошок для орального применения"
"ВЕТОМ 3 (VETOM 3)";"Порошок для орального применения"
"ВЕТОМ 2 (VETOM 2)";"Порошок для орального применения"
"ВЕТОМ 1.1 (VETOM 1.1)";"Порошок"
"ГЛИКОПИН® (GLIKOPIN®) таб.";"Таблетки"
"ФОРВЕТ® (FORVET) раствор д/инъекций";"Раствор для инъекций"
"АСД фракция 2 (ASD fraction 2)";"Раствор для наружного, перорального, интравагинального и внутриматочного применения"
"ВЕЛЕС 6.59 (VELES 6.59)";"Жидкость"
"ФОРТЕКОР® ТАБЛЕТКИ (FORTEKOR® TABLETS) таб. 5 мг";"Таблетки"
"ФОРТЕКОР® ТАБЛЕТКИ (FORTEKOR® TABLETS) таб. 20 мг";"Таблетки"
"ПРАК-ТИК® (PRAC-TIC®) раствор д/наружного применения";"Раствор для наружного применения"
"ИММУНОФАН® (IMMUNOFAN) раствор д/инъекций";"Раствор для инъекций"
"ТИЛОЗИН (TILOZIN) раствор д/инъекций 50 мг";"Раствор для инъекций"
"ТИЛОЗИН (TILOZIN) раствор д/инъекций 200 мг";"Раствор для инъекций"
"ДОКСИЛОКС® (DOXYLOX) раствор д/инъекций";"Раствор для инъекций"
"БУРСИН ПЛЮС (BURSINE PLUS)";"Лиофилизат для приготовления раствора для применения методом выпаивания"
"ПУЛВАК IB ПРАЙМЕР (POULVAC IB PRIMER)";"Масса лиофилизированная"
"СУВАКЦИН MH-ОДИН (SUVAXYN MH-ONE) сусп. д/инъекций";"Суспензия для инъекций"
"ИМПРОВАК (IMPROVAC) раствор д/инъекций";"Раствор для инъекций"
"АВАТЕК 150G (AVATEC 150G)";"Порошок для перорального применения"
"НАКСЕЛ (NAXCEL) сусп. д/инъекций";"Суспензия для инъекций"
"ДРАКСИН (DRAXXIN) раствор д/инъекций: 100 мг";"Раствор для инъекций"
"МЕКСИДОЛ-ВЕТ® (MEXIDOL-VET) таб. 50 мг";"Таблетки"
"МЕКСИДОЛ-ВЕТ® (MEXIDOL-VET) таб. 125 мг";"Таблетки"
"МЕКСИДОЛ-ВЕТ® (MEXIDOL-VET) раствор д/инъекций 25 мг";"Раствор для инъекций"
"МЕКСИДОЛ-ВЕТ® (MEXIDOL-VET) раствор д/инъекций 50 мг";"Раствор для инъекций"
"ФОСПРЕНИЛ (PHOSPRENYL)";"Стерильный раствор для инъекций"
"ГАМАВИТ (GAMAVIT)";"Стерильный раствор для инъекций"
"ГАМАПРЕН (GAMAPREN)";"Стерильный раствор"
