"МАКСИДИН 0,4 (MAXIDIN 0,4) раствор д/инъекций";" 77-3-7.12-0693 № ПВР-3-3.5/01607 от 28.04.12"
"МАКСИДИН 0,15 (MAXIDIN 0,15)";" 77-3-7.12-0694 № ПВР-3-3.5/01539 от 28.04.12"
"АУРИЗОН (AURIZON®) суспензия";"250-3-12.16-3442 № ПВИ-3-3.5/01746 от 18.10.16"
"ЛЕКСОФЛОН® (LEXOFLON) раствор д/инъекций";" 44-3-12.16-3439 № ПВР-3-12.16/03302 от 18.10.16"
"СИЛЕО® (SILEO®)";" № 15747 от 04.07.16"
"АНТИСЕДАН® (ANTISEDAN®) раствор д/инъекций";" 246-3-2.14-1885 № ПВИ-3-1.3/01346 от 19.03.14"
"ДЕКСДОМИТОР® (DEXDOMITOR) раствор д/инъекций 0.1 мг";" 246-3-4.16-3159 № ПВИ-3-4.16/02711 от 29.04.16"
"ДЕКСДОМИТОР® (DEXDOMITOR) раствор д/инъекций 0.5 мг";" 246-3-4.16-3159 № ПВИ-3-4.16/02711 от 29.04.16"
"МЕТРИЦЕФ (METRICEFUM) суспензия";"№ 4711-10-14 БА от 12.11.2014"
"ЭРИПРИМ БТ (ERIPRIMUM BT)";"№ 4543-10-14 БА от 03.06.2014"
"ТРАКСОВЕТ 100 (TRAXOVETUM 100) раствор д/инъекций";"№ 3991-10-12 БА от 29.11.2012"
"МАСТИМАКС (MASTIMAX)";"№ 4245-10-13 БА от 29.07.2013"
"МАСТИЗИМ (MASTIZINUM)";"№ 5457-10-16 БПХ-Ф от 01.08.2016"
"БЕНСТРЕП (BENSTREP) сусп. д/инъекций";"№ 4167-10-13 БА от 18.05.2013"
"ИНФЛАРЕТ (INFLARETUM) раствор д/инъекций";"№ 4477-10-14 БПХ-Ф от 03.04.2014"
"ЛИНКОСПЕКТ 150 (LINCOSPECTUM 150) раствор д/инъекций";"№ 5111-10-15 БА от 13.11.2015"
"МУЛЬТИВЕТ (MULTIVET) раствор д/инъекций";"№ 4572-10-14 БПХ-Ф от 10.06.2014"
"ОФЛОСТИН (OFLOSTINUM)";"№ 3889-10-12 БА от 27.07.2012"
"КЕНОСЕПТ-Г (KENOSEPT-G)";"№ RU.77.99.21.002.Е.011495.04.11 от 22.04.2011"
"ТОРНАКС-С (TORNAX-S)";"№ RU.67.СО.01.015.Е.000405.03.11 от 10.03.2011"
"ЭКО-ДЕЗ (ECO-DES)";"№ RU.77.99.01.002.E.004506.12.10 от 28.12.2010"
"ВИРОЦИД (VIROCID)";"№ RU.77.99.01.002.E.031070.08.11 от 08.08.11"
"МИЛЬБЕМАКС® (MILBEMAX®) для кошек 4+10 мг";"826-3-13.13-3138 № ПВИ-3-7.7/02353 от 12.04.16"
"МИЛЬБЕМАКС® (MILBEMAX®) для кошек 16+40 мг";"826-3-13.13-3138 № ПВИ-3-7.7/02353 от 12.04.16"
"МИЛЬБЕМАКС® (MILBEMAX®) для собак 2.5+25 мг";"826-3-13.13-3137 № ПВИ-3-7.7/02354 от 12.04.16"
"МИЛЬБЕМАКС® (MILBEMAX®) для собак 12.5+125 мг";"826-3-13.13-3137 № ПВИ-3-7.7/02354 от 12.04.16"
"АТОПИКА® (ATOPICA®) капсулы 10 мг";" 826-3-12.15-2915 № ПВИ-3-12.15/04677 от 18.12.15"
"АТОПИКА® (ATOPICA®) капсулы 25 мг";" 826-3-12.15-2915 № ПВИ-3-12.15/04677 от 18.12.15"
"АТОПИКА® (ATOPICA®) капсулы 50 мг";" 826-3-12.15-2915 № ПВИ-3-12.15/04677 от 18.12.15"
"АТОПИКА® (ATOPICA®) капсулы 100 мг";" 826-3-12.15-2915 № ПВИ-3-12.15/04677 от 18.12.15"
"ФИПРИСТ® КОМБО (FYPRYST® COMBO) раствор д/наружного применения: 90 мг, 100 мг";" № РК-ВП-4-3172-16 от 22.07.16"
"ИВЕРМЕК OR (IVERMEK OR)";" 44-3-4.14-3036 № ПВР-3-1.2/00926 от 29.02.16"
"ЛЕКСОФЛОН® OR (LEXOFLON® OR)";" 44-3-7.16-3308 № ПВР-3-7.16/03286 от 14.07.16"
"ЦИФЛУНИТ® ФЛОК (CYFLUNIT FLOCK) раствор д/наружного применения";" 44-3-4.16-3091 № ПВР-3-4.16/03266 от 12.04.16"
"РИКАЗОЛ® (RICAZOL) раствор д/инъекций";" 44-3-15.14-3239 № ПВР-3-15.14/03096 от 16.06.16"
"ЦЕФТОНИТ® ФОРТЕ (CEFTONIT FORTE) сусп. д/инъекций";" 44-3-10.15-2834 № ПВР-3-10.15/03194 от 23.10.15"
"НИТОКС® ФОРТЕ (NITOX® FORTE) раствор д/инъекций";" 44-3-2.15-2556 № ПВР-3-2.15/03121 от 23.03.15"
"МЕРАДОК (MERADOK) раствор д/инъекций";" 44-3-8.14-2371 № ПВИ-3-8.14/03078 от 27.10.14"
"ФИПРИСТ® КОМБО (FYPRYST® COMBO) раствор д/наружного применения: 100 мг, 120 мг";" № РК-ВП-4-3173-16 от 22.07.16"
"ЭНРОНИТ® OR (ENRONIT® OR)";" 44-3-8.15-2810 № ПВР-3-5.0/02573 от 09.10.15"
"ЭНРОНИТ® (ENRONIT) раствор д/инъекций";" 44-3-14.14-2514 № ПВР-3-11.9/02504 от 10.02.15"
"ЦИФЛУНИТ-ON (CYFLUNIT-ON) раствор";"№ RU.77.99.88.002.E.006037.07.14 от 23.07.14"
"ЦИФЛУНИТ® (CYFLUNIT) раствор д/наружного применения";" 44-3-31.11-3081 № ПВР-3-31.11/02810 от 30.03.16"
"ЦЕФТОНИТ® (CEFTONIT) сусп. д/инъекций";" 44-3-9.12-2940 № ПВР-3-29.11/02820 от 31.12.15"
"ФЛУНЕКС (FLUNEX) раствор д/инъекций";" 44-3-28.11-2995 № ПВР-3-28.11/02783 от 09.02.16"
"ФЛОРОКС® (FLOROX) раствор д/инъекций";" 44-3-8.14-2267 № ПВР-3-6.9/02430 от 09.09.14"
"УТЕРОТОН® (UTEROTON) раствор д/инъекций";" 44-3-12.12-3039 № ПВР-3-5.0/00530 от 29.02.16"
"СТРОЛИТИН® (STROLITINE) раствор";"№ ПВР-2-17.13/02937 от 01.09.15"
"СЕПРАНОЛ (SEPRANOL)";"44-3-22.12-0904 № ПВР-3-22.12/02852 от 15.08.12"
"НИТОКС® 200 (NITOX® 200) раствор д/инъекций";" 44-3-12.12-2721 № ПВР-3-5.0/00533 от 09.07.15"
"НЕОЗИДИН М (NEOZIDIN М) раствор д/инъекций";"44-3-27.12-1131 № ПВР-3-3.7/01972 от 09.11.12"
"МАСТОМИЦИН® (MASTOMICIN)";" 44-3-27.12-3226 № ПВР-3-1.6/01606 от 09.06.16"
"КЛОЗАТРЕМ® (CLOZATREM) раствор д/инъекций";" 44-3-5.15-2726 № ПВР-3-4.0/02556 от 16.07.15"
"ИВЕРМЕК®-ON (IVERMEK®-ON) раствор";"№ RU.77.99.88.002.E.006038.07.14 от 23.07.14"
"ДОКСИЛОКС OR (DOXYLOX OR)";" 44-3-36.13-1936 № ПВР-3-36.13/03019 от 22.04.14"
"ДИТРИМ® (DITRIM®) раствор д/инъекций";" 44-3-21.12-2938 № ПВР-3-3.5/01492 от 31.12.15"
"БУТОФАН® (BUTOFAN) раствор д/инъекций";" 44-3-32.13-3122 № ПВР-3-32.13/02978 от 12.04.16"
"АМОКСИЦИЛЛИН 150 (AMOXYCILLIN 150) сусп. д/инъекций";" 44-3-8.14-2268 № ПВР-3-6.9/02429 от 09.09.14"
"ПРОГЕСТАМАГ® (PROGESTAMAG) сусп. д/инъекций";" № ПВР-3-4.15/03139 от 11.06.15"
"ЭНДОМЕТРАМАГ-ГРИН® (ENDOMETRAMAG-GREEN)";" № ПВР-3-3.15/03142 от 11.06.15"
"СТАРТИН-ФИТО (STARTINUM-FITO)";" 12-3-2.15-2553 № ПВР-3-2.15/03118 от 23.03.15"
"ПИХТОИН® (PICHTOINUM) мазь д/наружного применения";"12-3-7.12-2640 № ПВР-3-1.5/01322 от 05.06.15"
"МАЗЬ ЯХАЛИМП (UNGUENTUM YAHALIMPUM) мазь д/наружного применения";"12-3-38.12-1272 № ПВР-3-4.1/00815 от 26.02.13"
"МАЗЬ ЭКЗЕКОНТ (UNGUENTUM ECZECONTUM) мазь д/наружного применения";"12-3-13.13-1454 № ПВР-3-13.13/02925 от 12.07.13"
"МАЗЬ ""ЯМ БК""® (UNGUENTUM ""YAM BK"") мазь д/наружного применения";"12-3-1.14-2656 № ПВР-3-2.3/01261 от 11.06.15"
"ЛЕРСИН® (LERSINUM) порошок";"12-3-8.14-2248 № ПВР-3-4.9/02397 от 04.09.14"
"КРЕОЛИН-Х (KREOLIN-X) раствор д/наружного применения 2.5%";"12-3-7.12-0705 № ПВР-3-1.2/00944 от 28.04.12"
"КРЕОЛИН-Х (KREOLIN-X) раствор д/наружного применения 5%";"12-3-7.12-0705 № ПВР-3-1.2/00944 от 28.04.12"
"КАСЕПТУРИН (KASEPTURINUM) раствор д/наружного применения";" 12-3-7.16-3321 № ПВР-3-8.11/02723 от 14.07.16"
"ЙОДТРИЭТИЛЕНГЛИКОЛЬ (ИТЭГ)-А (IODTRIETHYLENGLICOLUM (ITEG)- A)";" 12-3-7.12-0667 № ПВР-3-1.5/01511 от 17.04.12"
"ЙОДИНОКОЛЬ (IODINOKOLUM)";" 12-3-7.12-0665 № ПВР-3-1.5/01511 от 17.04.12"
"ЙОД ОДНОХЛОРИСТЫЙ (IODUM MONOCHLORATUM) раствор д/наружного применения";" 12-3-7.12-0668 № ПВР-3-1.9/00276 от 17.04.12"
"БИОРЕКС-ГХ (BIOREX-GH) раствор д/наружного применения 2.5%";" 12-3-7.12-0706 № ПВР-3-1.2/00945 от 28.04.12"
"БИОРЕКС-ГХ (BIOREX-GH) раствор д/наружного применения 5%";" 12-3-7.12-0706 № ПВР-3-1.2/00945 от 28.04.12"
"БУТОФАН® OR (BUTOFAN OR) раствор";"№ ПВИ-2-17.13/02935 от 25.09.15"
"АМОКСИГАРД (AMOXYGARD) сусп. д/инъекций";" 44-3-7.14-2177 № ПВР-3-7.14/03044 от 19.08.14"
"АЗИТРОНИТ® (AZITHRONIT) раствор д/инъекций";"44-3-6.14-3238 № ПВИ-3-6.14/03058 от 16.06.16"
"АЛЬВЕТ®-СУСПЕНЗИЯ (ALVET-SUSPENSION)";" 44-3-12.12-3038 № ПВР-3-3.5/01491 от 29.02.16"
"ЦИМАЛДЖЕКС (CIMALGEX®) таб. 8 мг";"250-3-7.14-3175 № ПВИ-3-7.14/04358 от 06.05.16"
"ЦИМАЛДЖЕКС (CIMALGEX®) таб. 30 мг";"250-3-7.14-3175 № ПВИ-3-7.14/04358 от 06.05.16"
"ЦИМАЛДЖЕКС (CIMALGEX®) таб. 80 мг";"250-3-7.14-3175 № ПВИ-3-7.14/04358 от 06.05.16"
"ПРОПАЛИН (PROPALIN®) раствор д/перорального применения";"250-3-8.16-3360 № ПВИ-2-3.5/01750 от 16.08.16"
"ИПАКИТИНЕ (IPAKITINE)";"250-3-4.15-2616 № ПВИ-3-11.9/03038 от 08.05.15"
"ОРИДЭРМИЛ (ORIDERMYL®)";"250-3-1.15-2542 № ПВИ-3-5.9/02979 от 19.03.15"
"АЛЮСПРЕЙ (ALUSPRAY®) аэрозоль д/наружн.прим.";"250-3-27.12-1154 № ПВИ-3-3.5/01748 от 16.11.12"
"АСД фракция 3 (ASD( )fraction 3)";" 02-3-31.12-2353 № ПВР-3-1.2/00911 от 15.10.14"
"СУВАКЦИН PCV MH (SUVAXYN PCV MH) сусп. д/инъекций";" 840-1-6.15-2712 № ПВИ-1-6.15/04602 от 09.07.15"
"СУВАКЦИН PCV2 (SUVAXYN PCV2) сусп. д/инъекций";" 840-1-33.12-2184 № ПВИ-1-33.12/03853 от 19.08.14"
"ПУЛВАК E. coli (POULVAC E. coli)";" 840-1-3.15-2568 № ПВИ-1-3.15/04522 от 09.04.15"
"ПУЛВАК БУРСА F (POULVAC BURSA F) лиофилизат д/пригот. р-ра д/приема внутрь";" 840-1-19.12-3070 № ПВИ-1-19.12/03780 от 16.03.16"
"ПУЛВАК IB QX (POULVAC IB QX)";" 840-1-26.13-1623 № ПВИ-1-26.13/01401 от 25.10.13"
"ДРАКСИН (DRAXXIN) раствор д/инъекций: 25 мг";"840-3-13.13-1774 № ПВИ-3-2.7/02139 от 13.01.14"
"АПОКВЕЛ (APOQUEL) 3.6 мг";" 840-3-1.16-2998 № ПВИ-3-1.16/04707 от 19.02.16"
"АПОКВЕЛ (APOQUEL) 5.4 мг";" 840-3-1.16-2998 № ПВИ-3-1.16/04707 от 19.02.16"
"АПОКВЕЛ (APOQUEL) 16 мг";" 840-3-1.16-2998 № ПВИ-3-1.16/04707 от 19.02.16"
"ЭНРОКСИЛ® ТАБЛЕТКИ СО ВКУСОМ МЯСА (ENROXIL® TABLETS WITH MEAT FLAVOUR) таб. 15 мг";"705-3-2.15-2540 № ПВИ-3-9.9/02978 от 19.03.15"
"ЭНРОКСИЛ® ТАБЛЕТКИ СО ВКУСОМ МЯСА (ENROXIL® TABLETS WITH MEAT FLAVOUR) таб. 50 мг";"705-3-2.15-2540 № ПВИ-3-9.9/02978 от 19.03.15"
"ЭНРОКСИЛ® ТАБЛЕТКИ СО ВКУСОМ МЯСА (ENROXIL® TABLETS WITH MEAT FLAVOUR) таб. 150 мг";"705-3-2.15-2540 № ПВИ-3-9.9/02978 от 19.03.15"
"ФЛУБАКТИН® (FLUBACTIN®)";"705-3-3.14-3272 № ПВИ-3-1.3/01341 от 04.07.16"
"ФИПРИСТ® СПРЕЙ (FYPRYST® SPRAY) раствор д/наружного применения";" 705-3-21.12-1115 № ПВИ-3-21.12/03840 от 09.11.12"
"ТРИСУЛЬФОН® (TRISULFON®)";" 705-3-23.11-0542 № ПВИ-3-1.0/00255 от 18.01.12"
"ТРИСУЛЬФОН® СУСПЕНЗИЯ ДЛЯ ОРАЛЬНОГО ПРИМЕНЕНИЯ (TRISULFON® ORAL SUSPENSION)";" 705-3-25.13-1622 № ПВИ-3-25.13/04099 от 25.10.13"
"СОЛВИМИН® СЕЛЕН (SOLVIMIN® SELEN)";" 705-3-29.13-1670 № ПВИ-3-6.8/02495 от 15.11.13"
"РИКАРФА® (RYCARFA) раствор д/инъекций";"№ РК-ВП-4-2004-12 от 24.09.12"
"МИЛПРАЗОН® ТАБЛЕТКИ ДЛЯ СОБАК (MILPRAZON® TABLETS FOR DOGS) 2.5+25 мг";" 705-3-9.14-2361 № ПВИ-3-9.14/04383 от 22.10.14"
"МИЛПРАЗОН® ТАБЛЕТКИ ДЛЯ СОБАК (MILPRAZON® TABLETS FOR DOGS) 12.5+125 мг";" 705-3-9.14-2361 № ПВИ-3-9.14/04383 от 22.10.14"
"МИЛПРАЗОН® ТАБЛЕТКИ ДЛЯ КОШЕК (MILPRAZON® TABLETS FOR CATS) 4+10 мг";" 705-3-9.14-2362 № ПВИ-3-9.14/04384 от 22.10.14"
"МИЛПРАЗОН® ТАБЛЕТКИ ДЛЯ КОШЕК (MILPRAZON® TABLETS FOR CATS) 16+40 мг";" 705-3-9.14-2362 № ПВИ-3-9.14/04384 от 22.10.14"
"КОКЦИСАН 120Г ГРАНУЛЯТ (KOKCISAN 120G GRANULATE)";" РК-ВП-4-2770-14 от 29.08.14"
"КАЛЬФОСЕТ® (CALFOSET®) раствор д/инъекций";"705-3-31.12-1180 № ПВИ-3-2.2/00985 от 29.11.12"
"ГИРАКСА® (GIRAXA®)";"705-3-29.13-3273 № ПВИ-3-4.8/02497 от 04.07.16"
"ФЛОРОН® 4% (FLORON® 4%)";"№ РК-ВП-4-3055-15 от 01.10.15"
"ЭГОЦИН 155 (EGOCIN 155)";"№ РК-ВП-4-3010-15 от 29.05.15"
"ЭНРОКСИЛ® 10% РАСТВОР ДЛЯ ИНЪЕКЦИЙ (ENROXIL® 10% SOLUTIO PRO INJECTIONIBUS) раствор д/инъекций";"705-3-13.13-1445 № ПВИ-3-0.2/01192 от 20.06.13"
"ЭНРОКСИЛ® 10% РАСТВОР ДЛЯ ПЕРОРАЛЬНОГО ПРИМЕНЕНИЯ (ENROXIL® 10% SOLUTIO PER USUM ORAL) раствор д/перорального применения";"705-3-13.13-1446 № ПВИ-3-0.2/01191 от 20.06.13"
"ЭНРОКСИЛ® 5% ПОРОШОК (ENROXIL® 5% POWDER)";"705-3-13.13-2331 № ПВИ-3-0.2/01189 от 09.10.14"
"ЭНРОКСИЛ® 5% РАСТВОР ДЛЯ ИНЪЕКЦИЙ (ENROXIL® 5% SOLUTIO PRO INJECTIONIBUS) раствор д/инъекций";"705-3-13.13-1443 № ПВИ-3-0.2/01190 от 20.06.13"
"ФЛОРОН® 30% (FLORON® 30%) раствор д/инъекций";"705-3-30.12-3152 № ПВИ-3-3.7/02192 от 21.04.16"
"ФЛОРОН® 10% (FLORON® 10%)";"705-3-30.12-3151 № ПВИ-3-3.7/02191 от 21.04.16"
"ФЛОРОН® 2% ПОРОШОК (FLORON® 2% POWDER)";"705-3-23.11-0544 № ПВИ-3-4.5/01801 от 18.01.12"
"ЭГОЦИН® 20 ПОРОШОК (EGOCIN® 20 POWDER)";"705-3-25.13-3147 № ПВИ-3-1.3/01403 от 18.03.16"
"ЭГОЦИН® L.A. (EGOCIN® L.A.) раствор д/инъекций";"705-3-3.14-3154 № ПВИ-3-3.3/01443 от 21.04.16"
"ФЛУБАКТИН® 10% (FLUBACTIN® 10%)";"705-3-12.12-0765 № ПВИ-3-1.1/00711 от 06.06.12"
"ФЛИМАБЕНД (FLIMABEND)";"705-3-25.13-1649 № ПВИ-3-25.13/04111 от 15.11.13"
"ФИПРИСТ® СПОТ ОН (FYPRYST® SPOT ON) раствор д/наружного применения";"705-3-14.15-3012 № ПВИ-3-8.0/03272 от 19.02.16"
"ЭНРОКСИЛ® МАКС (ENROXIL® MAX) раствор д/инъекций";" 705-3-14.15-2993 № ПВИ-3-7.0/03271 от 04.02.16"
"ГЕНТАМИЦИН ПОРОШОК (GENTAMICIN PULVIS)";"705-3-30.12-1091 № ПВИ-3-2.2/00997 от 25.10.12"
"ТИАВАЛТ® (TYAWALT®)";"705-3-16.12-3150 № ПВИ-3-16.12/03794 от 21.04.16"
"РИКАРФА® ТАБЛЕТКИ СО ВКУСОМ МЯСА (RYCARFA® TABLETS WITH MEAT FLAVOUR) 20 мг";"705-3-10.15-2869 № ПВИ-3-6.0/03201 от 20.11.15"
"РИКАРФА® ТАБЛЕТКИ СО ВКУСОМ МЯСА (RYCARFA® TABLETS WITH MEAT FLAVOUR) 50 мг";"705-3-10.15-2869 № ПВИ-3-6.0/03201 от 20.11.15"
"РИКАРФА® ТАБЛЕТКИ СО ВКУСОМ МЯСА (RYCARFA® TABLETS WITH MEAT FLAVOUR) 100 мг";"705-3-10.15-2869 № ПВИ-3-6.0/03201 от 20.11.15"
"МИЗОКСИН (MISOXIN)";"528-3-23.11-0543 № ПВИ-3-23.11/03633 от 18.01.12"
"МАРФЛОКСИН® 10% РАСТВОР ДЛЯ ИНЪЕКЦИЙ (MARFLOXIN® 10% SOLUTION FOR INJECTION) раствор д/инъекций";"705-3-5.14-3149 № ПВИ-3-5.14/04273 от 21.04.16"
"МАРФЛОКСИН® 2% РАСТВОР ДЛЯ ИНЪЕКЦИЙ (MARFLOXIN® 2% SOLUTION FOR INJECTION) раствор д/инъекций";"№ РК-ВП-4-3160-16 от 11.07.16"
"МАРФЛОКСИН® ТАБЛЕТКИ (MARFLOXIN® TABLETS) 5 мг";"705-3-4.14-3228 № ПВИ-3-4.14/04275 от 09.06.16"
"МАРФЛОКСИН® ТАБЛЕТКИ (MARFLOXIN® TABLETS) 20 мг";"705-3-4.14-3228 № ПВИ-3-4.14/04275 от 09.06.16"
"МАРФЛОКСИН® ТАБЛЕТКИ (MARFLOXIN® TABLETS) 80 мг";"705-3-4.14-3228 № ПВИ-3-4.14/04275 от 09.06.16"
"АМАТИБ 80% ВОДОРАСТВОРИМЫЙ ПОРОШОК (AMATIB 80% WATER SOLUBLE POWDER)";"705-3-3.15-2857 № ПВИ-3-3.15/04533 от 10.11.15"
"ДЕХИНЕЛ® ПЛЮС (DEHINEL® PLUS)";" 705-3-6.13-3148 № ПВИ-3-3.7/02282 от 21.04.16"
"ДЕХИНЕЛ® ПЛЮС ТАБЛЕТКИ СО ВКУСОМ МЯСА (DEHINEL® PLUS TABLETS WITH MEAT FLAVOUR)";" 705-3-1.16-3106 № ПВИ-3-1.16/03380 от 12.04.16"
"ТОЛТАРОКС® (TOLTAROX®)";"705-3-10.15-2850 № ПВИ-3-6.0/03208 от 10.11.15"
"ЛАВЕТА СУПЕР ДЛЯ СОБАК (LAVETA SUPER FOR DOG) жидкость";"№ ПВИ-2-4.5/01835 от 13.01.12"
"ЭКОЦИД (ECOCID)";"№ RU.77.99.88.002.E.004774.03.15 от 18.03.15"
"ЛАКТИС ЗОО (LACTIS ZOO) жидкость";"№ РОСС JP.АГ98.Д24193 от 04.02.14"
"ВОЛЬВАК® AE+FP MLV (VOLVAC® AE+FP MLV) лиофилизат д/пригот. р-ра д/инъекций";"276-1-3.15-2572 № ПВИ-1-3.15/04520 от 09.04.15"
"ЭНТЕРИЗОЛ® ИЛЕИТИС (ENTERISOL® ILEITIS)";" 276-1-4.15-2776 № ПВИ-1-10.9/03020 от 14.09.15"
"ВЕТМЕДИН® капсулы (VETMEDIN® capsules) капсулы 1.25 мг";" 276-3-25.13-1750 № ПВИ-3-25.13/04159 от 25.12.13"
"ВЕТМЕДИН® капсулы (VETMEDIN® capsules) капсулы 2.5 мг";" 276-3-25.13-1750 № ПВИ-3-25.13/04159 от 25.12.13"
"ВЕТМЕДИН® капсулы (VETMEDIN® capsules) капсулы 5 мг";" 276-3-25.13-1750 № ПВИ-3-25.13/04159 от 25.12.13"
"ВЕТМЕДИН® капсулы (VETMEDIN® capsules) капсулы 10 мг";" 276-3-25.13-1750 № ПВИ-3-25.13/04159 от 25.12.13"
"ВЕТМЕДИН® (VETMEDIN®) 1.25 мг";" 276-3-10.16-3400 № ПВИ-3-25.13/04158 от 08.09.16"
"ВЕТМЕДИН® (VETMEDIN®) 2.5 мг";" 276-3-10.16-3400 № ПВИ-3-25.13/04158 от 08.09.16"
"ВЕТМЕДИН® (VETMEDIN®) 5 мг";" 276-3-10.16-3400 № ПВИ-3-25.13/04158 от 08.09.16"
"БЕАФАР ОШЕЙНИК ИНСЕКТОАКАРИЦИДНЫЙ ДЛЯ КОШЕК (BEAPHAR FLEA & TICK COLLAR FOR CAT)";"528-3-7.12-0828 № ПВИ-3-2.1/00752 от 27.06.12"
"БЕАФАР ОШЕЙНИК ИНСЕКТОАКАРИЦИДНЫЙ ДЛЯ СОБАК (BEAPHAR FLEA & TICK COLLAR FOR DOG)";"528-3-7.12-0829 № ПВИ-3-2.1/00751 от 27.06.12"
"БЕАФАР ОШЕЙНИК ИНСЕКТОАКАРИЦИДНЫЙ ДЛЯ СОБАК И КОШЕК С.О.С. (BEAPHAR FLEA & TICK COLLAR FOR DOG AND CAT S.O.S.)";" 528-3-8.14-2179 № ПВИ-3-3.9/02740 от 19.08.14"
"ЭНРОМАГ® (ENROMAG) раствор д/инъекций 50 мг";"77-3-18.12-0947 № ПВР-3-2.7/01959 от 31.08.12"
"ЭНРОМАГ® (ENROMAG) раствор д/инъекций 100 мг";"77-3-18.12-0947 № ПВР-3-2.7/01959 от 31.08.12"
"ЭНДОМЕТРАМАГ-БИО® (ENDOMETRAMAG-BIO)";"77-3-20.11-0490 № ПВР-3-20.11/02773 от 15.11.11"
"ЦИПРОМАГ®-О (CIPROMAG-O)";"№ ПВР-3-8.1/02714 от 14.07.16"
"ЦЕФТИМАГ® (CEFTIMAG) сусп. д/инъекций";"77-3-1.14-1853 № ПВР-3-1.14/03000 от 19.03.14"
"ФОЛЛИМАГ® (FOLLIMAG) лиофилизат д/пригот. р-ра д/инъекций 500";"77.3-2.12-0606 № ПВР-3-2.5/01387 от 26.03.12"
"ФОЛЛИМАГ® (FOLLIMAG) лиофилизат д/пригот. р-ра д/инъекций 1000";"77.3-2.12-0606 № ПВР-3-2.5/01387 от 26.03.12"
"СУПРИМИЦИН® (SUPRIMYCIN) раствор д/инъекций";"77-3-4.14-2043 № ПВР-3-11.8/02344 от 25.06.14"
"ПНЕВМОСТОП® (PNEUMOSTOP) раствор д/инъекций";"77-3-13.11-0438 № ПВР-3-13.11/02760 от 30.09.11"
"ПИГУЛИН® (PIGULIN®) 1 доза";"77-3-29.13-1753 № ПВР-3-5.8/02232 от 25.12.13"
"ПИГУЛИН® (PIGULIN®) 5 доз";"77-3-29.13-1753 № ПВР-3-5.8/02232 от 25.12.13"
"МИКСОФЕРОН® РАСТВОР ДЛЯ ИНЪЕКЦИЙ (MIXOFERON® SOLUTIO PRO INJECTIONIBUS) раствор д/инъекций 5 доз";"№ ПВР-3-1.0/02524 от 11.06.15"
"МИКСОФЕРОН® РАСТВОР ДЛЯ ИНЪЕКЦИЙ (MIXOFERON® SOLUTIO PRO INJECTIONIBUS) раствор д/инъекций 10 доз";"№ ПВР-3-1.0/02524 от 11.06.15"
"МЕТРАМАГ® (METRAMAG) раствор д/инъекций";"77-3-2.13-1323 № ПВР-3-7.7/02051 от 21.03.13"
"МАГЭСТРОФАН® (MAGESTROFAN) раствор д/инъекций";"77-3-2.12-0605 № ПВР-3-1.0/00316 от 26.03.12"
"МАГКОЛИСТИН® (MAGCOLISTIN) раствор д/перорального применения";"№ ПВР-3-8.11/02717 от 01.08.16"
"КОМУЛИН (COMULIN) раствор д/инъекций";"77-3-29.11-0564 № ПВР-3-29.11/02815 от 28.02.12"
"ДОКСИМАГ®-О (DOXYMAG-O)";"77-3-32.13-1754 № ПВР-3-5.7/02270 от 25.12.13"
"БРОМКОЛИН®-О (BROMCOLIN-O) раствор д/перорального применения";"77-3-2.13-1256 № ПВР-3-2.13/02901 от 26.02.13"
"БАКТИМАГ-О® (BACTIMAG-O) раствор д/перорального применения";"77-3-25.13-1555 № ПВР-3-25.13/02956 от 04.10.13"
"АЦИЛОМАГ® (ACILOMAG) сусп. д/инъекций";"77-3-36.12-1257 № ПВР-3-36.12/02902 от 26.02.13"
"АМОКСИМАГ® (AMOXIMAG) сусп. д/инъекций";" № ПВР-3-3.1/02703 от 27.06.16"
"АРГУМИСТИН® (ARGUMISTIN®) раствор д/приема внутрь и местного применения 0.001%";"01-3-14.14-3072 № ПВР-3-14.14/03088 от 16.03.16"
"АРГУМИСТИН® (ARGUMISTIN®) раствор д/приема внутрь и местного применения 0.005%";"01-3-14.14-3072 № ПВР-3-14.14/03088 от 16.03.16"
"ЭЛЬВИТА-УДИВИТ (ALVITA-UDIVIT)";"77-3-9.14-2315 № ПВР-3-10.8/02341 от 09.10.14"
"СОМАТИК-ЭКСПЕРТ (SOMATIC-EXPERT)";"ТУ BY 790624352/022-2013 от 24.05.13"
"ЦИФЛОН (CIFLON) раствор д/наружного применения";"№ 4591-10-14 БС ПА от 16.06.14"
"ФЛУКСИРОЛ (FLUXIROL) раствор д/инъекций";"№ 4818-10-15 БПХ-Ф от 13.03.15"
"ТЕТРАВИТФЕРОН-Б (TETRAVITFERON-B) раствор д/инъекций";"№ 3602-10-11 БПХ-Ф от 04.08.11"
"УТЕРОФУР (UTEROFUR) сусп. д/инъекций";"№ 4672-10-14 БА от 06.11.14"
"РЕЦЕФУР (RECEFUR) сусп. д/инъекций";"№ 4460-10-14 БА от 31.03.14"
"ПЕНОЦЕФУР (PENOCEFUR)";"№ 4461-10-14 БА от 31.03.14"
"ИНТЕРФЕРОН СВИНОЙ РЕКОМБИНАНТНЫЙ (RECOMBINANT PORCINE INTERFERON) раствор д/инъекций";"№ 4949-10-15 БПХ-Ф от 15.07.15"
"ИНТЕРФЕРОН БЫЧИЙ РЕКОМБИНАНТНЫЙ (RECOMBINANT BOVINE INTERFERON) раствор д/инъекций";"№ 4950-10-15 БПХ-Ф от 15.07.15"
"ДЕКТОМЕКТИН (DECTOMECTIN) раствор д/инъекций";"№ 4820-10-15 БФПА от 13.03.15"
"ФЕЛИФЕРОН® РАСТВОР ДЛЯ ИНЪЕКЦИЙ (SOLUTIO FELIFERONI PRO INJECTIONIBUS) раствор д/инъекций";" 77-3-8.14-2190 № ПВР-3-8.14/03048 от 26.08.14"
"БЕЛКОХЕЛП (BELKOHELP) порошок: , 0.01 %, 0.1 %, 0.17 %, 0.3 %";"№ РОСС RU.АГ19.Д05598 от 12.02.16"
"БЕЛКОХЕЛП (BELKOHELP) порошок: 0.01 %, 0.1 %, 0.17 %, 93.5 %";"№ РОСС RU.АГ19.Д05132 от 25.12.15"
"8 В 1 ЭКСЕЛЬ ДЕТЕР (8 IN 1 EXCEL DETER) таб.";"№ ПВИ-9.15/04645 от 12.10.15"
"МЕТАКАМ® (METACAM®) раствор д/инъекций";"276-3-2.1-0224 № ПВИ-3-2.1/03410 от 24.02.11"
"КУСТОВАК® D (CUSTOVAC® D)";"276-1-31.13-1699 № ПВИ-1-31.13/04141 от 13.12.13"
"ИНГЕЛЬВАК® АУЕСКИ MLV (INGELVAC® AUJESZKY MLV)";"276-1-21.11-0460 № ПВИ-1-21.11/03558 от 19.10.11"
"ИНГЕЛЬВАК® HP-1 (INGELVAC® HP-1)";"276-1-17.11-0440 № ПВИ-1-17.11/03534 от 30.09.11"
"ИНГЕЛЬВАК® APPX (INGELVAC® APPX)";" 276-1-17.11-1158 № ПВИ-1-17.11/03533 от 16.11.12"
"ИНГЕЛЬВАК ЦиркоФЛЕКС® (INGELVAC CircoFLEX®)";" 276-1-11.14-2417 № ПВИ-1-6.9/02915 от 11.12.14"
"ИНГЕЛЬВАК МикоФЛЕКС® (INGELVAC MycoFLEX®)";" 276-3-7.15-2752 № ПВИ-1-5.0/03199 от 18.08.15"
"ВОЛЬВАК® АС Плюс+ND+IB+EDS KV (VOLVAC® AC Plus+ND+IB+EDS KV)";"276-1-11.12-0737 № ПВИ-1-11.12/03724 от 16.05.12"
"ВОЛЬВАК® АС Плюс (VOLVAC® AC Plus)";"276-1-35.13-1783 № ПВИ-1-35.13/04169 от 22.01.14"
"ВОЛЬВАК® ND+IB+EDS KV (VOLVAC® ND+IB+EDS KV)";"276-1-33.12-1142 № ПВИ-1-33.12/03850 от 16.11.12"
"ВОЛЬВАК® ND LaSota MLV (VOLVAC® ND LaSota MLV)";"276-1-1.14-1852 № ПВИ-1-1.14/04183 от 04.03.14"
"ВОЛЬВАК® ND Conc. KV (VOLVAC® ND Conc. KV)";"276-1-33.12-1141 № ПВИ-1-33.12/03851 от 16.11.12"
"ВОЛЬВАК® IBD MLV (VOLVAC® IBD MLV)";"276-1-11.12-0720 № ПВИ-1-11.12/03710 от 11.05.12"
"ВОЛЬВАК® IB Mass MLV (VOLVAC® IB Mass MLV)";"276-1-1.14-1820 № ПВИ-1-1.14/04182 от 14.02.14"
"8 В 1 ЭКСЕЛЬ ПИВНЫЕ ДРОЖЖИ (8 IN 1® EXCEL® BREWER'S YEAST) таб. 0.4 мг";"№ ПВИ-2-5.0/03350 от 10.12.12"
"8 В 1 ЭКСЕЛЬ ПИВНЫЕ ДРОЖЖИ (8 IN 1® EXCEL® BREWER'S YEAST) таб. 2.1 мг";"№ ПВИ-2-5.0/03350 от 10.12.12"
"8 В 1 ЭКСЕЛЬ МУЛЬТИВИТАМИНЫ ДЛЯ СОБАК МЕЛКИХ ПОРОД (8 IN 1® EXCEL® MULTI VITAMIN - SMALL BREED) таб.";"№ ПВИ-2-5.0/03345 от 12.01.11"
"8 В 1 ЭКСЕЛЬ МОБАЙЛ ФЛЕКС ПЛЮС (8 IN 1® EXCEL® MOBILE FLEX(+))";"№ ПВИ-2-5.0/03351 от 12.01.11"
"8 В 1 ЭКСЕЛЬ КАЛЬЦИЙ (8 IN 1® EXCEL® CALCIUM) таб.";"№ ПВИ-2-5.0/03349 от 12.01.11"
"8 В 1 ЭКСЕЛЬ ГЛЮКОЗАМИН+МСМ (8 IN 1 EXCEL GLUCOSAMINE+MSM) таб.";"№ ПВИ-2-8.15/04644 от 06.10.15"
"8 В 1 ЭКСЕЛЬ ГЛЮКОЗАМИН (8 IN 1 EXCEL GLUCOSAMINE) таб.";"№ ПВИ-2-24.13/04071 от 11.09.13"
"БИОСЕПТИН (BIOSEPTIN)";"35-3-5.12-0603 № ПВР-1-1.6/01748 от 26.03.12"
"ВЕТОМ 4 (VETOM 4)";" 35-1-16.13-1477 № ПВИ-1-4.7/02080 от 12.07.13"
"ВЕТОМ 3 (VETOM 3)";"35-3-5.12-0600 № ПВР-2-1.9/00059 от 26.03.12"
"ВЕТОМ 2 (VETOM 2)";"35-3-5.12-0602 № ПВР-1-2.6/01746 от 26.03.12"
"ВЕТОМ 1.1 (VETOM 1.1)";" 35/35-Д1-5.3/00248 № КГМ-Д1-1.8/0089 от 25.10.13"
"ГЛИКОПИН® (GLIKOPIN®) таб.";" 77-3-7.12-0689 № ПВР-3-3.9/00149 от 24.12.12"
"ФОРВЕТ® (FORVET) раствор д/инъекций";"№ ПВР-3-9.9/02487 от 10.02.15"
"АСД фракция 2 (ASD fraction 2)";" 02-3-31.12-2370 № ПВР-3-1.2/00910 от 22.10.14"
"ВЕЛЕС 6.59 (VELES 6.59)";" 35-3-5.12-0601 № ПВР-1-1.6/01747 от 26.03.12"
"ФОРТЕКОР® ТАБЛЕТКИ (FORTEKOR® TABLETS) таб. 5 мг";" 826-3-4.16-3377 № ПВИ-3-3.0/03353 от 02.09.2016"
"ФОРТЕКОР® ТАБЛЕТКИ (FORTEKOR® TABLETS) таб. 20 мг";" 826-3-4.16-3377 № ПВИ-3-3.0/03353 от 02.09.2016"
"ПРАК-ТИК® (PRAC-TIC®) раствор д/наружного применения";"705-3-4.14-3041 № ПВИ-3-3.8/02666 от 29.02.16"
"ИММУНОФАН® (IMMUNOFAN) раствор д/инъекций";" 77-3-27.12-0984 № ПВР-3-4.9/00202 от 11.09.12"
"ТИЛОЗИН (TILOZIN) раствор д/инъекций 50 мг";" 44-3-12.12-2941 № ПВР-3-2.9/00065 от 31.12.15"
"ТИЛОЗИН (TILOZIN) раствор д/инъекций 200 мг";" 44-3-12.12-2941 № ПВР-3-2.9/00065 от 31.12.15"
"ДОКСИЛОКС® (DOXYLOX) раствор д/инъекций";" 44-3-4.16-3184 № ПВР-3-8.0/02644 от 17.05.16"
"БУРСИН ПЛЮС (BURSINE PLUS)";" 840-1-35.13-2982 № ПВИ-1-2.8/02515 от 03.02.16"
"ПУЛВАК IB ПРАЙМЕР (POULVAC IB PRIMER)";" 840-1-3.14-1934 № ПВИ-1-2.3/01471 от 16.04.14"
"СУВАКЦИН MH-ОДИН (SUVAXYN MH-ONE) сусп. д/инъекций";" 840-3-4.15-2617 № ПВИ-1-2.0/03120 от 08.05.15"
"ИМПРОВАК (IMPROVAC) раствор д/инъекций";" 840-3-6.13-1734 № ПВИ-3-4.7/02287 от 13.12.13"
"АВАТЕК 150G (AVATEC 150G)";"840-3-3.16-3111 № ПВИ-3-5.5/01847 от 12.04.16"
"НАКСЕЛ (NAXCEL) сусп. д/инъекций";"840-3-6.13-1775 № ПВИ-3-8.7/02308 от 13.01.14"
"ДРАКСИН (DRAXXIN) раствор д/инъекций: 100 мг";"840-3-13.13-1774 № ПВИ-3-2.7/02139 от 13.01.14"
"МЕКСИДОЛ-ВЕТ® (MEXIDOL-VET) таб. 50 мг";" 77-3-12.12-2928 № ПВР-3-5.6/01731 от 18.12.15"
"МЕКСИДОЛ-ВЕТ® (MEXIDOL-VET) таб. 125 мг";" 77-3-12.12-2928 № ПВР-3-5.6/01731 от 18.12.15"
"МЕКСИДОЛ-ВЕТ® (MEXIDOL-VET) раствор д/инъекций 25 мг";" 77-3-6.15-3085 № ПВР-3-5.6/01732 от 30.03.16"
"МЕКСИДОЛ-ВЕТ® (MEXIDOL-VET) раствор д/инъекций 50 мг";" 77-3-6.15-3085 № ПВР-3-5.6/01732 от 30.03.16"
"ФОСПРЕНИЛ (PHOSPRENYL)";" 77-3-5.14-2060 № ПВР-3-1.9/00010 от 08.07.14"
"ГАМАВИТ (GAMAVIT)";" 77-3-5.14-2020 № ПВР-3-3.3/01313 от 20.06.14"
"ГАМАПРЕН (GAMAPREN)";" 77-3-7.12-0653 № ПВР-3-4.6/01769 от 11.04.12"
"ОТИФРИ (OTIFREE)";
"ЭкоСайд Адванс (ECOCID ADVANCED)";
"ЭКОЦИД С (ECOCID S)";
"КАПЛИ VERMICON LINE-ON-IMMOSHIELD ОТ ПАРАЗИТОВ (ANTIPARASITIC DROPS VERMICON LINE-ON-IMMOSHIELD) капли";
"ХЕЛАВИТ С (HELAVIT C) раствор";
"ХЕЛАВИТ РАСТВОР ДЛЯ ИНЪЕКЦИЙ (HELAVITUM SOLUTION PRO INJECTIONIBUS) раствор д/инъекций";
"ХЕЛАВИТ В (HELAVIT B) раствор";
"ХЕЛАВИТ А (HELAVIT A) раствор";
