"МАКСИДИН 0,4 (MAXIDIN 0,4) раствор д/инъекций";"натрия хлорид, моноэтаноламин, вода д/и."
"МАКСИДИН 0,15 (MAXIDIN 0,15)";"натрия хлорид, моноэтаноламин, вода д/и."
"АУРИЗОН (AURIZON®) суспензия";"пропилгаллат, сорбитана моноолеат, кремния диоксид коллоидный, триглицериды среднецепочные."
"ЛЕКСОФЛОН® (LEXOFLON) раствор д/инъекций";"хлористоводородная кислота (соляная кислота), вода д/и."
"СИЛЕО® (SILEO®)";"пропиленгликоль, гидроксипропилцеллюлоза, натрия лаурилсульфат, бриллиантовый голубой, натрия гидроксид, хлористоводородная кислота (соляная кислота), вода очищенная."
"АНТИСЕДАН® (ANTISEDAN®) раствор д/инъекций";"натрия хлорид, метилпарагидроксибензоат, вода д/и."
"ДЕКСДОМИТОР® (DEXDOMITOR) раствор д/инъекций 0.1 мг";"метилпарагидроксибензоат, пропилпарагидроксибензоат, натрия хлорид, вода д/и."
"ДЕКСДОМИТОР® (DEXDOMITOR) раствор д/инъекций 0.5 мг";"метилпарагидроксибензоат, пропилпарагидроксибензоат, натрия хлорид, вода д/и."
"МЕТРИЦЕФ (METRICEFUM) суспензия";"вспомогательные вещества, основа."
"ЭРИПРИМ БТ (ERIPRIMUM BT)";"наполнитель."
"ТРАКСОВЕТ 100 (TRAXOVETUM 100) раствор д/инъекций";"вспомогательные вещества, растворитель."
"МАСТИМАКС (MASTIMAX)";"вспомогательные вещества, консервант, масляная основа."
"МАСТИЗИМ (MASTIZINUM)";"вспомогательные вещества, основа."
"БЕНСТРЕП (BENSTREP) сусп. д/инъекций";"вспомогательные вещества, наполнитель."
"ИНФЛАРЕТ (INFLARETUM) раствор д/инъекций";"вспомогательные вещества, растворитель."
"ЛИНКОСПЕКТ 150 (LINCOSPECTUM 150) раствор д/инъекций";"консервант, растворитель."
"ОФЛОСТИН (OFLOSTINUM)";"вспомогательные вещества, растворитель."
"КЕНОСЕПТ-Г (KENOSEPT-G)";"глицерин, краситель."
"ТОРНАКС-С (TORNAX-S)";"диспергирующие и комплексообразующие добавки, ингибиторы коррозии."
"ВИРОЦИД (VIROCID)";"растворитель АД-50 ВР (дистиллированная вода, оксиэтилированный спирт и этилендиаминтетрауксусная кислота)."
"МИЛЬБЕМАКС® (MILBEMAX®) для кошек 4+10 мг";"целлюлоза микрокристаллическая, натрия кармеллоза, повидон, лактоза, кремний коллоидный, магния стеарат, гипромеллоза, макрогол, тальк, пищевая добавка со вкусом говядины ""Artificial beef flavour""."
"МИЛЬБЕМАКС® (MILBEMAX®) для кошек 16+40 мг";"целлюлоза микрокристаллическая, натрия кармеллоза, повидон, лактоза, кремний коллоидный, магния стеарат, гипромеллоза, макрогол, тальк, ароматизатор пищевая добавка со вкусом говядины ""Artificial beef flavour"", железа оксид (краситель)."
"МИЛЬБЕМАКС® (MILBEMAX®) для собак 2.5+25 мг";"целлюлоза микрокристаллическая, натрия кроскармеллоза, повидон, лактозы моногидрат, кремний коллоидный, магния стеарат."
"МИЛЬБЕМАКС® (MILBEMAX®) для собак 12.5+125 мг";"целлюлоза микрокристаллическая, натрия кроскармеллоза, повидон, лактозы моногидрат, кремний коллоидный, магния стеарат."
"АТОПИКА® (ATOPICA®) капсулы 10 мг";"моно-, ди-, триглицериды кукурузного масла, этанол безводный (E1510), желатин (E441), глицерол 85% (E442), макрогола глицерина гидроксистеарат, пропиленгликоль (E1520), титана диоксид (E171), карминовая кислота (E120), α-токоферол (E307)."
"АТОПИКА® (ATOPICA®) капсулы 25 мг";"моно-, ди-, триглицериды кукурузного масла, этанол безводный (E1510), желатин (E441), глицерол 85% (E442), макрогола глицерина гидроксистеарат, пропиленгликоль (E1520), титана диоксид (E171), карминовая кислота (E120), краситель железа оксид черный, α-токоферол (E307)."
"АТОПИКА® (ATOPICA®) капсулы 50 мг";"моно-, ди-, триглицериды кукурузного масла, этанол безводный (E1510), желатин (E441), глицерол 85% (E442), макрогола глицерина гидроксистеарат, пропиленгликоль (E1520), титана диоксид (E171), карминовая кислота (E120), α-токоферол (E307)."
"АТОПИКА® (ATOPICA®) капсулы 100 мг";"моно-, ди-, триглицериды кукурузного масла, этанол безводный (E1510), желатин (E441), глицерол 85% (E442), макрогола глицерина гидроксистеарат, пропиленгликоль (E1520), титана диоксид (E171), карминовая кислота (E120), краситель железа оксид черный, α-токоферол (E307)."
"ФИПРИСТ® КОМБО (FYPRYST® COMBO) раствор д/наружного применения: 90 мг, 100 мг";"повидон K25, полисорбат 80, бутилгидроксианизол (E320), бутилгидрокситолуол (E321), этанол 96%, моноэтиловый эфир диэтиленгликоля - достаточное количество до 1 мл."
"ИВЕРМЕК OR (IVERMEK OR)";"диметилацетамид - 400 мг, полиэтиленгликоль-660-гидроксистеарат - 150 мг, бензиловый спирт - 10 мг, вода д/и - до 1 мл."
"ЛЕКСОФЛОН® OR (LEXOFLON® OR)";"хлористоводородная кислота (соляная кислота), ароматизатор ""Вишня 667"", вода очищенная."
"ЦИФЛУНИТ® ФЛОК (CYFLUNIT FLOCK) раствор д/наружного применения";"2-октилдодеканол, сольвессо 150, парафин жидкий - до 1 мл."
"РИКАЗОЛ® (RICAZOL) раствор д/инъекций";"диэтиленгликоля моноэтиловый эфир, пропиленгликоль - до 1 мл."
"ЦЕФТОНИТ® ФОРТЕ (CEFTONIT FORTE) сусп. д/инъекций";"пропиленгликоля дикаприлат/дикапрат - до 1 мл."
"НИТОКС® ФОРТЕ (NITOX® FORTE) раствор д/инъекций";"магния оксид (пролонгатор) - 20 мг, ронгалит (формальдегид сульфоксилат натрия) - 6 мг, N-метилпирролидон - до 1 мл."
"МЕРАДОК (MERADOK) раствор д/инъекций";"бензиловый спирт - 10 мг, бутилгидрокситолуол - 10 мг, масло кокосовое фракционированное (пропиленгликоля дикаприлат/дикапрат) - до 1 мл."
"ФИПРИСТ® КОМБО (FYPRYST® COMBO) раствор д/наружного применения: 100 мг, 120 мг";"повидон K25, полисорбат 80, бутилгидроксианизол (E320), бутилгидрокситолуол (E321), этанол 96%, моноэтиловый эфир диэтиленгликоля - достаточное количество до 1 мл."
"ОТИФРИ (OTIFREE)";"вода."
"ЭНРОНИТ® OR (ENRONIT® OR)";"натрия метабисульфит, уксусная кислота, вода дистиллированная."
"ЭНРОНИТ® (ENRONIT) раствор д/инъекций";"уксусная кислота - 55 мг, аммония ацетат - 1.3 мг, вода д/и - до 1 мл."
"ЦИФЛУНИТ-ON (CYFLUNIT-ON) раствор";"стабилизатор и растворители - до 100%."
"ЦИФЛУНИТ® (CYFLUNIT) раствор д/наружного применения";"сольвессо 200, 2-октилдодеканол, парафин жидкий."
"ЦЕФТОНИТ® (CEFTONIT) сусп. д/инъекций";"бутилгидрокситолуол, спирт бензиловый, алюминия моностеарат, масло подсолнечное или оливковое."
"ФЛУНЕКС (FLUNEX) раствор д/инъекций";"натрия салицилат, натрия гидроксид, вода д/и."
"ФЛОРОКС® (FLOROX) раствор д/инъекций";"пропиленгликоль 400 - 300 мг, диметилсульфоксид - 150 мг, полиэтиленгликоль - до 1 мл."
"УТЕРОТОН® (UTEROTON) раствор д/инъекций";"натрия метабисульфит, хлорэтон, лимонная кислота (для коррекции рН), вода дистиллированная."
"СТРОЛИТИН® (STROLITINE) раствор";"магния сульфат - 250 мг, сорбитол - 250 мг, вода дистиллированная - до 1 мл."
"СЕПРАНОЛ (SEPRANOL)";"кальция стеарат - 0.1 г, натрия карбонат - 3 г, лимонная кислота - 3 г, полиэтиленгликоль - 0.1 г, маннит - 2 г, поливинилпирролидон - 0.12 г, краситель (метиловый оранжевый) - 0.01 г, лактоза - до 10 г."
"НИТОКС® 200 (NITOX® 200) раствор д/инъекций";"магния оксид, N,N-диметилацетамид, ронгалит (формальдегидсульфоксилат натрия), моноэтаноламин, вода дистиллированная."
"НЕОЗИДИН М (NEOZIDIN М) раствор д/инъекций";"N,N-диметилацетамид - 575 мг, бензиловый спирт - 11.5 мг, бензойная кислота - 16.1 мг, натрия гидроксид - до pH 6.5, вода дистиллированная - до 1 мл."
"МАСТОМИЦИН® (MASTOMICIN)";"полоксамер 407, полиоксиэтилен-35-рицинол, глицерол, бензиловый спирт, вода дистиллированная."
"КЛОЗАТРЕМ® (CLOZATREM) раствор д/инъекций";"натрия гидроксид, бензиловый спирт, пропиленгликоль."
"ИВЕРМЕК®-ON (IVERMEK®-ON) раствор";"вспомогательные вещества - до 100%."
"ДОКСИЛОКС OR (DOXYLOX OR)";"спирт бензиловый - 10 мг, пропиленгликоль - до 1 мл."
"ДИТРИМ® (DITRIM®) раствор д/инъекций";"2-пирролидон, бензиловый спирт, натрия тиосульфат, динатриевая соль ЭДТА, вода д/и."
"БУТОФАН® (BUTOFAN) раствор д/инъекций";"метил-4-гидроксибензоат, вода д/и."
"АМОКСИЦИЛЛИН 150 (AMOXYCILLIN 150) сусп. д/инъекций";"бутилгидрокситолуол - 2 мг, бензиловый спирт - 10 мг, алюминия моностеарат - 15 мг, масло растительное - до 1 мл."
"ПРОГЕСТАМАГ® (PROGESTAMAG) сусп. д/инъекций";"сорбитана моноолеат - 6 мг, пропиленгликоля дикаприлат/дикапрат - до 1 мл."
"ЭНДОМЕТРАМАГ-ГРИН® (ENDOMETRAMAG-GREEN)";"пропиленгликоль - 0.3 мл, метилцеллюлоза - 1.5 мг, пропиленгликоля дикаприлат/дикапрат - 0.04 мл, токоферола ацетат - 0.6 мг, хлорофилл - 0.2 мг, нипагин - 3 мг, нипазол - 0.3 мг, трилон Б - 1 мг, вода д/и - до 1 мл."
"СТАРТИН-ФИТО (STARTINUM-FITO)";"натрия карбоксиметилцеллюлоза (бланоза) - 220 г."
"ПИХТОИН® (PICHTOINUM) мазь д/наружного применения";"воск пчелиный или вощина - 8 г, мел химически осажденный - 10 г, масло индустриальное - до 100 г."
"МАЗЬ ЯХАЛИМП (UNGUENTUM YAHALIMPUM) мазь д/наружного применения";"ланолин - 1 г, вазелин медицинский или ветеринарный - до 100 г."
"МАЗЬ ЭКЗЕКОНТ (UNGUENTUM ECZECONTUM) мазь д/наружного применения";"калия йодид - 4 г, ланолин - 15 г, вазелин - до 100 г."
"МАЗЬ ""ЯМ БК""® (UNGUENTUM ""YAM BK"") мазь д/наружного применения";"салициловая кислота - 5 г, креолин бесфенольный каменноугольный (лизол) - 5 г, скипидар - 2 г, деготь - 5 г, ланолин - 18 г, вазелин - 40 г, вода дистиллированная - до 100 г."
"ЛЕРСИН® (LERSINUM) порошок";"калий хлористый - 2 г, кальция лактат (или кальция ацетат) - 10 г."
"КРЕОЛИН-Х (KREOLIN-X) раствор д/наружного применения 2.5%";"креолин бесфенольный каменноугольный - до 100%."
"КРЕОЛИН-Х (KREOLIN-X) раствор д/наружного применения 5%";"креолин бесфенольный каменноугольный - до 100%."
"КАСЕПТУРИН (KASEPTURINUM) раствор д/наружного применения";"этанол - 70%, краситель пищевой синтетический, вода."
"ЙОДТРИЭТИЛЕНГЛИКОЛЬ (ИТЭГ)-А (IODTRIETHYLENGLICOLUM (ITEG)- A)";"калия йодид - 0.08%, калия йодат - 0.12%, хлороводородная кислота - 2.6%, триэтиленгликоль - до 100%."
"ЙОДИНОКОЛЬ (IODINOKOLUM)";"калия йодид - 0.5%, поливиниловый спирт - 1%, триэтиленгликоль - 10%, молочная кислота - 15%, вода - до 100%."
"ЙОД ОДНОХЛОРИСТЫЙ (IODUM MONOCHLORATUM) раствор д/наружного применения";"вода - до 100%."
"БИОРЕКС-ГХ (BIOREX-GH) раствор д/наружного применения 2.5%";"канифоль - 1.5%, живица - 1.5%, поверхностно-активное вещество (ОП-7 или ОП-10) - 12.5%, неонол - 12.5%, нефрас - до 100%."
"БИОРЕКС-ГХ (BIOREX-GH) раствор д/наружного применения 5%";"канифоль - 1.5%, живица - 1.5%, поверхностно-активное вещество (ОП-7 или ОП-10) - 12.5%, неонол - 12.5%, нефрас - до 100%."
"БУТОФАН® OR (BUTOFAN OR) раствор";"метил-4-гидроксибензоат - 1 мг, вода дистиллированная - до 1 мл."
"АМОКСИГАРД (AMOXYGARD) сусп. д/инъекций";"бутилгидрокситолуол - 2 мг, пропиленгликоля дикаприлат/дикапрат - до 1 мл."
"АЗИТРОНИТ® (AZITHRONIT) раствор д/инъекций";"пропиленгликоль, натрия цитрат, бензиловый спирт, лимонная кислота, вода д/и - до 1 мл."
"АЛЬВЕТ®-СУСПЕНЗИЯ (ALVET-SUSPENSION)";"метилцеллюлоза, 1,2-пропандиол, лимонная кислота, хлорэтон, натрия гидроксид (для коррекции рН), вода дистиллированная - до 1 мл."
"ЦИМАЛДЖЕКС (CIMALGEX®) таб. 8 мг";"повидон К25, кросповидон, натрия лаурилсульфат, макрогол 400, натрия стеарилфумарат, печеночный порошок, лактоза."
"ЦИМАЛДЖЕКС (CIMALGEX®) таб. 30 мг";"повидон К25, кросповидон, натрия лаурилсульфат, макрогол 400, натрия стеарилфумарат, печеночный порошок, лактоза."
"ЦИМАЛДЖЕКС (CIMALGEX®) таб. 80 мг";"повидон К25, кросповидон, натрия лаурилсульфат, макрогол 400, натрия стеарилфумарат, печеночный порошок, лактоза."
"ПРОПАЛИН (PROPALIN®) раствор д/перорального применения";"раствор сорбитола."
"ИПАКИТИНЕ (IPAKITINE)";"лактоза."
"ОРИДЭРМИЛ (ORIDERMYL®)";"воск полиэтиленовый, парафин жидкий."
"АЛЮСПРЕЙ (ALUSPRAY®) аэрозоль д/наружн.прим.";"парафин жидкий, смесь газов (бутан, изобутан, пропан)."
"АСД фракция 3 (ASD( )fraction 3)";"вода."
"СУВАКЦИН PCV MH (SUVAXYN PCV MH) сусп. д/инъекций";"разбавитель PBS."
"ПУЛВАК E. coli (POULVAC E. coli)";"стабилизатор LP, стерильный фосфатно-буферный раствор."
"ПУЛВАК БУРСА F (POULVAC BURSA F) лиофилизат д/пригот. р-ра д/приема внутрь";"* вакцина изготовлена из гомогената тушек, хорионаллантоисных оболочек и экстраэмбриональной жидкости СПФ-эмбрионов кур, инфицированных аттенуированным вирусом инфекционной бурсальной болезни. Вспомогательные вещества: сахарозо-альбумино-фосфатный стабилизатор, консерванты - гентамицина сульфат и суспензия нистатина."
"ПУЛВАК IB QX (POULVAC IB QX)";"* вакцина изготовлена из аллантоисной жидкости СПФ-эмбрионов кур, инфицированных аттенуированным вирусом инфекционного бронхита кур. Вспомогательные вещества (стабилизаторы): D-маннитол - 1.8-9.3 мкг, мио-инозитол - 1.8-9.3 мкг, пептон - 2.4-12.1 мкг, желатин - 2.6-13.2 мкг."
"ДРАКСИН (DRAXXIN) раствор д/инъекций: 25 мг";"монотиоглицерол - 5 мг, пропиленгликоль - 500 мг, лимонная кислота - 19.2 мг, хлористоводородная кислота, натрия гидроксид, вода д/и - до 1 мл."
"АПОКВЕЛ (APOQUEL) 3.6 мг";"целлюлоза микрокристаллическая, лактозы моногидрат, карбоксиметилкрахмал натрия, сахароза, магния стеарат, пленкообразователь ""Opadry II White"", вода очищенная."
"АПОКВЕЛ (APOQUEL) 5.4 мг";"целлюлоза микрокристаллическая, лактозы моногидрат, карбоксиметилкрахмал натрия, сахароза, магния стеарат, пленкообразователь ""Opadry II White"", вода очищенная."
"АПОКВЕЛ (APOQUEL) 16 мг";"целлюлоза микрокристаллическая, лактозы моногидрат, карбоксиметилкрахмал натрия, сахароза, магния стеарат, пленкообразователь ""Opadry II White"", вода очищенная."
"ЭНРОКСИЛ® ТАБЛЕТКИ СО ВКУСОМ МЯСА (ENROXIL® TABLETS WITH MEAT FLAVOUR) таб. 15 мг";"маннитол, крахмал кукурузный, натрия крахмала гликолят, ароматизатор с запахом мяса 10022, сополимер метакриловой кислоты, натрия лаурилсульфат, дибутилсебацинат, натрия кроскармеллоза, кремния диоксид коллоидный, тальк, магния стеарат."
"ЭНРОКСИЛ® ТАБЛЕТКИ СО ВКУСОМ МЯСА (ENROXIL® TABLETS WITH MEAT FLAVOUR) таб. 50 мг";"маннитол, крахмал кукурузный, натрия крахмала гликолят, ароматизатор с запахом мяса 10022, сополимер метакриловой кислоты, натрия лаурилсульфат, дибутилсебацинат, натрия кроскармеллоза, кремния диоксид коллоидный, тальк, магния стеарат."
"ЭНРОКСИЛ® ТАБЛЕТКИ СО ВКУСОМ МЯСА (ENROXIL® TABLETS WITH MEAT FLAVOUR) таб. 150 мг";"маннитол, крахмал кукурузный, натрия крахмала гликолят, ароматизатор с запахом мяса 10022, сополимер метакриловой кислоты, натрия лаурилсульфат, дибутилсебацинат, натрия кроскармеллоза, кремния диоксид коллоидный, тальк, магния стеарат."
"ФЛУБАКТИН® (FLUBACTIN®)";"натрия гидрокарбонат безводный - 100 мг, калия гидроксид - 40 мг, спирт бензиловый - 14 мг, глицерол - 200 мг, натрия сахарин - 1 мг, вода деминерализованная - до 1 мл."
"ФИПРИСТ® СПРЕЙ (FYPRYST® SPRAY) раствор д/наружного применения";"коповидон - 2%, изопропанол - 80%, вода очищенная - до 100%."
"ТРИСУЛЬФОН® (TRISULFON®)";"лактозы моногидрат."
"ТРИСУЛЬФОН® СУСПЕНЗИЯ ДЛЯ ОРАЛЬНОГО ПРИМЕНЕНИЯ (TRISULFON® ORAL SUSPENSION)";"целлюлоза микрокристаллическая, полисорбат 80, кармеллоза натрия, сорбитол, натрия сахаринат, спирт бензиловый, симетикон, вода деминерализованная."
"СОЛВИМИН® СЕЛЕН (SOLVIMIN® SELEN)";"аэросил безводный, ароматизатор яблоко-анис, сорбитол."
"РИКАРФА® (RYCARFA) раствор д/инъекций";"спирт бензиловый, аргинин, гликохолевая кислота, лецитин, натрия гидроксид, хлористоводородная кислота, вода д/и."
"МИЛПРАЗОН® ТАБЛЕТКИ ДЛЯ СОБАК (MILPRAZON® TABLETS FOR DOGS) 2.5+25 мг";"целлюлоза микрокристаллическая - 23.08 мг, лактозы моногидрат - 39.1 мг, повидон - 4 мг, кроскармеллоза натрия - 10 мг, кремний коллоидный безводный - 1.52 мг, магния стеарат - 2.4 мг, ароматизатор мясной (Aroma meat flavor 10022) - 18 мг, дрожжи сухие - 6.4 мг."
"МИЛПРАЗОН® ТАБЛЕТКИ ДЛЯ СОБАК (MILPRAZON® TABLETS FOR DOGS) 12.5+125 мг";"целлюлоза микрокристаллическая - 115.4 мг, лактозы моногидрат - 195.5 мг, повидон - 20 мг, кроскармеллоза натрия - 50 мг, кремний коллоидный безводный - 7.6 мг, магния стеарат - 12 мг, ароматизатор мясной (Aroma meat flavor 10022) - 90 мг, дрожжи сухие - 32 мг."
"МИЛПРАЗОН® ТАБЛЕТКИ ДЛЯ КОШЕК (MILPRAZON® TABLETS FOR CATS) 4+10 мг";"целлюлоза микрокристаллическая - 32.98 мг, лактозы моногидрат - 75.37 мг, повидон - 0.75 мг, кроскармеллоза натрия - 5.5 мг, кремний коллоидный безводный - 0.9 мг, магния стеарат - 2.5 мг, опадрай белый - 3.2 мг, ароматизатор мясной - 0.4 мг, дрожжи сухие - 0.2 мг, железа оксид желтый (Е172) - 0.2 мг."
"МИЛПРАЗОН® ТАБЛЕТКИ ДЛЯ КОШЕК (MILPRAZON® TABLETS FOR CATS) 16+40 мг";"целлюлоза микрокристаллическая - 20.80 мг, лактозы моногидрат - 41.5 мг, повидон - 3 мг, кроскармеллоза натрия - 7 мг, кремний коллоидный безводный - 1.2 мг, магния стеарат - 2.5 мг, опадрай белый - 3.2 мг, ароматизатор мясной (Aroma meat flavour 10022)- 0.4 мг, дрожжи сухие - 0.2 мг, железа оксид красный (Е172) - 0.2 мг."
"КОКЦИСАН 120Г ГРАНУЛЯТ (KOKCISAN 120G GRANULATE)";"мел - до 100%."
"КАЛЬФОСЕТ® (CALFOSET®) раствор д/инъекций";"борная кислота - 6.6%, натрия цитрат безводный (для коррекции pH), вода д/и - до 100%."
"ГИРАКСА® (GIRAXA®)";"лактозы моногидрат - 18.6 г, сахароза - до 100 г."
"ФЛОРОН® 4% (FLORON® 4%)";"пропиленгликоль - 1 г, мел - 95 г."
"ЭГОЦИН 155 (EGOCIN 155)";"кальция карбонат - до 100 г."
"ЭНРОКСИЛ® 10% РАСТВОР ДЛЯ ИНЪЕКЦИЙ (ENROXIL® 10% SOLUTIO PRO INJECTIONIBUS) раствор д/инъекций";"бутанол, калия гидроксид, вода д/и."
"ЭНРОКСИЛ® 10% РАСТВОР ДЛЯ ПЕРОРАЛЬНОГО ПРИМЕНЕНИЯ (ENROXIL® 10% SOLUTIO PER USUM ORAL) раствор д/перорального применения";"калия гидроксид, спирт бензиловый, вода дистиллированная."
"ЭНРОКСИЛ® 5% ПОРОШОК (ENROXIL® 5% POWDER)";"лактоза, аэросил."
"ЭНРОКСИЛ® 5% РАСТВОР ДЛЯ ИНЪЕКЦИЙ (ENROXIL® 5% SOLUTIO PRO INJECTIONIBUS) раствор д/инъекций";"бутанол, калия гидроксид, вода д/и."
"ФЛОРОН® 30% (FLORON® 30%) раствор д/инъекций";"диметилсульфоксид, пропиленгликоль, полиэтиленгликоль."
"ФЛОРОН® 10% (FLORON® 10%)";"полиэтиленгликоль 200."
"ФЛОРОН® 2% ПОРОШОК (FLORON® 2% POWDER)";"лактозы моногидрат, кремния диоксид безводный."
"ЭГОЦИН® 20 ПОРОШОК (EGOCIN® 20 POWDER)";"кремния диоксид коллоидный, лактозы моногидрат."
"ЭГОЦИН® L.A. (EGOCIN® L.A.) раствор д/инъекций";"2-пирролидон, поливинилпирролидон, натрия формальдегидсульфоксилат, магния оксид, моноэтаноламин, хлористоводородная кислота, вода д/и."
"ФЛУБАКТИН® 10% (FLUBACTIN® 10%)";"натрия карбонат, лактозы моногидрат."
"ФЛИМАБЕНД (FLIMABEND)";"кармеллоза натрия, ксантановая камедь, лимонной кислоты моногидрат, карбомеры, динатрия эдетат, метилпарагидроксибензоат, пропиленгликоль, натрия бензоат, вода очищенная."
"ФИПРИСТ® СПОТ ОН (FYPRYST® SPOT ON) раствор д/наружного применения";"повидон, полисорбат, бутилгидроксианизол, бутилгидротолуен, диметилсульфоксид."
"ЭНРОКСИЛ® МАКС (ENROXIL® MAX) раствор д/инъекций";"бензиловый спирт, бутиловый спирт, аргинин, вода д/и."
"ГЕНТАМИЦИН ПОРОШОК (GENTAMICIN PULVIS)";"кремний коллоидный безводный, лактоза."
"ТИАВАЛТ® (TYAWALT®)";"лактозы моногидрат - до 1 г."
"РИКАРФА® ТАБЛЕТКИ СО ВКУСОМ МЯСА (RYCARFA® TABLETS WITH MEAT FLAVOUR) 20 мг";"лактозы моногидрат, крахмал кукурузный, железа оксид красный, железа оксид черный, поливидон К30, натрия крахмала гликолят, ароматизатор с запахом мяса 10022, кремния ангидрид коллоидный, тальк, магния стеарат."
"РИКАРФА® ТАБЛЕТКИ СО ВКУСОМ МЯСА (RYCARFA® TABLETS WITH MEAT FLAVOUR) 50 мг";"лактозы моногидрат, крахмал кукурузный, железа оксид красный, железа оксид черный, поливидон К30, натрия крахмала гликолят, ароматизатор с запахом мяса 10022, кремния ангидрид коллоидный, тальк, магния стеарат."
"РИКАРФА® ТАБЛЕТКИ СО ВКУСОМ МЯСА (RYCARFA® TABLETS WITH MEAT FLAVOUR) 100 мг";"лактозы моногидрат, крахмал кукурузный, железа оксид красный, железа оксид черный, поливидон К30, натрия крахмала гликолят, ароматизатор с запахом мяса 10022, кремния ангидрид коллоидный, тальк, магния стеарат."
"МИЗОКСИН (MISOXIN)";"винная кислота - до 1 г."
"МАРФЛОКСИН® 10% РАСТВОР ДЛЯ ИНЪЕКЦИЙ (MARFLOXIN® 10% SOLUTION FOR INJECTION) раствор д/инъекций";"метакрезол, динатрия эдетат, монотиоглицерол, глюконолактон, вода д/и."
"МАРФЛОКСИН® 2% РАСТВОР ДЛЯ ИНЪЕКЦИЙ (MARFLOXIN® 2% SOLUTION FOR INJECTION) раствор д/инъекций";"глюконолактон - 16 мг, динатрия эдетат - 0.1 мг, маннитол - 30 мг, метакрезол - 2 мг, монотиоглицерол - 0.5 мг, вода д/и - до 1 мл."
"МАРФЛОКСИН® ТАБЛЕТКИ (MARFLOXIN® TABLETS) 5 мг";"лактозы моногидрат, повидон, кросповидон, магния стеарат, ароматизатор мясной, масло касторовое гидрогенизированное, порошок дрожжевой, кремния диоксид коллоидный безводный."
"МАРФЛОКСИН® ТАБЛЕТКИ (MARFLOXIN® TABLETS) 20 мг";"лактозы моногидрат, повидон, кросповидон, магния стеарат, ароматизатор мясной, масло касторовое гидрогенизированное, порошок дрожжевой, кремния диоксид коллоидный безводный."
"МАРФЛОКСИН® ТАБЛЕТКИ (MARFLOXIN® TABLETS) 80 мг";"лактозы моногидрат, повидон, кросповидон, магния стеарат, ароматизатор мясной, масло касторовое гидрогенизированное, порошок дрожжевой, кремния диоксид коллоидный безводный."
"АМАТИБ 80% ВОДОРАСТВОРИМЫЙ ПОРОШОК (AMATIB 80% WATER SOLUBLE POWDER)";"натрия карбоната моногидрат, натрия цитрат, кремния ангидрид коллоидный."
"ДЕХИНЕЛ® ПЛЮС (DEHINEL® PLUS)";"лактозы моногидрат, крахмал кукурузный, повидон К30, натрия лаурилсульфат, целлюлоза микрокристаллическая, кремния коллоидный ангидрид, магния стеарат."
"ДЕХИНЕЛ® ПЛЮС ТАБЛЕТКИ СО ВКУСОМ МЯСА (DEHINEL® PLUS TABLETS WITH MEAT FLAVOUR)";"лактозы моногидрат, крахмал кукурузный, повидон К30, натрия лаурилсульфат, целлюлоза микрокристаллическая, кремния коллоидный ангидрид, магния стеарат, ароматическая добавка со вкусом мяса Aroma Meat Flavour 10022."
"ТОЛТАРОКС® (TOLTAROX®)";"докузат натрия, симетикона эмульсия, натрия бензоат, пропионат натрия, пропиленгликоль, бентонит, ксантановая камедь, лимонная кислота, вода дистиллированная."
"ЛАВЕТА СУПЕР ДЛЯ СОБАК (LAVETA SUPER FOR DOG) жидкость";"кремофор EL - 140 г/л, молочная кислота - 2.28 г/л, фосфорная кислота - 14.5 г/л, калия сорбат - 1.03 г/л, вода - до 1 л."
"ЭКОЦИД С (ECOCID S)";"натрия додецилбензил сульфонат, органические кислоты, неорганические буферные системы (натрия хлорид, натрия полифосфат), краситель, отдушка цитрусовая."
"ЭКОЦИД (ECOCID)";"смесь поверхностно-активных веществ, неорганические буферные системы, стабилизирующие вещества, отдушка."
"КАПЛИ VERMICON LINE-ON-IMMOSHIELD ОТ ПАРАЗИТОВ (ANTIPARASITIC DROPS VERMICON LINE-ON-IMMOSHIELD) капли";"масло эвкалипта, сосны и мяты перечной; отдушка - 10 г/л."
"ЛАКТИС ЗОО (LACTIS ZOO) жидкость";"молочная кислота, неотам, натуральная минеральная вода."
"ВОЛЬВАК® AE+FP MLV (VOLVAC® AE+FP MLV) лиофилизат д/пригот. р-ра д/инъекций";"стабилизатор 0.0037 мл (обезжиренное молоко (125 мг/мл), дигидрофосфат натрия (0.6 мг/мл), NZ-Амин (тип AS) (25 мг/мл), гидрофосфат калия (1.6 мг/мл), сахароза (87.5 мг/мл), глутамат натрия (1.4 мг/мл), сорбитол (37.5 мг/мл), растворенные в воде для инъекций), раствор гентамицина сульфата (0.00005 мл), раствор пенициллин-стрептомицина (0.00005 мл) в качестве консервантов в одной прививной дозе. Вакцина поставляется со специальным стерильным разбавителем ""Вольвак® FP"" (Volvac® FP): стерильный фосфатно-буферный раствор (pH 7.0-7.8) с добавлением глицерина (295 мг/мл), хлорида натрия (8 мг/мл), гидрофосфата калия (1.6 мг/мл), дигидрофосфата калия (0.18 мг/мл), красителя Orange Color, воды д/и (до 1 мл)."
"ЭНТЕРИЗОЛ® ИЛЕИТИС (ENTERISOL® ILEITIS)";"сахароза и желатин в качестве стабилизаторов; разбавитель - стерильная дистиллированная вода."
"ВЕТМЕДИН® капсулы (VETMEDIN® capsules) капсулы 1.25 мг";"лимонная кислота безводная - 72.5 мг, целлюлоза микрокристаллическая - 20 мг, кремний коллоидный безводный - 4.25 мг, повидон - 1.5 мг, магния стеарат - 0.5 мг."
"ВЕТМЕДИН® капсулы (VETMEDIN® capsules) капсулы 2.5 мг";"лимонная кислота безводная - 145 мг, целлюлоза микрокристаллическая - 40 мг, кремний коллоидный безводный - 8.5 мг, повидон - 3 мг, магния стеарат - 1 мг."
"ВЕТМЕДИН® капсулы (VETMEDIN® capsules) капсулы 5 мг";"лимонная кислота безводная - 206.5 мг, целлюлоза микрокристаллическая - 40 мг, кремний коллоидный безводный - 11 мг, повидон - 4 мг, магния стеарат - 1.5 мг."
"ВЕТМЕДИН® капсулы (VETMEDIN® capsules) капсулы 10 мг";"лимонная кислота безводная - 413 мг, целлюлоза микрокристаллическая - 80 мг, кремний коллоидный безводный - 22 мг, повидон - 8 мг, магния стеарат - 3 мг."
"ВЕТМЕДИН® (VETMEDIN®) 1.25 мг";"лимонная кислота безводная, кроскармеллоза натрия, крахмал маисовый, лактозы моногидрат, повидон 25, мясная вкусовая добавка, кремний коллоидный безводный, магния стеарат."
"ВЕТМЕДИН® (VETMEDIN®) 2.5 мг";"лимонная кислота безводная, кроскармеллоза натрия, крахмал маисовый, лактозы моногидрат, повидон 25, мясная вкусовая добавка, кремний коллоидный безводный, магния стеарат."
"ВЕТМЕДИН® (VETMEDIN®) 5 мг";"лимонная кислота безводная, кроскармеллоза натрия, крахмал маисовый, лактозы моногидрат, повидон 25, мясная вкусовая добавка, кремний коллоидный безводный, магния стеарат."
"ХЕЛАВИТ РАСТВОР ДЛЯ ИНЪЕКЦИЙ (HELAVITUM SOLUTION PRO INJECTIONIBUS) раствор д/инъекций";"бензиловый спирт (консервант), вода д/и."
"БЕАФАР ОШЕЙНИК ИНСЕКТОАКАРИЦИДНЫЙ ДЛЯ КОШЕК (BEAPHAR FLEA & TICK COLLAR FOR CAT)";"смесь поливинилхлоридная ""С натурель"" - 82.1%, масло соевое эпоксидированное - 1.4%, бария лаурат - 0.6%, масло мятное - 0.8%, краситель руспринтекс (Е153) или эритрозин Л (Е127) - 0.1%."
"БЕАФАР ОШЕЙНИК ИНСЕКТОАКАРИЦИДНЫЙ ДЛЯ СОБАК (BEAPHAR FLEA & TICK COLLAR FOR DOG)";"смесь поливинилхлоридная ""С натурель"" - 82.1%, масло соевое эпоксидированное - 1.4%, бария лаурат - 0.6%, масло мятное - 0.8%, краситель руспринтекс (Е153) или эритрозин Л (Е127) - 0.1%."
"БЕАФАР ОШЕЙНИК ИНСЕКТОАКАРИЦИДНЫЙ ДЛЯ СОБАК И КОШЕК С.О.С. (BEAPHAR FLEA & TICK COLLAR FOR DOG AND CAT S.O.S.)";"смесь поливинилхлоридная - 85.8%."
"ЭНРОМАГ® (ENROMAG) раствор д/инъекций 50 мг";"бутанол, калия гидроксид, вода д/и."
"ЭНРОМАГ® (ENROMAG) раствор д/инъекций 100 мг";"бутанол, калия гидроксид, вода д/и."
"ЭНДОМЕТРАМАГ-БИО® (ENDOMETRAMAG-BIO)";"вода д/и."
"ЦИПРОМАГ®-О (CIPROMAG-O)";"пропиленгликоль, бутанол, динатриевая соль этилендиаминтетрауксусной кислоты, вода д/и."
"ЦЕФТИМАГ® (CEFTIMAG) сусп. д/инъекций";"метиловый эфир параоксибензойной кислоты - 1.8 мг, пропиловый эфир параоксибензойной кислоты - 0.2 мг, пропиленгликоля дикаприлат (дикапрат) - до 1 мл."
"ФОЛЛИМАГ® (FOLLIMAG) лиофилизат д/пригот. р-ра д/инъекций 500";"калия фосфат однозамещенный, натрия фосфат двузамещенный."
"ФОЛЛИМАГ® (FOLLIMAG) лиофилизат д/пригот. р-ра д/инъекций 1000";"калия фосфат однозамещенный, натрия фосфат двузамещенный."
"СУПРИМИЦИН® (SUPRIMYCIN) раствор д/инъекций";"поливинилпирролидон - 80 мг, моноэтаноламин - 0.08 мл, вода д/и - 0.25 мл, монопропиленгликоль - до 1 мл."
"ПИГУЛИН® (PIGULIN®) 1 доза";"глицин - 5 мг, калия фосфат однозамещенный - 0.63 мг, натрия фосфат двузамещенный - 0.29 мг."
"ПИГУЛИН® (PIGULIN®) 5 доз";"глицин - 10 мг, калия фосфат однозамещенный - 1.26 мг, натрия фосфат двузамещенный - 0.58 мг."
"МИКСОФЕРОН® РАСТВОР ДЛЯ ИНЪЕКЦИЙ (MIXOFERON® SOLUTIO PRO INJECTIONIBUS) раствор д/инъекций 5 доз";"реополиглюкин - 0.5 мг, натрия фосфат двузамещенный - 0.145 мг, калия фосфат однозамещенный - 0.01 мг, вода д/и до 1 мл."
"МИКСОФЕРОН® РАСТВОР ДЛЯ ИНЪЕКЦИЙ (MIXOFERON® SOLUTIO PRO INJECTIONIBUS) раствор д/инъекций 10 доз";"реополиглюкин - 0.5 мг, натрия фосфат двузамещенный - 0.145 мг, калия фосфат однозамещенный - 0.01 мг, вода д/и до 1 мл."
"МЕТРАМАГ® (METRAMAG) раствор д/инъекций";"пропиленгликоль - 100 мл, трилон Б - 1 г, нипагин - 2.1 г, нипазол - 0.3 г, вода д/и - до 1000 мл."
"МАГЭСТРОФАН® (MAGESTROFAN) раствор д/инъекций";"вода д/и."
"МАГКОЛИСТИН® (MAGCOLISTIN) раствор д/перорального применения";"трилон Б, нипагин, вода д/и."
"КОМУЛИН (COMULIN) раствор д/инъекций";"пропиленгликоль, вода д/и."
"ДОКСИМАГ®-О (DOXYMAG-O)";"поливинилпирролидон - 50 мг, моноэтаноламин - 0.005 мл, магния хлорид (или магния оксид) - 90 мг, вода д/и - до 1 мл."
"БРОМКОЛИН®-О (BROMCOLIN-O) раствор д/перорального применения";"пропиленгликоль - 80 мг, поливинилпирролидон - 50 мг, нипагин - 1.8 мг, вода д/и - до 1 мл."
"БАКТИМАГ-О® (BACTIMAG-O) раствор д/перорального применения";"уксусная кислота - 35 мг, трилон Б - 1 мг, монопропиленгликоль - 200 мг, вода д/и - 1 мл."
"АЦИЛОМАГ® (ACILOMAG) сусп. д/инъекций";"алюминия стеарат - 5 мг, бензилбензоат - 50 мг, метиловый эфир параоксибензойной кислоты - 1.8 мг, пропиловый эфир параоксибензойной кислоты - 0.2 мг, пропиленгликоля дикаприлат (дикапрат) - до 1 мл."
"АМОКСИМАГ® (AMOXIMAG) сусп. д/инъекций";"алюминия стеарат, нипагин, нипазол, масло кокосовое фракционированное."
"АРГУМИСТИН® (ARGUMISTIN®) раствор д/приема внутрь и местного применения 0.001%";"тетрагидридоборат - 7 мкг, вода д/и - до 1 мл."
"АРГУМИСТИН® (ARGUMISTIN®) раствор д/приема внутрь и местного применения 0.005%";"тетрагидридоборат - 35 мкг, вода д/и - до 1 мл."
"ЭЛЬВИТА-УДИВИТ (ALVITA-UDIVIT)";"5% водный раствор декстрозы (глюкозы) - до 1000 мл."
"УТЕРОФУР (UTEROFUR) сусп. д/инъекций";"основа - до 10 см(3)."
"ПЕНОЦЕФУР (PENOCEFUR)";"пенообразующая основа - до 10 г."
"ИНТЕРФЕРОН СВИНОЙ РЕКОМБИНАНТНЫЙ (RECOMBINANT PORCINE INTERFERON) раствор д/инъекций";"Действующие вещества растворены в неионогенном растворителе с добавлением стабилизаторов."
"ИНТЕРФЕРОН БЫЧИЙ РЕКОМБИНАНТНЫЙ (RECOMBINANT BOVINE INTERFERON) раствор д/инъекций";"Действующие вещества растворены в неионогенном растворителе с добавлением стабилизаторов."
"ФЕЛИФЕРОН® РАСТВОР ДЛЯ ИНЪЕКЦИЙ (SOLUTIO FELIFERONI PRO INJECTIONIBUS) раствор д/инъекций";"уксусная кислота ледяная - около 0.0045 мл (до установления pH от 4.5 до 5), натрия ацетат - 1.64 мг, натрия хлорид - 5.84 мг, полисорбат 20 - 0.1 мг, натриевая соль ЭДТА - 0.07 мг, декстран 40 - 50 мг, вода д/и - до 1 мл."
"8 В 1 ЭКСЕЛЬ ДЕТЕР (8 IN 1 EXCEL DETER) таб.";"перец острый, диоксид кремния, магния стеарат - до 100%."
"МЕТАКАМ® (METACAM®) раствор д/инъекций";"этанол - 150 мг, полиэтиленгликоль 300 - 150 мг, этилендиаминтетрауксусная кислота - 1 мг, вода д/и - до 1 мл."
"КУСТОВАК® D (CUSTOVAC® D)";"наполнитель - до 100 г (натрия хлорид - 14.66%, кремния диоксид - 13.17%, магния стеарат - 13.17%)."
"ИНГЕЛЬВАК® АУЕСКИ MLV (INGELVAC® AUJESZKY MLV)";"растворитель - стерильная дистиллированная вода."
"ИНГЕЛЬВАК® HP-1 (INGELVAC® HP-1)";"формалин - (0.5% по объему), монтанид ISA 206 (45-55% по объему) и изотонический раствор хлорида натрия."
"ИНГЕЛЬВАК® APPX (INGELVAC® APPX)";"формалин (0.2% по объему), гидроокись алюминия (0.5% по объему) и изотонический раствор хлорида натрия - до 2 мл."
"ИНГЕЛЬВАК ЦиркоФЛЕКС® (INGELVAC CircoFLEX®)";"адъювант - 1 мг карбомера в изотоническом растворе хлорида натрия."
"ИНГЕЛЬВАК МикоФЛЕКС® (INGELVAC MycoFLEX®)";"формальдегид, вспомогательный компонент - карбомер, изотонический раствор хлорида натрия."
"ВОЛЬВАК® АС Плюс+ND+IB+EDS KV (VOLVAC® AC Plus+ND+IB+EDS KV)";"формалин (0.432 мг), в качестве адъюванта минеральные масла (265.48 мг), пропиленгликоль (4.144 мг), консервант - тиомерсал (0.05 мг) и вода д/и (до 0.5 мл)."
"ВОЛЬВАК® АС Плюс (VOLVAC® AC Plus)";"формалин (0.432 мг), в качестве адъюванта минеральное масло (234.402 мг), пропиленгликоль (4.144 мг), ПАВ - Спан 80 (22.72 мг) и Твин 80 (8.262 мг), консервант - тиомерсала (0.05 мг)."
"ВОЛЬВАК® ND+IB+EDS KV (VOLVAC® ND+IB+EDS KV)";"формалин (0.432 мг), минеральные масла (265.48 мг), пропиленгликоль (4.144 мг), консервант - тиомерсал (0.05 мг) и вода д/и (до 0.5 мл)."
"ВОЛЬВАК® ND LaSota MLV (VOLVAC® ND LaSota MLV)";"стабилизатор А - 0.0006 мл (тиомочевина, аскорбат натрия, биотриптазный пептон), стабилизатор В - 0.0006 мл (обезжиренное молоко) и консерванты - растворы пенициллин-стрептомицина и гентамицина (по 0.0000043 мл). Стерильный разбавитель ""Вольвак® дилуент"" (Volvac® diluent): раствор натрия хлорида (0.9%), гидрофосфат калия, дигидрофосфат калия и краситель Blue Color No.1."
"ВОЛЬВАК® ND Conc. KV (VOLVAC® ND Conc. KV)";"формалин (0.1728 мг), минеральное масло (121.8 мг), пропиленгликоль (0.6216 мг), консервант - тиомерсал (0.02 мг) и вода д/и (до 0.2 мл)."
"ВОЛЬВАК® IBD MLV (VOLVAC® IBD MLV)";"Растворитель: физиологический раствор хлорида натрия, подкрашенный Blue Color No.1."
"ВОЛЬВАК® IB Mass MLV (VOLVAC® IB Mass MLV)";"стабилизатор НЗХ - 0.0006 мл (сахар, глутамат натрия, NZ амин, желатиновый и мясной пептон, растворенные в воде для инъекций), стабилизатор В - 0.0006 мл (обезжиренное молоко, растворенное в воде для инъекций), консервант - раствор пенициллин-стрептомицина и гентамицина (по 0.0000043 мл) в одной иммунизирующей дозе. Стерильный разбавитель ""Вольвак® дилуент"" (Volvac® diluent): физиологический раствор натрия хлорида, гидрофосфат калия, дигидрофосфат калия и краситель Blue Color No.1."
"8 В 1 ЭКСЕЛЬ ПИВНЫЕ ДРОЖЖИ (8 IN 1® EXCEL® BREWER'S YEAST) таб. 0.4 мг";" кремния диоксид - 0.9%."
"8 В 1 ЭКСЕЛЬ ПИВНЫЕ ДРОЖЖИ (8 IN 1® EXCEL® BREWER'S YEAST) таб. 2.1 мг";" кремния диоксид - 0.9%."
"8 В 1 ЭКСЕЛЬ МУЛЬТИВИТАМИНЫ ДЛЯ СОБАК МЕЛКИХ ПОРОД (8 IN 1® EXCEL® MULTI VITAMIN - SMALL BREED) таб.";"лактоза - 5.7%, минеральные вещества (дикальция фосфата дигидрат, хлорид натрия, диоксид кремния) - 27.3%."
"8 В 1 ЭКСЕЛЬ МОБАЙЛ ФЛЕКС ПЛЮС (8 IN 1® EXCEL® MOBILE FLEX(+))";"мука кукурузная (в качестве наполнителя)."
"8 В 1 ЭКСЕЛЬ КАЛЬЦИЙ (8 IN 1® EXCEL® CALCIUM) таб.";"лактоза - 44.1%, минеральные вещества (натрия хлорид, диоксид кремния) - 32%."
"8 В 1 ЭКСЕЛЬ ГЛЮКОЗАМИН+МСМ (8 IN 1 EXCEL GLUCOSAMINE+MSM) таб.";"стеариновая кислота - 5.5%, глицерин - 1%, кремния диоксид - 0.5%, магния стеарат - 0.5%."
"8 В 1 ЭКСЕЛЬ ГЛЮКОЗАМИН (8 IN 1 EXCEL GLUCOSAMINE) таб.";"кремния диоксид, магния стеарат."
"БИОСЕПТИН (BIOSEPTIN)";"агаризованная питательная среда после выращивания этих бактерий, этанол."
"ВЕТОМ 4 (VETOM 4)";"сахар или сахарная пудра и крахмал. "
"ВЕТОМ 3 (VETOM 3)";"сахар или сахарная пудра и крахмал. "
"ВЕТОМ 2 (VETOM 2)";"сахар или сахарная пудра и крахмал. "
"ВЕТОМ 1.1 (VETOM 1.1)";"сахар или сахарная пудра и крахмал. "
"ГЛИКОПИН® (GLIKOPIN®) таб.";"лактозы моногидрат, сахароза, крахмал картофельный, метилцеллюлоза, кальция стеарат."
"ФОРВЕТ® (FORVET) раствор д/инъекций";"натрия хлорид - 900 мг, вода для инъекций - до 100 мл."
"АСД фракция 2 (ASD fraction 2)";"вода."
"ВЕЛЕС 6.59 (VELES 6.59)";"жидкая питательная среда."
"ФОРТЕКОР® ТАБЛЕТКИ (FORTEKOR® TABLETS) таб. 5 мг";"целлюлоза микрокристаллическая, кросповидон, кремния коллоидный ангидрид, стеариновая кислота, сухие дрожжи, добавка со вкусом говядины."
"ФОРТЕКОР® ТАБЛЕТКИ (FORTEKOR® TABLETS) таб. 20 мг";"целлюлоза микрокристаллическая, кросповидон, кремния коллоидный ангидрид, стеариновая кислота, сухие дрожжи, добавка со вкусом говядины."
"ПРАК-ТИК® (PRAC-TIC®) раствор д/наружного применения";"бутилгидрокситолуен, диэтиленгликоля моноэтиловый эфир."
"ИММУНОФАН® (IMMUNOFAN) раствор д/инъекций";"глицин - 5 мг, натрия хлорид - 9 мг, вода д/и - 1 мл."
"ТИЛОЗИН (TILOZIN) раствор д/инъекций 50 мг";"пропандиол, бензиловый спирт, вода д/и."
"ТИЛОЗИН (TILOZIN) раствор д/инъекций 200 мг";"пропандиол, бензиловый спирт, вода д/и."
"ДОКСИЛОКС® (DOXYLOX) раствор д/инъекций";"спирт бензиловый, пропиленгликоль - до 1 мл."
"БУРСИН ПЛЮС (BURSINE PLUS)";"* вакцина изготовлена из гомогената тушек, экстраэмбриональной жидкости и околоплодных оболочек СПФ-эмбрионов кур, инфицированных аттенуированным вирусом инфекционной бурсальной болезни (штамм Lukert). Вспомогательные вещества: гентамицин, стабилизатор Н."
"ПУЛВАК IB ПРАЙМЕР (POULVAC IB PRIMER)";"* вакцина изготовлена из экстраэмбриональной жидкости СПФ-эмбрионов кур, инфицированных аттенуированным вирусом инфекционного бронхита кур. Вспомогательные вещества (стабилизаторы): D-маннитол - 10-50 мкг, инозитол - 10-50 мкг, пептон - 13-65 мкг, желатин - 13.6-68 мкг."
"СУВАКЦИН MH-ОДИН (SUVAXYN MH-ONE) сусп. д/инъекций";"вода д/и."
"ИМПРОВАК (IMPROVAC) раствор д/инъекций";"ДЭАЭ-декстран, хлорокрезол или тиомерсал, мочевина, вода д/и."
"АВАТЕК 150G (AVATEC 150G)";"лигносульфонат кальция, железа оксид, кальция сульфата дигидрат."
"НАКСЕЛ (NAXCEL) сусп. д/инъекций";"триглицериды со средней длиной цепи - 0.842 мг, масло хлопковое - 0.094 мг."
"ДРАКСИН (DRAXXIN) раствор д/инъекций: 100 мг";"монотиоглицерол - 5 мг, пропиленгликоль - 500 мг, лимонная кислота - 19.2 мг, хлористоводородная кислота, натрия гидроксид, вода д/и - до 1 мл."
"МЕКСИДОЛ-ВЕТ® (MEXIDOL-VET) таб. 50 мг";"целлюлоза микрокристаллическая - 45.2 мг, повидон среднемолекулярный - 11.3 мг, кросповидон - 5 мг, кремния диоксид коллоидный - 5 мг, магния стеарат - 2.5 мг, сахар молочный (лактоза) - до 250 мг."
"МЕКСИДОЛ-ВЕТ® (MEXIDOL-VET) таб. 125 мг";"сахар молочный (лактоза) - 33 мг, повидон среднемолекулярный - 15 мг, кросповидон - 6 мг, кремния диоксид коллоидный - 6 мг, магния стеарат - 3 мг, целлюлоза микрокристаллическая - до 300 мг."
"МЕКСИДОЛ-ВЕТ® (MEXIDOL-VET) раствор д/инъекций 25 мг";"вода д/и - до 1 мл."
"МЕКСИДОЛ-ВЕТ® (MEXIDOL-VET) раствор д/инъекций 50 мг";"вода д/и - до 1 мл."
"ФОСПРЕНИЛ (PHOSPRENYL)";"глицерол, этанол, твин-80, вода д/и."
"ГАМАВИТ (GAMAVIT)";"среда 199 (10-кратный концентрат), вода д/и."
"ГАМАПРЕН (GAMAPREN)";"глицерол, этанол, твин-80, вода д/и."
"МУЛЬТИВЕТ (MULTIVET) раствор д/инъекций";
"ЭКО-ДЕЗ (ECO-DES)";
"СУВАКЦИН PCV2 (SUVAXYN PCV2) сусп. д/инъекций";
"ЭкоСайд Адванс (ECOCID ADVANCED)";
"ХЕЛАВИТ С (HELAVIT C) раствор";
"ХЕЛАВИТ В (HELAVIT B) раствор";
"ХЕЛАВИТ А (HELAVIT A) раствор";
"ПНЕВМОСТОП® (PNEUMOSTOP) раствор д/инъекций";
"СОМАТИК-ЭКСПЕРТ (SOMATIC-EXPERT)";
"ЦИФЛОН (CIFLON) раствор д/наружного применения";
"ФЛУКСИРОЛ (FLUXIROL) раствор д/инъекций";
"ТЕТРАВИТФЕРОН-Б (TETRAVITFERON-B) раствор д/инъекций";
"РЕЦЕФУР (RECEFUR) сусп. д/инъекций";
"ДЕКТОМЕКТИН (DECTOMECTIN) раствор д/инъекций";
"БЕЛКОХЕЛП (BELKOHELP) порошок: , 0.01 %, 0.1 %, 0.17 %, 0.3 %";
"БЕЛКОХЕЛП (BELKOHELP) порошок: 0.01 %, 0.1 %, 0.17 %, 93.5 %";
