"МАКСИДИН 0,4 (MAXIDIN 0,4) раствор д/инъекций";"Расфасованы по 5 мл в стеклянные флаконы, укупоренные резиновыми пробками, укрепленными алюминиевыми колпачками. Флаконы с препаратом упакованы по 5 шт. в картонные коробки вместе с инструкцией по применению."
"МАКСИДИН 0,15 (MAXIDIN 0,15)";"Расфасованы по 5 мл в стеклянные флаконы, укупоренные резиновыми пробками, укрепленными алюминиевыми колпачками. Флаконы с препаратом упакованы по 5 шт. в картонные коробки вместе с инструкцией по применению."
"АУРИЗОН (AURIZON®) суспензия";"Ауризон расфасован по 10 мл во флаконы, закрытые завинчивающимися пластиковыми крышками. Флаконы упакованы индивидуально в картонные коробки в комплекте с дозирующей канюлей. Каждая упаковка снабжена инструкцией по применению."
"ЛЕКСОФЛОН® (LEXOFLON) раствор д/инъекций";"Расфасован по 20, 50 и 100 мл в стеклянные флаконы соответствующей вместимости, укупоренные резиновыми пробками, укрепленными алюминиевыми колпачками с клипсами контроля первого вскрытия. Флаконы упакованы в индивидуальные пачки из картона. Каждая потребительская упаковка снабжена инструкцией по применению."
"СИЛЕО® (SILEO®)";"Расфасован по 3 мл в шприц-дозатор, упакованный в картонную коробку. Каждая потребительская упаковка снабжена инструкцией по применению."
"АНТИСЕДАН® (ANTISEDAN®) раствор д/инъекций";"Расфасован по 10 мл в стеклянные флаконы, укупоренные резиновыми пробками, укрепленными алюминиевыми колпачками, снабженными пластиковыми колпачками контроля первого вскрытия. Флаконы упакованы в индивидуальные картонные пачки вместе с инструкцией по применению."
"ДЕКСДОМИТОР® (DEXDOMITOR) раствор д/инъекций 0.1 мг";"Расфасован по 15 мл в стеклянные флаконы, укупоренные резиновыми пробками, укрепленными алюминиевыми колпачками, снабженными пластиковыми колпачками контроля первого вскрытия. Флаконы упакованы в индивидуальные картонные пачки вместе с инструкцией по применению."
"ДЕКСДОМИТОР® (DEXDOMITOR) раствор д/инъекций 0.5 мг";"Расфасован по 10 мл в стеклянные флаконы, укупоренные резиновыми пробками, укрепленными алюминиевыми колпачками, снабженными пластиковыми колпачками контроля первого вскрытия. Флаконы упакованы в индивидуальные картонные пачки вместе с инструкцией по применению."
"МЕТРИЦЕФ (METRICEFUM) суспензия";"Расфасована по 20 г в шприцы-дозаторы из полимерных материалов."
"ЭРИПРИМ БТ (ERIPRIMUM BT)";"Расфасован по 100 и 500 г в двойные пакеты из полиэтиленовой пленки или пакеты из металлизированной полиэтиленовой пленки."
"ТРАКСОВЕТ 100 (TRAXOVETUM 100) раствор д/инъекций";"Расфасован по 10 и 100 мл в стеклянную тару."
"МАСТИМАКС (MASTIMAX)";"Расфасована по 8 г в шприцы-дозаторы из полимерных материалов для интрацистернального введения, по 80 г в флаконы стеклянные."
"МАСТИЗИМ (MASTIZINUM)";"Расфасован по 8 г в шприцы из полимерных материалов для интрацистернального введения."
"БЕНСТРЕП (BENSTREP) сусп. д/инъекций";"Расфасована по 100 мл в стеклянные флаконы."
"ИНФЛАРЕТ (INFLARETUM) раствор д/инъекций";"Расфасован по 100 мл в стеклянные флаконы."
"ЛИНКОСПЕКТ 150 (LINCOSPECTUM 150) раствор д/инъекций";"Расфасован по 100 мл в стеклянные флаконы."
"МУЛЬТИВЕТ (MULTIVET) раствор д/инъекций";"Расфасован по 100 мл в стеклянные флаконы."
"ОФЛОСТИН (OFLOSTINUM)";"Расфасован по 1000 мл в полимерную тару."
"КЕНОСЕПТ-Г (KENOSEPT-G)";"Расфасовано по 0.15 мл в пластиковые бутылки и канистры вместимостью 1 л и 5 л."
"ТОРНАКС-С (TORNAX-S)";"Расфасовано по 1 л в пластиковые бутылки и канистры из химически устойчивого пластика."
"ЭКО-ДЕЗ (ECO-DES)";"Расфасовано по 1 л в пластиковые бутылки."
"ВИРОЦИД (VIROCID)";"Расфасовано по 0.15 л и 1 л в пластиковые бутылки или по 5 л, 10 л и 20 л в пластиковые канистры, а также по 210 л в металлические бочки.Каждую единицу фасовки маркируют с указанием организации-производителя, ее адреса и товарного знака, названия средства, назначения и способа применения, количества действующих веществ, объема в упаковке, номера серии, даты изготовления, срока годности, условий хранения, мер предосторожности и снабжают инструкцией по применению. Вироцид, расфасованный по 20 л и 210 л, может поставляться в двух комплектациях (""Стандарт"" и ""Премиум""). Комлектация ""Стандарт"" включает только упаковку с дезсредством. Комплектация ""Премиум"" включает упаковку с дезсредством, мерную кружку (дозатор), опрыскиватель, а также тест-полоски для определения точности концентрации рабочего раствора."
"МИЛЬБЕМАКС® (MILBEMAX®) для кошек 4+10 мг";"Расфасованы по 2 таблетки в блистеры из алюминиевой фольги, помещенные по 1 или 2 шт. в картонную пачку."
"МИЛЬБЕМАКС® (MILBEMAX®) для кошек 16+40 мг";"Расфасованы по 2 таблетки в блистеры из алюминиевой фольги, помещенные по 1 или 2 шт. в картонную пачку."
"МИЛЬБЕМАКС® (MILBEMAX®) для собак 2.5+25 мг";"Расфасованы по 2 таблетки в блистеры из алюминиевой фольги, помещенные по 1 или 2 шт. в картонную пачку."
"МИЛЬБЕМАКС® (MILBEMAX®) для собак 12.5+125 мг";"Расфасованы по 2 таблетки в блистеры из алюминиевой фольги, помещенные по 1 или 2 шт. в картонную пачку."
"АТОПИКА® (ATOPICA®) капсулы 10 мг";"Расфасованы по 5 капсул в блистеры из алюминиевой фольги, помещенные по 3, 6 или 12 шт. в картонные пачки вместе с инструкцией по применению."
"АТОПИКА® (ATOPICA®) капсулы 25 мг";"Расфасованы по 5 капсул в блистеры из алюминиевой фольги, помещенные по 3, 6 или 12 шт. в картонные пачки вместе с инструкцией по применению."
"АТОПИКА® (ATOPICA®) капсулы 50 мг";"Расфасованы по 5 капсул в блистеры из алюминиевой фольги, помещенные по 3, 6 или 12 шт. в картонные пачки вместе с инструкцией по применению."
"АТОПИКА® (ATOPICA®) капсулы 100 мг";"Расфасованы по 5 капсул в блистеры из алюминиевой фольги, помещенные по 3, 6 или 12 шт. в картонные пачки вместе с инструкцией по применению."
"ФИПРИСТ® КОМБО (FYPRYST® COMBO) раствор д/наружного применения: 90 мг, 100 мг";"Расфасован по 0.67 мл (67 мг фипронила + 60.3 мг S-метопрена), 1.34 мл (134 мг фипронила + 120.6 мг S-метопрена), 2.68 мл (268 мг фипронила + 241.2 мг S-метопрена), 4.02 мл (402 мг фипронила + 361.8 мг S-метопрена) в одноразовые пипетки из полипропилена с крышкой с шипом из полиэтилена или полиоксиметилена. Пипетка из полипропилена закрыта пленкой, которую нужно проткнуть шипом. Вторичная упаковка: каждая пипетка упакована в трехслойный пакет, в состав которого входит полиэстер, алюминий и полиэтилен. Картонная коробка содержит 1, 3, 6 или 10 пипеток."
"ИВЕРМЕК OR (IVERMEK OR)";"Расфасован по 500 мл в полимерные бутылки, укупоренные завинчивающимися пластиковыми крышками."
"ЛЕКСОФЛОН® OR (LEXOFLON® OR)";"Расфасован по 100 мл в полимерные флаконы, по 1 л в полимерные бутылки или по 5 л в полимерные канистры соответствующей вместимости. Каждая потребительская упаковка снабжена инструкцией по применению препарата."
"ЦИФЛУНИТ® ФЛОК (CYFLUNIT FLOCK) раствор д/наружного применения";"Расфасован по 500 мл в полимерные флаконы, укупоренные полимерными крышками с контролем первого вскрытия. Флаконы упакованы по 4 шт. в групповые картонные коробки. Каждая потребительская упаковка снабжена инструкцией по применению."
"РИКАЗОЛ® (RICAZOL) раствор д/инъекций";"Расфасован по 100 мл в стеклянные флаконы, закупоренные резиновыми пробками, закатанными алюминиевыми колпачками. Каждая потребительская упаковка снабжена инструкцией по применению."
"ЦЕФТОНИТ® ФОРТЕ (CEFTONIT FORTE) сусп. д/инъекций";"Расфасован по 100 мл в стеклянные флаконы соответствующей вместимости, по 250 мл в стеклянные бутылки, закупоренные резиновыми пробками и закатанные алюминиевыми колпачками. Флаконы с препаратом объемом 100 мл упакованы в индивидуальные пачки из картона. Каждая единица фасовки снабжена инструкцией по применению."
"НИТОКС® ФОРТЕ (NITOX® FORTE) раствор д/инъекций";"Расфасован по 100 мл в стеклянные флаконы, укупоренные резиновыми пробками, укрепленными алюминиевыми колпачками с клипсами контроля первого вскрытия. Каждая единица фасовки снабжена инструкцией по применению препарата."
"МЕРАДОК (MERADOK) раствор д/инъекций";"Расфасован по 100 мл в стеклянные флаконы. Каждая единица потребительской упаковки снабжена инструкцией по применению препарата."
"ФИПРИСТ® КОМБО (FYPRYST® COMBO) раствор д/наружного применения: 100 мг, 120 мг";"Расфасован по 0.5 мл (50 мг фипронила+60 мг S-метопрена) в одноразовые пипетки из полипропилена с крышкой с шипом из полиэтилена или полиоксиметилена. Пипетка из полипропилена закрыта пленкой, которую нужно проткнуть шипом. Вторичная упаковка: каждая пипетка упакована в трехслойный пакет, в состав которого входит полиэстер, алюминий и полиэтилен. Картонная коробка содержит 1, 3, 6 или 10 пипеток."
"ОТИФРИ (OTIFREE)";"Расфасован во флаконы по 60 мл, упакованные в картонные коробки по 1 шт."
"ЭНРОНИТ® OR (ENRONIT® OR)";"Расфасован по 20 мл в стеклянные флаконы, по 100 мл и 1 л в полимерные бутылки, закрытые навинчиваемыми пластиковыми крышками с мерной емкостью и по 5 л в полимерные канистры с дозатором. Каждая потребительская упаковка снабжена инструкцией по применению препарата."
"ЭНРОНИТ® (ENRONIT) раствор д/инъекций";"Расфасован по 10, 20, 50 и 100 мл во флаконы из темного стекла соответствующей вместимости, укупоренные резиновыми пробками, укрепленными алюминиевыми колпачками. Каждый флакон снабжен инструкцией по применению."
"ЦИФЛУНИТ-ON (CYFLUNIT-ON) раствор";"Расфасован по 100 мл в полимерные флаконы, по 1 л в полимерные бутылки и по 5 л в полимерные канистры, укупоренные полимерными крышками с контролем первого вскрытия."
"ЦИФЛУНИТ® (CYFLUNIT) раствор д/наружного применения";"Расфасован по 100 и 500 мл в полимерные бутылки с навинчиваемыми крышками, снабженными дозатором вместимостью 10 мл. Бутылки с препаратом объемом 100 и 500 мл упакованы в индивидуальные пачки из картона. Каждая потребительская упаковка снабжена инструкцией по применению препарата."
"ЦЕФТОНИТ® (CEFTONIT) сусп. д/инъекций";"Расфасован по 10, 20, 50, 100, 200 и 250 мл в стеклянные или полимерные флаконы соответствующей вместимости, по 500 мл в стеклянные бутылки. Флаконы с препаратом объемом 50 и 100 мл упакованы в индивидуальные картонные пачки. Каждая потребительская упаковка снабжена инструкцией по применению."
"ФЛУНЕКС (FLUNEX) раствор д/инъекций";"Расфасован по 100 мл в стеклянные флаконы, герметично укупоренные резиновыми пробками и обкатанные алюминиевыми колпачками с клипсами контроля первого вскрытия. Каждая потребительская упаковка снабжена инструкцией по применению препарата."
"ФЛОРОКС® (FLOROX) раствор д/инъекций";"Расфасован по 100 мл в стеклянные флаконы, герметично укупоренные резиновыми пробками, укрепленными алюминиевыми колпачками. Каждая единица фасовки снабжена инструкцией по применению."
"УТЕРОТОН® (UTEROTON) раствор д/инъекций";"Расфасован по 100 мл в стеклянные флаконы, укупоренные резиновыми пробками, укрепленными алюминиевыми колпачками. Каждая потребительская упаковка снабжена инструкцией по применению лекарственного препарата."
"СТРОЛИТИН® (STROLITINE) раствор";"Расфасован по 20 мл в стеклянные флаконы, укупоренные резиновыми пробками и закатанные алюминиевыми колпачками, по 1 л в полимерные бутылки или по 5 л в полимерные канистры. Полимерные бутылки и канистры укупорены полимерными крышками с контролем первого вскрытия. Каждую упаковку маркируют этикеткой на русском языке с указанием: наименования организации-производителя, ее адреса и товарного знака, названия, назначения и способа применения добавки, состава и гарантированных показателей, срока и условий хранения, даты изготовления, объема в единице фасовки, номера партии, информации о соответствии, надписи ""Для животных"" и снабжают инструкцией по применению."
"СЕПРАНОЛ (SEPRANOL)";"Расфасованы по 2 шт. в блистеры из фольги, упакованные по 5 блистеров в пачку из картона."
"НИТОКС® 200 (NITOX® 200) раствор д/инъекций";"Расфасован по 20, 50, 100 мл в стеклянные флаконы, укупоренные резиновыми пробками, укрепленными алюминиевыми колпачками. Каждая единица фасовки снабжена инструкцией по применению препарата."
"НЕОЗИДИН М (NEOZIDIN М) раствор д/инъекций";"Расфасован по 20, 50 и 100 мл во флаконы из темного стекла, укупоренные резиновыми пробками, укрепленными алюминиевыми колпачками."
"МАСТОМИЦИН® (MASTOMICIN)";"Расфасован по 10 мл в специальные шприцы с канюлей для интрацистернального введения, укупоренные защитными колпачками. Каждая потребительская упаковка снабжена инструкцией по применению лекарственного препарата."
"КЛОЗАТРЕМ® (CLOZATREM) раствор д/инъекций";"Расфасован по 100 и 250 мл в стеклянные или полимерные флаконы соответствующей вместимости, по 500 мл в стеклянные бутылки, укупоренные резиновыми пробками, укрепленными алюминиевыми колпачками. Каждая потребительская упаковка снабжена инструкцией по применению препарата."
"ИВЕРМЕК®-ON (IVERMEK®-ON) раствор";"Расфасован по 1 л в полимерные бутылки. Полимерные бутылки укупорены полимерными крышками с контролем первого вскрытия. Каждая единица фасовки снабжена инструкцией по применению."
"ДОКСИЛОКС OR (DOXYLOX OR)";"Расфасован по 1000 мл в полимерные бутыли или по 5000 мл в полимерные канистры, укупоренные навинчиваемыми крышками с контролем первого вскрытия."
"ДИТРИМ® (DITRIM®) раствор д/инъекций";"Расфасован по 20, 50 и 100 мл в стеклянные флаконы, укупоренные резиновыми пробками, укрепленные алюминиевыми колпачками. Каждая потребительская упаковка снабжена инструкцией по применению."
"БУТОФАН® (BUTOFAN) раствор д/инъекций";"Расфасован по 20, 50, 100 мл в стеклянные флаконы или по 250, 500 мл в стеклянные бутылки соответствующей вместимости. Флаконы и бутылки укупорены резиновыми пробками и укреплены алюминиевыми колпачками. Флаконы с препаратом объемом 50 и 100 мл упакованы в индивидуальные пачки из картона. Каждая потребительская упаковка снабжена инструкцией по применению."
"АМОКСИЦИЛЛИН 150 (AMOXYCILLIN 150) сусп. д/инъекций";"Расфасована по 50, 100 и 250 мл в стеклянные флаконы соответствующей вместимости, герметично укупоренные резиновыми пробками и укрепленными алюминиевыми колпачками. Каждая единица фасовки снабжена инструкцией по применению."
"ПРОГЕСТАМАГ® (PROGESTAMAG) сусп. д/инъекций";"Расфасована по 10, 20 и 100 мл в стеклянные флаконы соответствующей вместимости, укупоренные резиновыми пробками, укрепленными алюминиевыми колпачками. Флаконы по 10 и 20 мл упакованы по 40 шт. в картонные коробки. Количество инструкций по применению должно соответствовать количеству единиц упаковок. Флаконы по 100 мл снабжены инструкцией по применению."
"ЭНДОМЕТРАМАГ-ГРИН® (ENDOMETRAMAG-GREEN)";"Расфасован по 1 л в полиэтиленовые канистры, которые закрыты резьбовыми пластмассовыми крышками с контролем первого вскрытия. Каждая единица фасовки снабжена инструкцией по применению."
"СТАРТИН-ФИТО (STARTINUM-FITO)";"Расфасован в комплект-упаковку общей массой 555 г, состоящую из четырех герметично запаянных полиэтиленовых пакетов: пакет №1 - 220 г; пакет №2 - 250 г, пакет №3 - 65 г, пакет №4 - 20 г. Каждая потребительская упаковка снабжена инструкцией по применению."
"ПИХТОИН® (PICHTOINUM) мазь д/наружного применения";"Расфасована по 10, 15, 20, 25, 30, 35, 40, 50, 60, 100, 120, 130, 140, 150, 160, 170, 180, 200, 250, 300, 350, 400, 450, 500, 550, 600, 700, 800, 900 г и 1 кг в стеклянные банки с навинчиваемыми крышками или в банки полимерные, укупоренные крышками с контролем первого вскрытия, или по 10, 15, 20, 25, 30, 35, 40, 50, 60, 80, 100, 120, 130, 140, 150, 160, 170, 180, 200 г в тубы полимерные. Каждая упаковка снабжена инструкцией по применению."
"МАЗЬ ЯХАЛИМП (UNGUENTUM YAHALIMPUM) мазь д/наружного применения";"Расфасована по 40, 50, 60, 70, 80, 100, 130, 140, 150, 350, 400, 450, 500, 550 г и 1 кг в стеклянные банки с навинчивающимися крышками или в полимерные банки с герметично закрывающимися крышками с контролем первого вскрытия или в тубы полимерные."
"МАЗЬ ЭКЗЕКОНТ (UNGUENTUM ECZECONTUM) мазь д/наружного применения";"Расфасована по 40, 50, 60, 70, 80, 90, 100, 120, 130, 140, 150, 160, 200, 250, 300, 350, 400, 450, 500 г в банки из оранжевого стекла с навинчивающимися крышками или полимерные банки, укупоренные крышками с контролем первого вскрытия, или в тубы полимерные."
"МАЗЬ ""ЯМ БК""® (UNGUENTUM ""YAM BK"") мазь д/наружного применения";"Расфасована по 10, 15, 20, 25, 30, 35, 40, 50, 60, 70, 80, 90, 100, 120, 130, 140, 150, 160, 200, 250, 300, 350, 400, 450, 500, 550 г и 1 кг в полимерные банки укупоренные крышками с контролем первого вскрытия или по 10, 15, 20, 25, 30, 35, 40, 50, 60, 70, 80, 90, 100, 120, 130, 140, 150, 160, 200, 250, 300, 350 г в тубы полимерные. Каждая упаковка снабжена инструкцией по применению."
"ЛЕРСИН® (LERSINUM) порошок";"Расфасован в комплект-упаковку, в состав которой входят три герметично запаянных пакета."
"КРЕОЛИН-Х (KREOLIN-X) раствор д/наружного применения 2.5%";"Расфасован по 50 г, 100 г, 200 г, 250 г, 300 г, 500 г, 1 кг, 2 кг, 3 кг в стеклянные бутылки, банки, флаконы или в полимерные бутылки; по 1 кг, 2 кг , 3 кг или 5 кг во флаконы или канистры; по 10 кг, 15 кг, 20 кг или 21.5 кг в стальные или полимерные канистры."
"КРЕОЛИН-Х (KREOLIN-X) раствор д/наружного применения 5%";"Расфасован по 50 г, 100 г, 200 г, 250 г, 300 г, 500 г, 1 кг, 2 кг, 3 кг в стеклянные бутылки, банки, флаконы или в полимерные бутылки; по 1 кг, 2 кг, 3 кг или 5 кг во флаконы или канистры; по 10 кг, 15 кг, 20 кг или 21.5 кг в стальные или полимерные канистры."
"КАСЕПТУРИН (KASEPTURINUM) раствор д/наружного применения";"Расфасован по 25, 45, 50, 60, 70, 80, 90, 100, 120, 130, 140, 150, 180, 200, 220, 250, 270, 300, 350, 400, 450, 500, 900 г и по 1 кг в полимерные бутылки и флаконы, укупоренные навинчиваемыми крышками, а также в полимерные флаконы с механической распылительной головкой. Каждая упаковка снабжена инструкцией по применению."
"ЙОДТРИЭТИЛЕНГЛИКОЛЬ (ИТЭГ)-А (IODTRIETHYLENGLICOLUM (ITEG)- A)";"Расфасован по 100 г, 200 г, 250 г, 300 г, 350 г, 400 г, 500 г, 700 г, 800 г, 1 кг, 1.5 кг, 2 кг, 2.5 кг, 3 кг, 3.5 кг, 5 кг, 10 кг, 20 кг в стеклянные бутылки, банки, флаконы, а также полиэтиленовые флаконы и канистры с навинчиваемыми крышками."
"ЙОДИНОКОЛЬ (IODINOKOLUM)";"Расфасован по 100 г, 200 г, 250 г, 300 г, 400 г, 500 г, 1 кг, 1.5 кг, 2 кг, 2.5 кг, 3 кг, 3.5 кг, 4 кг, 4.5 кг, 5 кг в стеклянные бутылки, флаконы или в полиэтиленовые фляги, канистры; по 10 кг и 20 кг в полиэтиленовые канистры и фляги."
"ЙОД ОДНОХЛОРИСТЫЙ (IODUM MONOCHLORATUM) раствор д/наружного применения";"Расфасован по 100 г, 200 г, 250 г, 300 г, 350 г, 400 г, 500 г, 550 г, 700 г, 800 г, 1 кг, 1.5 кг, 2 кг, 2.5 кг, 3 кг, 3.5 кг, 4 кг, 5 кг, 10 кг, 11 кг, 15 кг, 20 кг, 21 кг, 22 кг, 25 кг, 30 кг, 35 кг, 40 кг, 45 кг и 50 кг в стеклянные или в полиэтиленовые бутылки, флаконы, полиэтиленовые канистры."
"БИОРЕКС-ГХ (BIOREX-GH) раствор д/наружного применения 2.5%";"Расфасован по 0.05, 0.09, 0.1, 0.2, 0.3, 0.45, 0.5, 1, 2, 3 или 5 кг в стеклянные бутылки, банки, флаконы или в полиэтиленовые флаконы; по 10, 19, 20, 30 кг в канистры с навинчиваемыми крышками, а также по 50, 100, 180 и 200 кг в металлические или полимерные канистры, бочки."
"БИОРЕКС-ГХ (BIOREX-GH) раствор д/наружного применения 5%";"Расфасован по 0.05, 0.09, 0.1, 0.2, 0.3, 0.45, 0.5, 1, 2, 3 или 5 кг в стеклянные бутылки, банки, флаконы или в полиэтиленовые флаконы; по 10, 19, 20, 30 кг в канистры с навинчиваемыми крышками, а также по 50, 100, 180 и 200 кг в металлические или полимерные канистры, бочки."
"БУТОФАН® OR (BUTOFAN OR) раствор";"Расфасован по 1000 мл в полимерные бутылки или по 5000 мл в полимерные канистры. Бутылки и канистры укупорены полимерными крышками с контролем первого вскрытия. Каждую упаковку маркируют этикеткой на русском языке с указанием: наименования организации-производителя, ее адреса и товарного знака, названия, назначения и способа применения добавки, состава и гарантированных показателей, срока и условий хранения, даты изготовления, объема в единице фасовки, номера партии, информации о соответствии, регистрационного номера, обозначение СТО, надписи ""Для животных"" и снабжают инструкцией по применению."
"АМОКСИГАРД (AMOXYGARD) сусп. д/инъекций";"Расфасована по 100 мл в стеклянные или полимерные флаконы соответствующей вместимости, по 250 мл в стеклянные бутылки, укупоренные резиновыми пробками и обкатанные алюминиевыми колпачками. Каждая единица фасовки снабжена инструкцией по применению."
"АЗИТРОНИТ® (AZITHRONIT) раствор д/инъекций";"Расфасован по 20, 100 мл в стеклянные флаконы или по 250 мл в стеклянные бутылки, укупоренные резиновыми пробками с алюминиевыми колпачками и клипсами контроля первого вскрытия. Флаконы с препаратом объемом 100 мл упакованы в индивидуальные пачки из картона. Каждая потребительская фасовка снабжена инструкцией по применению."
"АЛЬВЕТ®-СУСПЕНЗИЯ (ALVET-SUSPENSION)";"Расфасована по 100, 200, 250, 400, 500 и 1000 мл в полимерные бутылки или во флаконы из темного стекла соответствующей вместимости, укупоренные навинчивающимися пластмассовыми крышками; по 1.5, 2, 5, 10 л в полиэтиленовые канистры с навинчивающимися крышками. Каждая потребительская упаковка снабжена инструкцией по применению препарата."
"ЦИМАЛДЖЕКС (CIMALGEX®) таб. 8 мг";"Фасовка по 8 таблеток в фольгированные блистеры. Блистеры упакованы в картонные коробки по 4 блистера (32 таблетки). Каждая потребительская упаковка снабжена инструкцией по применению."
"ЦИМАЛДЖЕКС (CIMALGEX®) таб. 30 мг";"Фасовка по 8 таблеток в фольгированные блистеры. Блистеры упакованы в картонные коробки по 4 блистера (32 таблетки). Каждая потребительская упаковка снабжена инструкцией по применению."
"ЦИМАЛДЖЕКС (CIMALGEX®) таб. 80 мг";"Фасовка по 8 таблеток в фольгированные блистеры. Блистеры упакованы в картонные коробки по 4 блистера (32 таблетки). Каждая потребительская упаковка снабжена инструкцией по применению."
"ПРОПАЛИН (PROPALIN®) раствор д/перорального применения";"Расфасован по 30 и 100 мл во флаконы, герметично закрытые завинчивающимися крышками с контролем первого вскрытия. Флаконы упакованы в индивидуальные картонные коробки в комплекте с градуированным дозатором вместимостью 1.5 мл. Каждая потребительская упаковка снабжена инструкцией по применению."
"ИПАКИТИНЕ (IPAKITINE)";"Расфасован по 60 и 180 г в пластиковые банки, герметично закрытые пластиковыми крышками с контролем первого вскрытия, в комплекте с мерной ложкой вместимостью 1 г."
"ОРИДЭРМИЛ (ORIDERMYL®)";"Мазь расфасована по 10 г в алюминиевые тубы, закрытые навинчивающимися крышками и упакованные в картонные коробки в комплекте с канюлей из поливинилхлорида. Каждая упаковка снабжена инструкцией по применению препарата."
"АЛЮСПРЕЙ (ALUSPRAY®) аэрозоль д/наружн.прим.";"Расфасован по 75 г в алюминиевые баллоны под давлением. Объем баллона 210 мл."
"АСД фракция 3 (ASD( )fraction 3)";"Расфасован по 100, 200 мл во флаконы соответствующей вместимости, укупоренные резиновыми пробками, укрепленными алюминиевыми колпачками. Каждая единица фасовки снабжена инструкцией по применению."
"СУВАКЦИН PCV MH (SUVAXYN PCV MH) сусп. д/инъекций";"Расфасована по 20 мл (20 или 10 прививных доз), 100 мл (100 или 50 прививных доз) и 500 мл(500 или 250 прививных доз) в пластиковые флаконы соответствующей вместимости. Флаконы герметично укупорены резиновыми пробками, укрепленными алюминиевыми колпачками."
"СУВАКЦИН PCV2 (SUVAXYN PCV2) сусп. д/инъекций";"Расфасована по 20 мл (10 прививных доз), 100 мл (50 прививных доз), 250 мл (125 прививных доз) и 500 мл(250 прививных доз) в пластиковые флаконы соответствующей вместимости. Флаконы герметично укупорены резиновыми пробками, укрепленными алюминиевыми колпачками."
"ПУЛВАК E. coli (POULVAC E. coli)";"Расфасован по 1000 (7.5 см(3)), 2500 (7.5 см(3)), 5000 доз (7.5 см(3)), 10 000 (20 см(3)) и 20 000 (20 см(3)) в стеклянные или пластиковые флаконы, герметично укупоренные резиновыми пробками, укрепленными алюминиевыми колпачками. Флаконы с вакциной после лиофилизации вакуумированы."
"ПУЛВАК БУРСА F (POULVAC BURSA F) лиофилизат д/пригот. р-ра д/приема внутрь";"Расфасована по 1000, 2000 и 5000 доз (6-8 см(3) объем до лиофилизации для всех фасовок) в стеклянные флаконы соответствующей вместимости. Флаконы вакуумированы и герметично укупорены резиновыми пробками, укрепленными алюминиевыми колпачками."
"ПУЛВАК IB QX (POULVAC IB QX)";"Расфасована по 2000, 5000 и 10 000 прививных доз в полиэтиленовые или пластиковые флаконы соответствующей вместимости, герметично укупоренные резиновыми пробками, укрепленными алюминиевыми колпачками. Флаконы после лиофилизации вакуумированы.Флаконы с вакциной упакованы в коробки. В каждую упаковку с вакциной вложена инструкция по применению на русском языке."
"ДРАКСИН (DRAXXIN) раствор д/инъекций: 25 мг";"Расфасован по 50 мл, 100 мл, 250 мли 500 млв стеклянные флаконы, укупоренные резиновыми пробками, укрепленными алюминиевыми колпачками. Каждый флакон упакован в картонную коробку в комплекте с инструкцией по применению."
"АПОКВЕЛ (APOQUEL) 3.6 мг";"Расфасованы по 20 или 100 шт. во флаконы из плотного полиэтилена белого цвета с завинчивающейся полиэтиленовой крышкой, недоступной для открывания детьми."
"АПОКВЕЛ (APOQUEL) 5.4 мг";"Расфасованы по 20 или 100 шт. во флаконы из плотного полиэтилена белого цвета с завинчивающейся полиэтиленовой крышкой, недоступной для открывания детьми."
"АПОКВЕЛ (APOQUEL) 16 мг";"Расфасованы по 20 или 100 шт. во флаконы из плотного полиэтилена белого цвета с завинчивающейся полиэтиленовой крышкой, недоступной для открывания детьми."
"ЭНРОКСИЛ® ТАБЛЕТКИ СО ВКУСОМ МЯСА (ENROXIL® TABLETS WITH MEAT FLAVOUR) таб. 15 мг";"Препарат выпускают расфасованным по 10 таблеток в блистеры, упакованные в картонные коробки по 1 или 10 шт. Каждую упаковку снабжают инструкцией по применению."
"ЭНРОКСИЛ® ТАБЛЕТКИ СО ВКУСОМ МЯСА (ENROXIL® TABLETS WITH MEAT FLAVOUR) таб. 50 мг";"Препарат выпускают расфасованным по 10 таблеток в блистеры, упакованные в картонные коробки по 1 или 10 шт. Каждую упаковку снабжают инструкцией по применению."
"ЭНРОКСИЛ® ТАБЛЕТКИ СО ВКУСОМ МЯСА (ENROXIL® TABLETS WITH MEAT FLAVOUR) таб. 150 мг";"Препарат выпускают расфасованным по 10 таблеток в блистеры, упакованные в картонные коробки по 1 или 10 шт. Каждую упаковку снабжают инструкцией по применению."
"ЭкоСайд Адванс (ECOCID ADVANCED)";"Расфасован по 50 г в пакеты из ламинированной фольги, упакованные по 15 шт. в картонные коробки; по 1 кг и 2 кг - в пакеты из ламинированной фольги и по 4 кг, 5 кг, 7 кг и 10 кг в пластиковые контейнеры соответствующей вместимости."
"ФЛУБАКТИН® (FLUBACTIN®)";"Расфасован по 1 л в пластиковые бутылки."
"ФИПРИСТ® СПРЕЙ (FYPRYST® SPRAY) раствор д/наружного применения";"Расфасован по 100 мл, 250 мл и 500 мл в полиэтиленовые флаконы с распылительной головкой."
"ТРИСУЛЬФОН® (TRISULFON®)";"Расфасован по 1 кг в герметично закрытые пакеты из ламинированной фольги или в пластиковые контейнеры."
"ТРИСУЛЬФОН® СУСПЕНЗИЯ ДЛЯ ОРАЛЬНОГО ПРИМЕНЕНИЯ (TRISULFON® ORAL SUSPENSION)";"Выпускают лекарственный препарат расфасованным в пластиковые бутыли по 1 л."
"СОЛВИМИН® СЕЛЕН (SOLVIMIN® SELEN)";"Расфасован по 150 г и 1 кг в пластмассовые контейнеры."
"РИКАРФА® (RYCARFA) раствор д/инъекций";"Расфасован по 20 мл во флаконы из темного стекла, укупоренные резиновыми пробками, укрепленными алюминиевыми колпачками. Флаконы упакованы поштучно в картонные коробки в комплекте с инструкцией по применению."
"МИЛПРАЗОН® ТАБЛЕТКИ ДЛЯ СОБАК (MILPRAZON® TABLETS FOR DOGS) 2.5+25 мг";"Расфасованы по 2, 4 шт. в блистеры, упакованные в картонные коробки в комплекте с инструкцией по применению."
"МИЛПРАЗОН® ТАБЛЕТКИ ДЛЯ СОБАК (MILPRAZON® TABLETS FOR DOGS) 12.5+125 мг";"Расфасованы по 2, 4 шт. в блистеры, упакованные в картонные коробки в комплекте с инструкцией по применению."
"МИЛПРАЗОН® ТАБЛЕТКИ ДЛЯ КОШЕК (MILPRAZON® TABLETS FOR CATS) 4+10 мг";"Расфасованы по 2, 4 шт. в блистеры, упакованные в картонные коробки в комплекте с инструкцией по применению."
"МИЛПРАЗОН® ТАБЛЕТКИ ДЛЯ КОШЕК (MILPRAZON® TABLETS FOR CATS) 16+40 мг";"Расфасованы по 2, 4 шт. в блистеры, упакованные в картонные коробки в комплекте с инструкцией по применению."
"КОКЦИСАН 120Г ГРАНУЛЯТ (KOKCISAN 120G GRANULATE)";"Расфасован в герметично закрытые многослойные бумажные пакеты по 25 кг."
"КАЛЬФОСЕТ® (CALFOSET®) раствор д/инъекций";"Расфасован по 100 мл в герметично закрытые флаконы из темного стекла, укупоренные резиновыми пробками и обкатанные алюминиевыми колпачками."
"ГИРАКСА® (GIRAXA®)";"Расфасован по 100 г и 1 кг в пакеты из ламинированной фольги или в пластмассовые контейнеры."
"ФЛОРОН® 4% (FLORON® 4%)";"Расфасован по 1 кг в герметично закрытые пакеты из ламинированной фольги, а также по 10 кг в герметично закрытые многослойные бумажные мешки."
"ЭГОЦИН 155 (EGOCIN 155)";"Расфасован по 25 г, 200 г и 1 кг в пакеты из ламинированной фольги; по 10 кг и 25 кг в многослойные бумажные мешки."
"ЭНРОКСИЛ® 10% РАСТВОР ДЛЯ ИНЪЕКЦИЙ (ENROXIL® 10% SOLUTIO PRO INJECTIONIBUS) раствор д/инъекций";"Расфасован по 100 мл во флаконы из темного стекла соответствующей вместимости. Каждый флакон помещен в картонную коробку и снабжен инструкцией по применению."
"ЭНРОКСИЛ® 10% РАСТВОР ДЛЯ ПЕРОРАЛЬНОГО ПРИМЕНЕНИЯ (ENROXIL® 10% SOLUTIO PER USUM ORAL) раствор д/перорального применения";"Расфасован по 1 л в полиэтиленовые бутыли соответствующей вместимости."
"ЭНРОКСИЛ® 5% ПОРОШОК (ENROXIL® 5% POWDER)";"Расфасован по 1 кг в пакеты; по 10 кг и 25 кг в мешки."
"ЭНРОКСИЛ® 5% РАСТВОР ДЛЯ ИНЪЕКЦИЙ (ENROXIL® 5% SOLUTIO PRO INJECTIONIBUS) раствор д/инъекций";"Расфасован по 50 мл и 100 мл во флаконы из темного стекла соответствующей вместимости. Каждый флакон помещен в картонную коробку и снабжен инструкцией по применению."
"ФЛОРОН® 30% (FLORON® 30%) раствор д/инъекций";"Расфасован по 100 мл в герметично закрытые флаконы из темного стекла соответствующей вместимости, укупоренные резиновыми пробками, укрепленными алюминиевыми колпачками. Каждый флакон помещен в картонную коробку в комплекте с инструкцией по применению."
"ФЛОРОН® 10% (FLORON® 10%)";"Расфасован по 1000 мл в пластиковые бутылки соответствующей вместимости. Каждая упаковка снабжена инструкцией по применению."
"ФЛОРОН® 2% ПОРОШОК (FLORON® 2% POWDER)";"Расфасован по 1 и 10 кг в герметично закрытые пакеты из ламинированной фольги, а также по 1 кг в герметично закрытые пластиковые банки."
"ЭГОЦИН® 20 ПОРОШОК (EGOCIN® 20 POWDER)";"Расфасован по 1 кг в пакеты из ламинированной фольги."
"ЭГОЦИН® L.A. (EGOCIN® L.A.) раствор д/инъекций";"Расфасован по 100 мл в герметично закрытые флаконы из темного стекла, укупоренные резиновыми пробками, укрепленными алюминиевыми колпачками. Каждый флакон упакован в картонную коробку и снабжен инструкцией по применению."
"ФЛУБАКТИН® 10% (FLUBACTIN® 10%)";"Расфасован по 1 кг в герметично закрытые пакеты из ламинированной фольги. Каждая упаковка снабжена инструкцией по применению."
"ФЛИМАБЕНД (FLIMABEND)";"Расфасована по 100 г в пакеты-саше из алюминиевой фольги соответствующей вместимости, которые помещены в коробки, содержащие 5 пакетов. Каждая единица упаковки снабжена инструкцией по применению."
"ФИПРИСТ® СПОТ ОН (FYPRYST® SPOT ON) раствор д/наружного применения";"Расфасован по 0.5, 0.67, 1.34, 2.68 и 4.02 мл в полиэтиленовые пипетки, помещенные поштучно в пакеты из алюминиевой фольги. Пипетки упакованы в картонные пачки по 3 шт. в комплекте с инструкцией по применению."
"ЭНРОКСИЛ® МАКС (ENROXIL® MAX) раствор д/инъекций";"Расфасован по 100 мл во флаконы из темного стекла, укупоренные резиновыми пробками, укрепленными алюминиевыми колпачками. Флаконы упакованы индивидуально в картонные коробки. Каждая упаковка снабжена инструкцией по применению."
"ГЕНТАМИЦИН ПОРОШОК (GENTAMICIN PULVIS)";"Расфасован по 1 кг в герметично закрытые пакеты из ламинированной фольги. Каждая упаковка снабжена инструкцией по применению."
"ТИАВАЛТ® (TYAWALT®)";"Расфасован по 1 кг, 5 кг и 10 кг в многослойные водонепроницаемые пакеты. Каждая единица упаковки снабжена инструкцией по применению."
"РИКАРФА® ТАБЛЕТКИ СО ВКУСОМ МЯСА (RYCARFA® TABLETS WITH MEAT FLAVOUR) 20 мг";"Выпускают препарат в виде таблеток массой 76 мг, 190 мг, 380 мг с содержанием действующего вещества, соответственно 20 мг, 50 мг и 100 мг, расфасованных в блистеры по 10 штук. Блистеры упаковывают в картонные коробки по 2, 5, 10 и 50 шт. Каждую упаковку снабжают инструкцией по применению."
"РИКАРФА® ТАБЛЕТКИ СО ВКУСОМ МЯСА (RYCARFA® TABLETS WITH MEAT FLAVOUR) 50 мг";"Выпускают препарат в виде таблеток массой 76 мг, 190 мг, 380 мг с содержанием действующего вещества, соответственно 20 мг, 50 мг и 100 мг, расфасованных в блистеры по 10 штук. Блистеры упаковывают в картонные коробки по 2, 5, 10 и 50 шт. Каждую упаковку снабжают инструкцией по применению."
"РИКАРФА® ТАБЛЕТКИ СО ВКУСОМ МЯСА (RYCARFA® TABLETS WITH MEAT FLAVOUR) 100 мг";"Выпускают препарат в виде таблеток массой 76 мг, 190 мг, 380 мг с содержанием действующего вещества, соответственно 20 мг, 50 мг и 100 мг, расфасованных в блистеры по 10 штук. Блистеры упаковывают в картонные коробки по 2, 5, 10 и 50 шт. Каждую упаковку снабжают инструкцией по применению."
"МИЗОКСИН (MISOXIN)";"Расфасован по 1 кг в пакеты из ламинированной фольги."
"МАРФЛОКСИН® 10% РАСТВОР ДЛЯ ИНЪЕКЦИЙ (MARFLOXIN® 10% SOLUTION FOR INJECTION) раствор д/инъекций";"Расфасован по 100 мл в герметично закрытые флаконы из темного стекла, укупоренные резиновыми пробками и обкатанные алюминиевыми колпачками. Флаконы помещают в картонные коробки в комплекте с инструкцией по применению."
"МАРФЛОКСИН® 2% РАСТВОР ДЛЯ ИНЪЕКЦИЙ (MARFLOXIN® 2% SOLUTION FOR INJECTION) раствор д/инъекций";"Расфасован по 20 мл, 50 мл, 100 мл в герметично закрытые флаконы из темного стекла, укупоренные резиновыми пробками и обкатанные алюминиевыми колпачками, помещенные в картонные коробки с инструкцией по применению."
"МАРФЛОКСИН® ТАБЛЕТКИ (MARFLOXIN® TABLETS) 5 мг";"Расфасованы по 10 шт. в блистеры, упакованные поштучно в картонные коробки в комплекте с инструкцией по применению."
"МАРФЛОКСИН® ТАБЛЕТКИ (MARFLOXIN® TABLETS) 20 мг";"Расфасованы по 10 шт. в блистеры, упакованные поштучно в картонные коробки в комплекте с инструкцией по применению."
"МАРФЛОКСИН® ТАБЛЕТКИ (MARFLOXIN® TABLETS) 80 мг";"Расфасованы по 6 шт. в блистеры, упакованные по 2 блистера в картонные коробки в комплекте с инструкцией по применению."
"АМАТИБ 80% ВОДОРАСТВОРИМЫЙ ПОРОШОК (AMATIB 80% WATER SOLUBLE POWDER)";"Расфасован по 100, 250 и 500 г в герметично закрытые пакеты из ламинированной фольги. Каждая единица упаковки снабжена инструкцией по применению."
"ДЕХИНЕЛ® ПЛЮС (DEHINEL® PLUS)";"Расфасованы по 2 или 6 таблеток в блистеры. Блистеры по 2 таблетки упакованы в картонные коробки по 1 или 2 шт., блистеры по 6 таблеток упакованы в картонные коробки по 10 или 17 шт. и снабжены инструкцией по применению."
"ДЕХИНЕЛ® ПЛЮС ТАБЛЕТКИ СО ВКУСОМ МЯСА (DEHINEL® PLUS TABLETS WITH MEAT FLAVOUR)";"Расфасованы по 2 или 10 таблеток в блистеры. Блистеры по 2 таблетки упакованы по 1 шт. в коробку, блистеры по 10 таблеток упакованы в коробки по 1 или 10 шт. Каждая коробка снабжена инструкцией по применению."
"ТОЛТАРОКС® (TOLTAROX®)";"Расфасована по 250 мл и 1 л в пластиковые флаконы соответствующей вместимости с навинчиваемыми крышками из полипропилена. Флаконы емкостью 250 мл упакованы индивидуально в картонные коробки. Каждую упаковку снабжают инструкцией по применению."
"ЛАВЕТА СУПЕР ДЛЯ СОБАК (LAVETA SUPER FOR DOG) жидкость";"Расфасована по 50 мл в стеклянные флаконы, упакованные в картонные коробки. Каждую единицу фасовки маркируют с указанием: наименования организации-производителя, ее адреса и товарного знака, названия, назначения и способа применения добавки, состава и гарантированных показателей, объема в единице фасовки, даты изготовления, срока и условий хранения, номера партии, знака соответствия, надписи ""Для животных"" и сопровождают инструкцией по применению."
"ЭКОЦИД С (ECOCID S)";"Расфасован по 50 г в пакеты из ламинированной фольги, упакованные по 25 штук в картонные коробки; по 1 кг и 2.5 кг - в пакеты из ламинированной фольги соответствующей вместимости."
"ЭКОЦИД (ECOCID)";"Расфасован по 50 г и 2.5 кг в пакеты."
"КАПЛИ VERMICON LINE-ON-IMMOSHIELD ОТ ПАРАЗИТОВ (ANTIPARASITIC DROPS VERMICON LINE-ON-IMMOSHIELD) капли";"Расфасованы по 1 мл, 1.5 мл, 3 мл и 4.5 мл в пипетки, упакованные по 3 шт. в картонные коробки.Выпускаются для кошек весом от 1 до 10 кг, для собак весом от 1 до 15 кг, 15-30 кг и более 30 кг."
"ЛАКТИС ЗОО (LACTIS ZOO) жидкость";"Расфасован по 100 мл во флаконы."
"ВОЛЬВАК® AE+FP MLV (VOLVAC® AE+FP MLV) лиофилизат д/пригот. р-ра д/инъекций";"Вакцина расфасована по 1000 прививных доз (7.8-8.2 см(3)) в стеклянные флаконы, разбавитель - в полиэтиленовые флаконы по 10 мл соответствующей вместимости. Флаконы герметично укупорены резиновыми пробками, укрепленными алюминиевыми колпачками."
"ЭНТЕРИЗОЛ® ИЛЕИТИС (ENTERISOL® ILEITIS)";"Расфасована по 10 доз, 50 доз и 100 доз в стеклянные флаконы соответствующей вместимости, разбавитель - в пластиковые флаконы по 20 мл, 100 мл и 200 мл. Флаконы с вакциной заполнены инертным газом и герметично укупорены резиновыми пробками, укрепленными алюминиевыми колпачками. Флаконы с разбавителем герметично укупорены резиновыми пробками, укрепленными алюминиевыми колпачками."
"ВЕТМЕДИН® капсулы (VETMEDIN® capsules) капсулы 1.25 мг";"Расфасованы по 100 шт. в пластиковые флаконы соответствующей вместимости. Флаконы упакованы в индивидуальные картонные коробки. В каждую коробку вложена инструкция по применению."
"ВЕТМЕДИН® капсулы (VETMEDIN® capsules) капсулы 2.5 мг";"Расфасованы по 100 шт. в пластиковые флаконы соответствующей вместимости. Флаконы упакованы в индивидуальные картонные коробки. В каждую коробку вложена инструкция по применению."
"ВЕТМЕДИН® капсулы (VETMEDIN® capsules) капсулы 5 мг";"Расфасованы по 100 шт. в пластиковые флаконы соответствующей вместимости. Флаконы упакованы в индивидуальные картонные коробки. В каждую коробку вложена инструкция по применению."
"ВЕТМЕДИН® капсулы (VETMEDIN® capsules) капсулы 10 мг";"Расфасованы по 100 шт. в пластиковые флаконы соответствующей вместимости. Флаконы упакованы в индивидуальные картонные коробки. В каждую коробку вложена инструкция по применению."
"ВЕТМЕДИН® (VETMEDIN®) 1.25 мг";"Расфасованы по 50 или 100 шт. в пластиковые флаконы соответствующей вместимости. Флаконы упакованы с инструкцией по применению в индивидуальные картонные коробки."
"ВЕТМЕДИН® (VETMEDIN®) 2.5 мг";"Расфасованы по 50 или 100 шт. в пластиковые флаконы соответствующей вместимости. Флаконы упакованы с инструкцией по применению в индивидуальные картонные коробки."
"ВЕТМЕДИН® (VETMEDIN®) 5 мг";"Расфасованы по 50 или 100 шт. в пластиковые флаконы соответствующей вместимости. Флаконы упакованы с инструкцией по применению в индивидуальные картонные коробки."
"ХЕЛАВИТ С (HELAVIT C) раствор";"Расфасован по 40 и 70 мл в полимерные флаконы; 10 и 20 л в полиэтиленовые бутыли; 30 и 40 л в полиэтиленовые канистры или бочки."
"ХЕЛАВИТ РАСТВОР ДЛЯ ИНЪЕКЦИЙ (HELAVITUM SOLUTION PRO INJECTIONIBUS) раствор д/инъекций";"Расфасован по 10 и 100 мл во флаконы из прозрачного или темного стекла, герметично укупоренные резиновыми пробками, укрепленными алюминиевыми колпачками."
"ХЕЛАВИТ В (HELAVIT B) раствор";"Расфасован по 70 мл в полимерные флаконы; 10 и 20 л в полиэтиленовые бутыли; 30 и 40 л в полиэтиленовые канистры или бочки."
"ХЕЛАВИТ А (HELAVIT A) раствор";"Расфасован по 250 и 500 мл в полимерные флаконы;10 и 20 л в полиэтиленовые бутыли; 30 и 40 л в полиэтиленовые канистры или бочки."
"БЕАФАР ОШЕЙНИК ИНСЕКТОАКАРИЦИДНЫЙ ДЛЯ КОШЕК (BEAPHAR FLEA & TICK COLLAR FOR CAT)";"Выпускают длиной 35 см в герметично закрытом полимерном пакете, помещенном в картонную коробку с инструкцией по применению."
"БЕАФАР ОШЕЙНИК ИНСЕКТОАКАРИЦИДНЫЙ ДЛЯ СОБАК (BEAPHAR FLEA & TICK COLLAR FOR DOG)";"Выпускают для собак средних, маленьких пород и щенков длиной 65 см, для собак крупных пород длиной 85 см, упакованным в герметично закрытом полимерном пакете, помещенном в картонную коробку с вместе с инструкцией по применению."
"БЕАФАР ОШЕЙНИК ИНСЕКТОАКАРИЦИДНЫЙ ДЛЯ СОБАК И КОШЕК С.О.С. (BEAPHAR FLEA & TICK COLLAR FOR DOG AND CAT S.O.S.)";"Выпускают в герметично закрытом полимерном пакете, помещенном в картонную коробку с инструкцией по применению."
"ЭНРОМАГ® (ENROMAG) раствор д/инъекций 50 мг";"Расфасован по 20 и 100 мл в стеклянные флаконы соответствующей вместимости, укупоренные резиновыми пробками, укрепленными алюминиевыми колпачками."
"ЭНРОМАГ® (ENROMAG) раствор д/инъекций 100 мг";"Расфасован по 20 и 100 мл в стеклянные флаконы соответствующей вместимости, укупоренные резиновыми пробками, укрепленными алюминиевыми колпачками."
"ЭНДОМЕТРАМАГ-БИО® (ENDOMETRAMAG-BIO)";"Расфасован по 0.5 и 1 л в полиэтиленовые канистры соответствующей вместимости, которые закрывают резьбовыми пластмассовыми крышками с контролем первого вскрытия."
"ЦИПРОМАГ®-О (CIPROMAG-O)";"Расфасован по 0.5 или 1 л в полиэтиленовые канистры соответствующей вместимости, укупоренные резьбовыми пластмассовыми крышками с кольцом контроля первого вскрытия. Каждую упаковку снабжают инструкцией по применению."
"ЦЕФТИМАГ® (CEFTIMAG) сусп. д/инъекций";"Расфасована по 100 мл в стеклянные флаконы соответствующей вместимости. Флаконы укупоривают резиновыми пробками, укрепленными алюминиевыми колпачками."
"ФОЛЛИМАГ® (FOLLIMAG) лиофилизат д/пригот. р-ра д/инъекций 500";"Расфасован в стеклянные флаконы соответствующей вместимости, укупоренные резиновыми пробками, укрепленными алюминиевыми колпачками."
"ФОЛЛИМАГ® (FOLLIMAG) лиофилизат д/пригот. р-ра д/инъекций 1000";"Расфасован в стеклянные флаконы соответствующей вместимости, укупоренные резиновыми пробками, укрепленными алюминиевыми колпачками."
"СУПРИМИЦИН® (SUPRIMYCIN) раствор д/инъекций";"Расфасован по 100 мл в стеклянные флаконы, герметично укупоренные резиновыми пробками, укрепленными алюминиевыми колпачками."
"ПНЕВМОСТОП® (PNEUMOSTOP) раствор д/инъекций";"Расфасован по 20 и 100 мл в стеклянные флаконы соответствующей вместимости, укупоренные резиновыми пробками, укрепленными алюминиевыми колпачками."
"ПИГУЛИН® (PIGULIN®) 1 доза";"Расфасована по 1 или 5 доз в стеклянные флаконы вместимостью 10 мл. Флаконы укупоривают резиновыми пробками, укрепленными алюминиевыми колпачками."
"ПИГУЛИН® (PIGULIN®) 5 доз";"Расфасована по 1 или 5 доз в стеклянные флаконы вместимостью 10 мл. Флаконы укупоривают резиновыми пробками, укрепленными алюминиевыми колпачками."
"МИКСОФЕРОН® РАСТВОР ДЛЯ ИНЪЕКЦИЙ (MIXOFERON® SOLUTIO PRO INJECTIONIBUS) раствор д/инъекций 5 доз";"Расфасован по 10 мл в стеклянные флаконы соответствующей вместимости, укупоренные резиновыми пробками, укрепленными алюминиевыми колпачками. Флаконы помещают в картонную коробку по 40 шт. в комплекте с инструкцией по применению."
"МИКСОФЕРОН® РАСТВОР ДЛЯ ИНЪЕКЦИЙ (MIXOFERON® SOLUTIO PRO INJECTIONIBUS) раствор д/инъекций 10 доз";"Расфасован по 10 мл в стеклянные флаконы соответствующей вместимости, укупоренные резиновыми пробками, укрепленными алюминиевыми колпачками. Флаконы помещают в картонную коробку по 40 шт. в комплекте с инструкцией по применению."
"МЕТРАМАГ® (METRAMAG) раствор д/инъекций";"Расфасован по 20 мл и 100 мл в стеклянные флаконы соответствующей вместимости. Флаконы укупоривают резиновыми пробками, укрепленными алюминиевыми колпачками."
"МАГЭСТРОФАН® (MAGESTROFAN) раствор д/инъекций";"Расфасован по 2, 4, 10, 20 мл во флаконы соответствующей вместимости, укупоренные резиновыми пробками, укрепленными алюминиевыми колпачками."
"МАГКОЛИСТИН® (MAGCOLISTIN) раствор д/перорального применения";"Расфасован по 0.5 и 1 л в полиэтиленовые канистры, закрытые резьбовыми пластмассовыми крышками с контролем первого вскрытия. Каждая потребительская упаковка снабжена инструкцией по применению."
"КОМУЛИН (COMULIN) раствор д/инъекций";"Расфасован по 20 и 100 мл в стеклянные флаконы соответствующей вместимости, укупоренные резиновыми пробками, укрепленными алюминиевыми колпачками."
"ДОКСИМАГ®-О (DOXYMAG-O)";"Расфасован по 100 мл в стеклянные флаконы или по 0.5 л, 1.0 л в полиэтиленовые канистры соответствующей вместимости. Флаконы укупоривают резиновыми пробками, укрепленными алюминиевыми колпачками. Полиэтиленовые канистры закрывают резьбовыми пластмассовыми крышками с контролем первого вскрытия."
"БРОМКОЛИН®-О (BROMCOLIN-O) раствор д/перорального применения";"Расфасован по 0.5 л и 1 л в полиэтиленовые канистры соответствующей вместимости. Полиэтиленовые канистры закрывают резьбовыми пластмассовыми крышками с контролем первого вскрытия."
"БАКТИМАГ-О® (BACTIMAG-O) раствор д/перорального применения";"Расфасован по 0.5 л и 1 л в полиэтиленовые канистры соответствующей вместимости. Полиэтиленовые канистры закрывают резьбовыми пластмассовыми крышками с контролем первого вскрытия."
"АЦИЛОМАГ® (ACILOMAG) сусп. д/инъекций";"Расфасована по 100 мл в стеклянные флаконы соответствующей вместимости. Флаконы укупоривают резиновыми пробками, укрепленными алюминиевыми колпачками."
"АМОКСИМАГ® (AMOXIMAG) сусп. д/инъекций";"Расфасована по 100 мл в стеклянные флаконы, укупоренные резиновыми пробками, укрепленными алюминиевыми колпачками. Каждая потребительская упаковка снабжена инструкцией по применению."
"АРГУМИСТИН® (ARGUMISTIN®) раствор д/приема внутрь и местного применения 0.001%";"Расфасован в полимерные флаконы объемом 10 мл со стерильной насадкой-капельницей. Каждый флакон сопровождается индивидуальной картонной упаковкой и инструкцией по применению."
"АРГУМИСТИН® (ARGUMISTIN®) раствор д/приема внутрь и местного применения 0.005%";"Расфасован в полимерные флаконы объемом 1 л; 100 мл со стерильной насадкой-распылителем; 10 мл со стерильной насадкой-капельницей. Флаконы объемом 10 мл и 100 мл сопровождаются индивидуальной картонной упаковкой и инструкцией по применению."
"ЭЛЬВИТА-УДИВИТ (ALVITA-UDIVIT)";"Расфасован по 2, 4 и 8 мл в герметично запаянные стеклянные ампулы или по 5, 10 и 100 мл в стеклянные флаконы соответствующей вместимости, укупоренные резиновыми пробками, укрепленными алюминиевыми колпачками."
"СОМАТИК-ЭКСПЕРТ (SOMATIC-EXPERT)";"Расфасован от 50 до 10 000 см(3) в полимерную тару."
"ЦИФЛОН (CIFLON) раствор д/наружного применения";"Расфасован по 100, 500 и 1000 мл в пластиковые емкости."
"ФЛУКСИРОЛ (FLUXIROL) раствор д/инъекций";"Расфасован по 10, 100 и 250 мл в стеклянные флаконы."
"ТЕТРАВИТФЕРОН-Б (TETRAVITFERON-B) раствор д/инъекций";"Расфасован по 10, 20, 50, 100 см(3) в стеклянных или полимерных флаконах."
"УТЕРОФУР (UTEROFUR) сусп. д/инъекций";"Расфасован по 10 и 20 см(3) в пластиковых шприцах-инъекторах, закрытых колпачками."
"РЕЦЕФУР (RECEFUR) сусп. д/инъекций";"Расфасован по 50, 100, 400 и 1000 см(3) в стерильные стеклянные или полимерные флаконы."
"ПЕНОЦЕФУР (PENOCEFUR)";"Расфасованы в индивидуальные упаковки: фольгу с термолаком или пленку полиэтиленовую пищевую по 1 или 2 шт., которые помещены в коробки или пластиковые контейнеры по 10 или 20 шт."
"ИНТЕРФЕРОН СВИНОЙ РЕКОМБИНАНТНЫЙ (RECOMBINANT PORCINE INTERFERON) раствор д/инъекций";"Расфасован по 10 см(3) в запаянных ампулах для лекарственных средств вакуумного наполнения или по 10, 20, 50, 100, 400, 1000 см(3) в стерильных стеклянных или пластиковых флаконах."
"ИНТЕРФЕРОН БЫЧИЙ РЕКОМБИНАНТНЫЙ (RECOMBINANT BOVINE INTERFERON) раствор д/инъекций";"Расфасован по 10 см(3) в запаянных ампулах для лекарственных средств вакуумного наполнения или по 10, 20, 50, 100, 400, 1000 см(3) в стерильных стеклянных или пластиковых флаконах."
"ДЕКТОМЕКТИН (DECTOMECTIN) раствор д/инъекций";"Расфасован по 50, 100 или 250 см(3) в стеклянные флаконы."
"ФЕЛИФЕРОН® РАСТВОР ДЛЯ ИНЪЕКЦИЙ (SOLUTIO FELIFERONI PRO INJECTIONIBUS) раствор д/инъекций";"Расфасован по 2.5 мл в стеклянные флаконы объемом 3 мл, укупоренными резиновыми пробками, укрепленными алюминиевыми колпачками. Препарат упаковывают по 2 или 5 флаконов в ложемент корекс, который индивидуально укладывают в картонные коробки с инструкцией по применению."
"БЕЛКОХЕЛП (BELKOHELP) порошок: , 0.01 %, 0.1 %, 0.17 %, 0.3 %";"Расфасован весовыми порциями массой 500 г с указанием массы каждой упаковочной единицы."
"БЕЛКОХЕЛП (BELKOHELP) порошок: 0.01 %, 0.1 %, 0.17 %, 93.5 %";"Расфасован весовыми порциями массой от 500 г до 40 кг с указанием массы каждой упаковочной единицы. Каждую партию упаковывают в пакеты (блистеры) из целлюлозной пленки, полиэтиленовой пленки с указанием массы каждой упаковочной единицы или другие полимерные материалы, разрешенные к применению для контакта с пищевой продукцией органами и учреждениями Госсанэпиднадзора, скрепляют термосваркой или заклеивают ярлыком с нанесенным товарным знаком или обвязывают лентой или закрепляют металлическими скобами, упаковывают в транспортную тару. БВМД, предназначенные для реализации (в т.ч. и фасованные), упаковывают в ящики: деревянные многооборотные, полимерные многооборотные, из гофрированного картона. По согласованию с заказчиком (потребителем) допускаются другие виды упаковки."
"8 В 1 ЭКСЕЛЬ ДЕТЕР (8 IN 1 EXCEL DETER) таб.";"Расфасованы по 55 или 110 шт. в полимерные банки с крышками."
"МЕТАКАМ® (METACAM®) раствор д/инъекций";"Расфасован в стеклянные флаконы, укупоренные резиновыми пробками, укрепленными алюминиевыми колпачками."
"КУСТОВАК® D (CUSTOVAC® D)";"Расфасован по 250 г в полиэтиленовые пакеты, упакованные в коробки. В каждую коробку вложена инструкция по применению препарата."
"ИНГЕЛЬВАК® АУЕСКИ MLV (INGELVAC® AUJESZKY MLV)";"Вакцина расфасована по 10, 25, 50 и 100 прививных доз в стеклянные флаконы соответствующей вместимости, растворитель - в пластиковые флаконы по 20, 50, 100 и 200 мл. Флаконы герметично укупорены резиновыми пробками, укрепленными алюминиевыми колпачками."
"ИНГЕЛЬВАК® HP-1 (INGELVAC® HP-1)";"Вакцина расфасована по 100 мл (50 доз) и 500 мл (250 доз) в полиэтиленовые флаконы соответствующей вместимости. Флаконы герметично укупорены резиновыми пробками, укрепленными алюминиевыми колпачками.Флаконы с вакциной упакованы в картонные коробки. В каждую коробку с вакциной вложена инструкция по ее применению. Коробки с вакциной упакованы в ящики."
"ИНГЕЛЬВАК® APPX (INGELVAC® APPX)";"Вакцина расфасована по 20 мл (10 доз), 50 мл (25 доз), 100 мл (50 доз), 200 мл (100 доз), 500 мл (250 доз) в полиэтиленовые флаконы соответствующей вместимости. Флаконы герметично укупорены резиновыми пробками, укрепленными алюминиевыми колпачками."
"ИНГЕЛЬВАК ЦиркоФЛЕКС® (INGELVAC CircoFLEX®)";"Вакцина расфасована по 50 мл (50 доз) и 100 мл (100 доз) в полиэтиленовые флаконы соответствующей вместимости. Флаконы герметично укупорены резиновыми пробками, укрепленными алюминиевыми колпачками."
"ИНГЕЛЬВАК МикоФЛЕКС® (INGELVAC MycoFLEX®)";"Вакцина расфасована по 10 мл (10 прививных доз), 50 мл (50 прививных доз), 100 мл (100 прививных доз) и 250 мл (250 прививных доз) в полиэтиленовые флаконы соответствующей вместимости."
"ВОЛЬВАК® АС Плюс+ND+IB+EDS KV (VOLVAC® AC Plus+ND+IB+EDS KV)";"Расфасована по 500 мл (1000 доз) в пластиковые флаконы соответствующей вместимости.Флаконы укупорены резиновыми пробками, укрепленными алюминиевыми колпачками."
"ВОЛЬВАК® АС Плюс (VOLVAC® AC Plus)";"Расфасована по 500 мл (1000 доз) в пластиковые флаконы соответствующей вместимости. Флаконы укупорены резиновыми пробками, укрепленными алюминиевыми колпачками.Флаконы с вакциной упакованы в картонные коробки. В каждую коробку с вакциной вложена инструкция по ее применению. Коробки с вакциной упакованы в ящики (или другую транспортную упаковку)."
"ВОЛЬВАК® ND+IB+EDS KV (VOLVAC® ND+IB+EDS KV)";"Расфасована по 500 мл (1000 доз) в полиэтиленовые флаконы соответствующей вместимости. Флаконы герметично укупорены резиновыми пробками, укрепленными алюминиевыми колпачками. Флаконы с вакциной упакованы в картонные коробки. В каждую коробку с вакциной вложена инструкция по ее применению."
"ВОЛЬВАК® ND LaSota MLV (VOLVAC® ND LaSota MLV)";"Вакцина расфасована по 2.8 см(3)-3.2 см(3), 4.7 см(3)-5.3 см(3), 5.8 см(3)-6.2 см(3), 16 см(3)-18 см(3 )(1000, 2000, 5000, 10 000 доз соответственно), а разбавитель - по 30 мл во флаконы соответствующей вместимости. Флаконы герметично укупорены резиновыми пробками, укрепленными алюминиевыми колпачками. Флаконы с вакциной после лиофилизации вакуумированы.Флаконы с вакциной и разбавителем упакованы в отдельные картонные или пластиковые коробки по 5-10 шт. В коробку с вакциной вкладывают инструкцию по ее применению. В коробку с разбавителем вкладывают дозирующие аппликаторы. Коробки с вакциной и разбавителем упакованы в отдельные ящики (или другую транспортную упаковку)."
"ВОЛЬВАК® ND Conc. KV (VOLVAC® ND Conc. KV)";"Расфасована по 500 мл (2500 - 5000 доз) в полиэтиленовые флаконы соответствующей вместимости. Флаконы герметично укупорены резиновыми пробками, укрепленными алюминиевыми колпачками.Флаконы с вакциной упакованы в картонные коробки. В каждую коробку с вакциной вложена инструкция по ее применению."
"ВОЛЬВАК® IBD MLV (VOLVAC® IBD MLV)";"Расфасована по 1000, 5000, 10 000 доз в стеклянные флаконы соответствующей вместимости, растворитель - во флаконы по 30 мл. Флаконы герметично укупорены резиновыми пробками, укрепленными алюминиевыми колпачками.Флаконы с вакциной и растворителем упакованы в картонные или пластиковые коробки. В каждую коробку с вакциной и растворителем вложена инструкция по применению на русском языке.Коробки с вакциной и растворителем упакованы в ящики (или другую транспортную упаковку)."
"ВОЛЬВАК® IB Mass MLV (VOLVAC® IB Mass MLV)";"Вакцина расфасована по 1.8 см(3)-2.2 см(3), 1.8 см(3)-2.2 см(3), 2.3 см(3)-2.7 см(3), 2.8 см(3)-3.2 см(3 )(1000, 2000, 5000, 10 000 доз соответственно) в стеклянные флаконы соответствующей вместимости; разбавитель - во флаконы по 30 мл. Флаконы герметично укупорены резиновыми пробками, укрепленными алюминиевыми колпачками.Флаконы с вакциной и разбавителем упакованы в отдельные картонные или пластиковые коробки по 10 шт. В коробку с вакциной вкладывают инструкцию по ее применению. В коробку с разбавителем вкладывают дозирующие аппликаторы. Коробки с вакциной и разбавителем упакованы в отдельные ящики (или другую транспортную упаковку)."
"8 В 1 ЭКСЕЛЬ ПИВНЫЕ ДРОЖЖИ (8 IN 1® EXCEL® BREWER'S YEAST) таб. 0.4 мг";"Расфасованы по 80, 140, 260, 780 и 1430 шт. в полимерные банки соответствующей вместимости с навинчиваемыми крышками. Каждую упаковку маркируют на русском языке с указанием: наименования организации-производителя, ее адреса и товарного знака, наименования, назначения и способа применения добавки, состава и гарантированных показателей, срока и условий хранения, номера партии, массы таблетки, количества таблеток в упаковке, даты изготовления, сведений о сертификации, надписи ""Для животных"" и снабжают инструкцией по применению."
"8 В 1 ЭКСЕЛЬ ПИВНЫЕ ДРОЖЖИ (8 IN 1® EXCEL® BREWER'S YEAST) таб. 2.1 мг";"Расфасованы по 80, 140, 260, 780 и 1430 шт. в полимерные банки соответствующей вместимости с навинчиваемыми крышками. Каждую упаковку маркируют на русском языке с указанием: наименования организации-производителя, ее адреса и товарного знака, наименования, назначения и способа применения добавки, состава и гарантированных показателей, срока и условий хранения, номера партии, массы таблетки, количества таблеток в упаковке, даты изготовления, сведений о сертификации, надписи ""Для животных"" и снабжают инструкцией по применению."
"8 В 1 ЭКСЕЛЬ МУЛЬТИВИТАМИНЫ ДЛЯ СОБАК МЕЛКИХ ПОРОД (8 IN 1® EXCEL® MULTI VITAMIN - SMALL BREED) таб.";"Расфасованы по 70 шт. в полимерные банки соответствующей вместимости с навинчиваемыми крышками."
"8 В 1 ЭКСЕЛЬ МОБАЙЛ ФЛЕКС ПЛЮС (8 IN 1® EXCEL® MOBILE FLEX(+))";"Расфасован по 150 г в полимерные банки соответствующей вместимости с навинчиваемыми крышками."
"8 В 1 ЭКСЕЛЬ КАЛЬЦИЙ (8 IN 1® EXCEL® CALCIUM) таб.";"Расфасованы по 155, 470, 880 и 1700 шт. в полимерные банки соответствующей вместимости с навинчиваемыми крышками."
"8 В 1 ЭКСЕЛЬ ГЛЮКОЗАМИН+МСМ (8 IN 1 EXCEL GLUCOSAMINE+MSM) таб.";"Расфасованы по 55 или 110 шт. в полимерные банки с крышками."
"8 В 1 ЭКСЕЛЬ ГЛЮКОЗАМИН (8 IN 1 EXCEL GLUCOSAMINE) таб.";"Расфасованы по 55 или 110 шт. в полимерные банки с крышками."
"БИОСЕПТИН (BIOSEPTIN)";"Расфасована по 0.06, 0.50, 1.0 и 2.0 кг в тубы полимерные или в банки полимерные. Каждую единицу потребительской упаковки снабжают инструкцией по применению."
"ВЕТОМ 4 (VETOM 4)";"Расфасован по 0.005 кг, 0.05 кг, 0.1 кг, 0.2 кг, 0.3 кг, 0.5 кг, 1 кг, 2 кг и 5 кг в пакеты из ламинированной бумаги или полимерных водонепроницаемых материалов или в банки полимерные; по 1, 2 и 5 кг в пакеты с внутренним полимерным покрытием или в банки полимерные; по 1, 2 и 5 кг пакеты из полиэтилена или полимерных комбинированных водонепроницаемых материалов. Каждую единицу потребительской упаковки снабжают инструкцией по применению."
"ВЕТОМ 3 (VETOM 3)";"Расфасован по 0.005, 0.010, 0.1, 0.2, 0.3 и 0.5 кг в пакеты из ламинированной бумаги или полимерных водонепроницаемых материалов или в банки полимерные; по 1, 2 и 5 кг в пакеты с внутренним полимерным покрытием или в банки полимерные; по 1, 2 и 5 кг пакеты из полиэтилена или полимерных комбинированных водонепроницаемых материалов. Каждую единицу потребительской упаковки снабжают инструкцией по применению."
"ВЕТОМ 2 (VETOM 2)";"Расфасован по 0.005, 0.010, 0.1, 0.2, 0.3 и 0.5 кг в пакеты из ламинированной бумаги или полимерных водонепроницаемых материалов или в банки полимерные; по 1, 2 и 5 кг в пакеты с внутренним полимерным покрытием или в банки полимерные; по 1, 2 и 5 кг пакеты из полиэтилена или полимерных комбинированных водонепроницаемых материалов. Каждую единицу потребительской упаковки снабжают инструкцией по применению."
"ВЕТОМ 1.1 (VETOM 1.1)";"Расфасован по 0.005 кг, 0.01 кг, 0.05 кг, 0.1 кг, 0.2 кг, 0.3 кг и 0.5 кг в пакеты из ламинированной бумаги или полимерных водонепроницаемых материалов или в банки полимерные; по 1 кг, 2 кг, 5 кг в пакеты с внутренним полимерным покрытием или в банки полимерные; по 1 кг, 2 кг и 5 кг пакеты из полиэтилена или полимерных комбинированных водонепроницаемых материалов.Каждую единицу фасовки маркируют на русском языке с указанием: наименования организации-производителя, ее адреса и товарного знака, названия кормовой добавки, назначения и способа применения, состава и гарантированных показателей качества, обозначения стандарта организации, надписи ""Для ветеринарного применения"", номера партии, даты изготовления (число, месяц, год), срока и условий хранения, массы нетто, знака соответствия, номера госрегистрации и снабжают инструкцией по применению."
"ГЛИКОПИН® (GLIKOPIN®) таб.";"Расфасованы по 10 шт. в контурные ячейковые упаковки. По 1 контурной ячейковой упаковке вместе с инструкцией по применению помещают в картонную пачку."
"ФОРВЕТ® (FORVET) раствор д/инъекций";"Расфасован по 1, 2, 5 мл в стеклянные ампулы или по 1, 2, 5, 10, 20, 50 и 100 мл во флаконы из нейтрального стекла соответствующей вместимости, укупоренных резиновыми пробками, укрепленными алюминиевыми колпачками."
"АСД фракция 2 (ASD fraction 2)";"Расфасован по 5, 7, 10 мл в полимерные или стеклянные флаконы вместимостью 10 мл; по 20, 50, 100, 200 мл в полимерные или стеклянные флаконы соответствующей вместимости; по 1000 мл в пластиковые или стеклянные бутылки. Флаконы, стеклянные бутылки укупорены резиновыми пробками и обкатаны алюминиевыми колпачками, полимерные бутылки закрыты навинчиваемыми пластмассовыми крышками с контролем первого вскрытия. Флаконы вместимостью 10 мл по 4, 6, 8, 10 шт. или поштучно помещены в картонную пачку, допускается выпуск флаконов с препаратом по 100 мл без пачки. Каждая единица фасовки снабжена инструкцией по применению."
"ВЕЛЕС 6.59 (VELES 6.59)";"Расфасован по 10, 50, 100, 500, 1000 мл в стерильные флаконы, банки из стекломассы или из полимерных материалов; по 2 л в полимерные бутыли или канистры. Каждую единицу потребительской упаковки снабжают инструкцией по применению."
"ФОРТЕКОР® ТАБЛЕТКИ (FORTEKOR® TABLETS) таб. 5 мг";"Расфасованы по 14 шт. в блистеры, упакованные в картонные коробки вместе с инструкцией по применению препарата."
"ФОРТЕКОР® ТАБЛЕТКИ (FORTEKOR® TABLETS) таб. 20 мг";"Расфасованы по 14 шт. в блистеры, упакованные в картонные коробки вместе с инструкцией по применению препарата."
"ПРАК-ТИК® (PRAC-TIC®) раствор д/наружного применения";"Расфасован по 0.45 мл; 1.1 мл; 2.2 мл и 5.0 мл в полипропиленовые пипетки, упакованные по 3 шт. в блистеры из алюминиевой фольги, помещенные в картонные коробки вместе с инструкцией по применению."
"ИММУНОФАН® (IMMUNOFAN) раствор д/инъекций";"Расфасован в ампулы по 1 мл, упакованные в картонную коробку по 5 шт. и снабженные инструкцией по применению, а также в стеклянные флаконы по 1, 2, 5, 10 и 50 мл герметично укупоренные полимерными или резиновыми пробками, укрепленными алюминиевыми колпачками."
"ТИЛОЗИН (TILOZIN) раствор д/инъекций 50 мг";"Расфасован по 20, 50 и 100 мл в стеклянные флаконы, укупоренные резиновыми пробками, укрепленными алюминиевыми колпачками. Каждая потребительская упаковка снабжена инструкцией по применению."
"ТИЛОЗИН (TILOZIN) раствор д/инъекций 200 мг";"Расфасован по 20, 50 и 100 мл в стеклянные флаконы, укупоренные резиновыми пробками, укрепленными алюминиевыми колпачками. Каждая потребительская упаковка снабжена инструкцией по применению."
"ДОКСИЛОКС® (DOXYLOX) раствор д/инъекций";"Расфасован по 100 мл в стеклянные флаконы соответствующей вместимости, укупоренные резиновыми пробками, укрепленными алюминиевыми колпачками. Каждая потребительская упаковка снабжена инструкцией по применению препарата."
"БУРСИН ПЛЮС (BURSINE PLUS)";"Расфасована по 500 (5 см(3)), 1000 (5 см(3)), 2000 (5 см(3)), 2500 (5 см(3)), 5000 (5 см(3)), 10 000 (16 см(3)) и 25 000 (16 см(3)) прививных доз в полиэтиленовые или пластиковые флаконы соответствующей вместимости. Флаконы вакуумированы и герметично укупорены резиновыми пробками, укрепленными алюминиевыми колпачками."
"ПУЛВАК IB ПРАЙМЕР (POULVAC IB PRIMER)";"Расфасована по 4 см(3) (1000, 2000, 2500 и 5000 прививных доз) в полиэтиленовые или пластиковые флаконы соответствующей вместимости, герметично укупоренные резиновыми пробками, укрепленными алюминиевыми колпачками. Флаконы после лиофилизации вакуумированы."
"СУВАКЦИН MH-ОДИН (SUVAXYN MH-ONE) сусп. д/инъекций";"Расфасована по 20 мл (10 доз), 100 мл (50 доз), 250 (125 доз) и 500 мл(250 доз) в пластиковые флаконы соответствующей вместимости. Флаконы герметично укупорены резиновыми пробками, укрепленными алюминиевыми колпачками."
"ИМПРОВАК (IMPROVAC) раствор д/инъекций";"Расфасован по 100 мл в полимерные флаконы соответствующей вместимости, укупоренные резиновыми пробками, укрепленными алюминиевыми колпачками. Флаконы упакованы по 10 шт. в картонные коробки в комплекте с инструкцией по применению."
"АВАТЕК 150G (AVATEC 150G)";"Расфасован по 20 кг в герметично закрытых крафт-мешках."
"НАКСЕЛ (NAXCEL) сусп. д/инъекций";"Расфасована по 50 мл и 100 мл в стеклянные флаконы соответствующей вместимости, укупоренные резиновыми пробками, укрепленными алюминиевыми колпачками. Каждый флакон помещают в индивидуальную картонную коробку в комплекте с инструкцией по применению."
"ДРАКСИН (DRAXXIN) раствор д/инъекций: 100 мг";"Расфасован по 50 мл, 100 мл, 250 мли 500 млв стеклянные флаконы, укупоренные резиновыми пробками, укрепленными алюминиевыми колпачками. Каждый флакон упакован в картонную коробку в комплекте с инструкцией по применению."
"МЕКСИДОЛ-ВЕТ® (MEXIDOL-VET) таб. 50 мг";"Расфасованы по 10 таб. в контурные ячейковые упаковки из пленки поливинилхлоридной и фольги алюминиевой. По 1, 2, 3, 4, 5 контурных ячейковых упаковок вместе с инструкцией по применению помещены в картонную пачку."
"МЕКСИДОЛ-ВЕТ® (MEXIDOL-VET) таб. 125 мг";"Расфасованы по 10 таб. в контурные ячейковые упаковки из пленки поливинилхлоридной и фольги алюминиевой. По 1, 2, 3, 4, 5 контурных ячейковых упаковок вместе с инструкцией по применению помещены в картонную пачку."
"МЕКСИДОЛ-ВЕТ® (MEXIDOL-VET) раствор д/инъекций 25 мг";"Расфасован по 1 мл в стеклянные ампулы, стеклянные или полимерные флаконы, укупоренные резиновыми пробками, укрепленными алюминиевыми колпачками. По 5 ампул или флаконов упакованы в контурную ячейковую упаковку из пленки поливинилхлоридной. По две контурные ячейковые упаковки помещены в картонную пачку вместе с инструкцией по применению."
"МЕКСИДОЛ-ВЕТ® (MEXIDOL-VET) раствор д/инъекций 50 мг";"Расфасован по 2 мл и 5 мл в стеклянные ампулы, стеклянные или полимерные флаконы, укупоренные резиновыми пробками, укрепленными алюминиевыми колпачками. По 5 ампул или флаконов упакованы в контурную ячейковую упаковку из пленки поливинилхлоридной. По одной контурной ячейковой упаковке (для фасовки 5 мл) и по две контурные ячейковые упаковки (для фасовки 2 мл) помещены в картонную пачку вместе с инструкцией по применению."
"ФОСПРЕНИЛ (PHOSPRENYL)";"Расфасован по 10 или 50 мл в стеклянные флаконы соответствующей вместимости, укупоренные резиновыми пробками, укрепленными алюминиевыми колпачками. Флаконы упакованы в картонные коробки вместе с инструкцией по применению."
"ГАМАВИТ (GAMAVIT)";"Расфасован по 6 мл, 10 мл и 100 мл в стеклянные флаконы соответствующей вместимости, укупоренные резиновыми пробками, укрепленными алюминиевыми колпачками. Флаконы c препаратом по 6 мл и 10 мл укладывают в картонные коробки, флаконы по 100 мл укладывают в индивидуальные картонные пачки. Каждая единица упаковки снабжена инструкцией по применению."
"ГАМАПРЕН (GAMAPREN)";"Расфасован по 5 см(3) в стеклянные флаконы соответствующей вместимости, укупоренные резиновыми пробками, укрепленными алюминиевыми колпачками. Флаконы укладывают по 1 шт. в картонные коробки вместе с инструкцией по применению."
