"МАКСИДИН 0,4 (MAXIDIN 0,4) раствор д/инъекций";"Раствор для инъекций бесцветный, прозрачный."
"МАКСИДИН 0,15 (MAXIDIN 0,15)";"Капли глазные и интраназальные бесцветные, прозрачные."
"АУРИЗОН (AURIZON®) суспензия";"Суспензия для аурикулярного применения от светло-бежевого до бледно-желтого цвета, маслянистая, однородная (допускается расслоение суспензии, исчезающее при встряхивании флакона)."
"ЛЕКСОФЛОН® (LEXOFLON) раствор д/инъекций";"Раствор для инъекций прозрачный, от зелено-желтого до желтого цвета."
"СИЛЕО® (SILEO®)";"Гель для введения через слизистую оболочку ротовой полости в виде прозрачной, однородной массы зеленого цвета, без пузырьков воздуха."
"АНТИСЕДАН® (ANTISEDAN®) раствор д/инъекций";"Раствор для инъекций прозрачный, бесцветный."
"ДЕКСДОМИТОР® (DEXDOMITOR) раствор д/инъекций 0.1 мг";"Раствор для инъекций прозрачный, бесцветный."
"ДЕКСДОМИТОР® (DEXDOMITOR) раствор д/инъекций 0.5 мг";"Раствор для инъекций прозрачный, бесцветный."
"МЕТРИЦЕФ (METRICEFUM) суспензия";"Суспензия для внутриматочного введения от белого до светло-желтого цвета."
"ЭРИПРИМ БТ (ERIPRIMUM BT)";"Порошок для орального применения от белого до светло-кремового цвета, растворимый в воде."
"ТРАКСОВЕТ 100 (TRAXOVETUM 100) раствор д/инъекций";"Раствор для инъекций прозрачный, от бесцветного до желтого цвета."
"МАСТИМАКС (MASTIMAX)";"Суспензия для интрацистернального введения от желтого до коричневого цвета."
"МАСТИЗИМ (MASTIZINUM)";"Суспензия для интрацистернального введения от белого до желтого цвета."
"БЕНСТРЕП (BENSTREP) сусп. д/инъекций";"Суспензия для инъекций в виде жидкости от белого до желтого цвета, расслаивающейся при хранении с образованием однородного осадка, разбивающегося при встряхивании в однородную взвесь."
"ИНФЛАРЕТ (INFLARETUM) раствор д/инъекций";"Раствор для инъекций в виде прозрачной жидкости от светло-желтого до желтого цвета, без механических включений."
"ЛИНКОСПЕКТ 150 (LINCOSPECTUM 150) раствор д/инъекций";"Раствор для инъекций в виде прозрачной жидкости от бесцветного до светло-желтого цвета, без механических включений."
"МУЛЬТИВЕТ (MULTIVET) раствор д/инъекций";"Раствор для инъекций в виде жидкости от желтого до коричневого цвета; в процессе хранения допускается образование небольшого количества осадка, растворяющегося при встряхивании."
"ОФЛОСТИН (OFLOSTINUM)";"Раствор для орального применения в виде прозрачной жидкости от светло-желтого до светло-коричневого цвета."
"КЕНОСЕПТ-Г (KENOSEPT-G)";"Средство дезинфицирующее в виде прозрачного геля голубого цвета со спиртовым запахом."
"ТОРНАКС-С (TORNAX-S)";"Средство чистящее в виде прозрачной жидкости янтарного цвета со специфическим запахом, с высоким пенообразованием; хорошо растворяется в воде в любом соотношении с образованием прозрачного раствора."
"ЭКО-ДЕЗ (ECO-DES)";"Средство дезинфицирующее в виде жидкости белого цвета с нейтральным запахом; легко смешивается с водой в любых соотношениях."
"ВИРОЦИД (VIROCID)";"Средство дезинфицирующее в виде прозрачной жидкости коричневого цвета со слабым специфическим запахом; легко смешивается с водой в любых соотношениях."
"МИЛЬБЕМАКС® (MILBEMAX®) для кошек 4+10 мг";"Таблетки для перорального применения (для котят и маленьких кошек), от бежевого до коричневого цвета, овальной формы, с оттиском ""BC"" на одной стороне и оттиском ""NA"" на другой стороне, с линией разлома с обеих сторон."
"МИЛЬБЕМАКС® (MILBEMAX®) для кошек 16+40 мг";"Таблетки для перорального применения (для крупных кошек), от красного до красно-коричневого цвета, овальной формы, с оттиском ""КК"" на одной стороне и оттиском ""NA"" на другой стороне, с линией разлома с обеих сторон."
"МИЛЬБЕМАКС® (MILBEMAX®) для собак 2.5+25 мг";"Таблетки для перорального применения (для щенков и маленьких собак) белого цвета, овальной формы, с оттиском ""AA"" на одной стороне и оттиском ""NA"" на другой стороне, с линией разлома с обеих сторон."
"МИЛЬБЕМАКС® (MILBEMAX®) для собак 12.5+125 мг";"Таблетки для перорального применения (для крупных собак) белого цвета, круглой формы, с оттиском ""CCA"" на одной стороне и оттиском ""NA"" на другой стороне."
"АТОПИКА® (ATOPICA®) капсулы 10 мг";"Капсулы для перорального применения мягкие желатиновые, овальной формы, желтовато-белого цвета с маркировкой ""NVR 10 mg"" на одной стороне."
"АТОПИКА® (ATOPICA®) капсулы 25 мг";"Капсулы для перорального применения мягкие желатиновые, овальной формы, серо-голубого цвета с маркировкой ""NVR 25 mg"" на одной стороне."
"АТОПИКА® (ATOPICA®) капсулы 50 мг";"Капсулы для перорального применения мягкие желатиновые, овальной формы, желтовато-белого цвета с маркировкой ""NVR 50 mg"" на одной стороне."
"АТОПИКА® (ATOPICA®) капсулы 100 мг";"Капсулы для перорального применения мягкие желатиновые, овальной формы, серо-голубого цвета с маркировкой ""NVR 100 mg"" на одной стороне."
"ФИПРИСТ® КОМБО (FYPRYST® COMBO) раствор д/наружного применения: 90 мг, 100 мг";"Раствор для наружного применения прозрачный, желтого цвета, без частиц."
"ИВЕРМЕК OR (IVERMEK OR)";"Раствор для орального применения прозрачный, опалесцирующий, бесцветный или светло-желтого цвета."
"ЛЕКСОФЛОН® OR (LEXOFLON® OR)";"Раствор для орального применения прозрачный, от зелено-желтого до коричнево-желтого цвета."
"ЦИФЛУНИТ® ФЛОК (CYFLUNIT FLOCK) раствор д/наружного применения";"Раствор для наружного применения от светло-желтого до желто-коричневого цвета, прозрачный, маслянистый."
"РИКАЗОЛ® (RICAZOL) раствор д/инъекций";"Раствор для инъекций прозрачный, от розово-желтого до коричнево-желтого цвета."
"ЦЕФТОНИТ® ФОРТЕ (CEFTONIT FORTE) сусп. д/инъекций";"Суспензия для инъекций от белого до кремового цвета; при хранении допускается расслоение, исчезающее при взбалтывании."
"НИТОКС® ФОРТЕ (NITOX® FORTE) раствор д/инъекций";"Раствор для инъекций вязкий, от зелено-коричневого до темно-коричневого цвета."
"МЕРАДОК (MERADOK) раствор д/инъекций";"Раствор для инъекций прозрачный, от светло-желтого до желтого цвета."
"ФИПРИСТ® КОМБО (FYPRYST® COMBO) раствор д/наружного применения: 100 мг, 120 мг";"Раствор для наружного применения прозрачный, желтого цвета, без частиц."
"ОТИФРИ (OTIFREE)";"Гигиенический лосьон для обработки ушей."
"ЭНРОНИТ® OR (ENRONIT® OR)";"Раствор для орального применения прозрачный, желтого цвета, с легкой опалесценцией; при хранении допускается образование небольшого количества взвеси (активных полипептидов), исчезающей при встряхивании."
"ЭНРОНИТ® (ENRONIT) раствор д/инъекций";"Раствор для инъекций прозрачный, светло-желтого цвета; при хранении допускается образование небольшого количества активных полипептидов, исчезающих при встряхивании с образованием раствора с легкой опалесценцией."
"ЦИФЛУНИТ-ON (CYFLUNIT-ON) раствор";"Раствор-концентрат от светло-желтого до желто-коричневого цвета; легко смешивается с водой."
"ЦИФЛУНИТ® (CYFLUNIT) раствор д/наружного применения";"Раствор для наружного применения желтого цвета, прозрачный, маслянистый."
"ЦЕФТОНИТ® (CEFTONIT) сусп. д/инъекций";"Суспензия для инъекций от белого до темно-кремового цвета."
"ФЛУНЕКС (FLUNEX) раствор д/инъекций";"Раствор для инъекций желтого цвета, прозрачный."
"ФЛОРОКС® (FLOROX) раствор д/инъекций";"Раствор для инъекций прозрачный, от светло-желтого до темно-желтого цвета."
"УТЕРОТОН® (UTEROTON) раствор д/инъекций";"Раствор для инъекций прозрачный, бесцветный."
"СТРОЛИТИН® (STROLITINE) раствор";"Раствор прозрачный, слегка вязкий, желтоватого цвета; легко смешивающийся с водой."
"СЕПРАНОЛ (SEPRANOL)";"Таблетки для внутриматочного введения плоские, светло-желтого цвета."
"НИТОКС® 200 (NITOX® 200) раствор д/инъекций";"Раствор для инъекций прозрачный, слегка вязкий, коричневого цвета."
"НЕОЗИДИН М (NEOZIDIN М) раствор д/инъекций";"Раствор для инъекций прозрачный, оранжевого цвета."
"МАСТОМИЦИН® (MASTOMICIN)";"Гель для интрацистернального введения опалесцирующий, прозрачный, от бесцветного до желтого цвета."
"КЛОЗАТРЕМ® (CLOZATREM) раствор д/инъекций";"Раствор для инъекций прозрачный, от светло-желтого до желто-зеленого цвета."
"ИВЕРМЕК®-ON (IVERMEK®-ON) раствор";"Раствор-концентрат прозрачный, опалесцирующий, от бесцветного до желтого цвета; легко смешивающийся с водой."
"ДОКСИЛОКС OR (DOXYLOX OR)";"Раствор для орального применения прозрачный, от светло-коричневого до темно-коричневого цвета."
"ДИТРИМ® (DITRIM®) раствор д/инъекций";"Раствор для инъекций прозрачный, от желтого до коричнево-желтого цвета."
"БУТОФАН® (BUTOFAN) раствор д/инъекций";"Раствор для инъекций прозрачный, от розового до розово-красного цвета."
"АМОКСИЦИЛЛИН 150 (AMOXYCILLIN 150) сусп. д/инъекций";"Суспензия для инъекций от белого до светло-желтого цвета, маслянистая; при хранении допускается расслоение суспензии, исчезающее при взбалтывании."
"ПРОГЕСТАМАГ® (PROGESTAMAG) сусп. д/инъекций";"Суспензия для инъекций белого цвета, допускается бежевый оттенок."
"ЭНДОМЕТРАМАГ-ГРИН® (ENDOMETRAMAG-GREEN)";"Раствор для внутриматочного введения."
"СТАРТИН-ФИТО (STARTINUM-FITO)";"Порошок для перорального применения."
"ПИХТОИН® (PICHTOINUM) мазь д/наружного применения";"Мазь для наружного применения однородная, от светло-желтого до коричневого цвета."
"МАЗЬ ЯХАЛИМП (UNGUENTUM YAHALIMPUM) мазь д/наружного применения";"Мазь для наружного применения однородная, светло-желтого цвета, с запахом пихтового масла."
"МАЗЬ ЭКЗЕКОНТ (UNGUENTUM ECZECONTUM) мазь д/наружного применения";"Мазь для наружного применения однородная, красновато-коричневого цвета, со специфическим запахом."
"МАЗЬ ""ЯМ БК""® (UNGUENTUM ""YAM BK"") мазь д/наружного применения";"Мазь для наружного применения от серого до коричневого цвета."
"ЛЕРСИН® (LERSINUM) порошок";"Порошок."
"КРЕОЛИН-Х (KREOLIN-X) раствор д/наружного применения 2.5%";"Раствор для наружного применения в виде однородной, маслянистой жидкости, прозрачной в тонком слое, с запахом каменноугольного масла, от темно-коричневого до черно-бурого цвета; с водой образует эмульсию молочно-белого или молочно-серого цвета."
"КРЕОЛИН-Х (KREOLIN-X) раствор д/наружного применения 5%";"Раствор для наружного применения в виде однородной, маслянистой жидкости, прозрачной в тонком слое, с запахом каменноугольного масла, от темно-коричневого до черно-бурого цвета; с водой образует эмульсию молочно-белого или молочно-серого цвета."
"КАСЕПТУРИН (KASEPTURINUM) раствор д/наружного применения";"Раствор для наружного применения"
"ЙОДТРИЭТИЛЕНГЛИКОЛЬ (ИТЭГ)-А (IODTRIETHYLENGLICOLUM (ITEG)- A)";"Раствор для аэрозольного применения однородный, темно-красного цвета, с запахом йода."
"ЙОДИНОКОЛЬ (IODINOKOLUM)";"Раствор для аэрозольного применения маслянистый, однородный, от сине-зеленоватого до темно-синего цвета, с запахом молочной кислоты и йода; смешивается с водой в любых соотношениях и легко распыляющуюся аэрозольными аппаратами, образуя устойчивый синий туман."
"ЙОД ОДНОХЛОРИСТЫЙ (IODUM MONOCHLORATUM) раствор д/наружного применения";"Раствор для наружного применения прозрачный, оранжево-желтого цвета, с резким запахом соляной кислоты; на воздухе дымит; в воде и спиртах смешивается в любых соотношениях."
"БИОРЕКС-ГХ (BIOREX-GH) раствор д/наружного применения 2.5%";"Раствор для наружного применения однородный, маслянистый, прозрачный, желто-оранжевого цвета; допускается опалесценция; с водой образует эмульсию молочно-белого цвета."
"БИОРЕКС-ГХ (BIOREX-GH) раствор д/наружного применения 5%";"Раствор для наружного применения однородный, маслянистый, прозрачный, желто-оранжевого цвета; допускается опалесценция; с водой образует эмульсию молочно-белого цвета."
"БУТОФАН® OR (BUTOFAN OR) раствор";"Раствор прозрачный, от розового до розово-красного цвета; легко смешивается с водой."
"АМОКСИГАРД (AMOXYGARD) сусп. д/инъекций";"Суспензия для инъекций маслянистая, светло-кремового цвета."
"АЗИТРОНИТ® (AZITHRONIT) раствор д/инъекций";"Раствор для инъекций прозрачный, от бесцветного до желтого цвета."
"АЛЬВЕТ®-СУСПЕНЗИЯ (ALVET-SUSPENSION)";"Суспензия для орального применения 10% от молочно-белого до светло-серого цвета, однородная; при хранении допускается расслоение, исчезающее при взбалтывании."
"ЦИМАЛДЖЕКС (CIMALGEX®) таб. 8 мг";"Таблетки для перорального применения от белого до белого с бежевым оттенком цвета с коричневыми вкраплениями, продолговатой формы с разделительными насечками (делимые)."
"ЦИМАЛДЖЕКС (CIMALGEX®) таб. 30 мг";"Таблетки для перорального применения от белого до белого с бежевым оттенком цвета с коричневыми вкраплениями, продолговатой формы с разделительными насечками (делимые)."
"ЦИМАЛДЖЕКС (CIMALGEX®) таб. 80 мг";"Таблетки для перорального применения от белого до белого с бежевым оттенком цвета с коричневыми вкраплениями, продолговатой формы с разделительными насечками (делимые)."
"ПРОПАЛИН (PROPALIN®) раствор д/перорального применения";"Раствор для перорального применения прозрачный, бесцветный."
"ИПАКИТИНЕ (IPAKITINE)";"Порошок для перорального применения кремового цвета, нерастворимый в воде."
"ОРИДЭРМИЛ (ORIDERMYL®)";"Мазь для аурикулярного применения бледно-желтого цвета, без запаха."
"АЛЮСПРЕЙ (ALUSPRAY®) аэрозоль д/наружн.прим.";"Аэрозоль для наружного применения непрозрачный, серебристо-серого цвета, маслянистый по консистенции."
"АСД фракция 3 (ASD( )fraction 3)";"Раствор для наружного и внутриматочного применения в виде густой жидкости от темно-коричневого до черного цвета, со специфическим запахом."
"СУВАКЦИН PCV MH (SUVAXYN PCV MH) сусп. д/инъекций";"Суспензия для инъекций белого цвета."
"СУВАКЦИН PCV2 (SUVAXYN PCV2) сусп. д/инъекций";"Суспензия для инъекций от бежевого до светло-коричневого цвета."
"ПУЛВАК E. coli (POULVAC E. coli)";"Лиофилизат для приготовления раствора для выпаивания и распыления сухая, однородная, пористая масса светло-желтого цвета, легко растворимая в воде без образования хлопьев и осадка."
"ПУЛВАК БУРСА F (POULVAC BURSA F) лиофилизат д/пригот. р-ра д/приема внутрь";"Лиофилизат для приготовления раствора для выпаивания (живая вакцина) сухая, однородная, пористая масса светло-коричневого цвета, хорошо ресуспендируется в воде с образованием гомогенной взвеси."
"ПУЛВАК IB QX (POULVAC IB QX)";"Масса лиофилизированная сухая, пористая, однородная, светло-желтого цвета, легко растворимая в воде без образования хлопьев и осадка."
"ДРАКСИН (DRAXXIN) раствор д/инъекций: 25 мг";"Раствор для инъекций прозрачный, бесцветный."
"АПОКВЕЛ (APOQUEL) 3.6 мг";"Таблетки для перорального применения, покрытые пленочной оболочкой, белого или почти белого цвета, овальные, с разделительной бороздкой посередине и с надписью на обеих сторонах таблетки ""AQ"" и ""S""."
"АПОКВЕЛ (APOQUEL) 5.4 мг";"Таблетки для перорального применения, покрытые пленочной оболочкой, белого или почти белого цвета, овальные, с разделительной бороздкой посередине и с надписью на обеих сторонах таблетки ""M""."
"АПОКВЕЛ (APOQUEL) 16 мг";"Таблетки для перорального применения, покрытые пленочной оболочкой, белого или почти белого цвета, овальные, с разделительной бороздкой посередине и с надписью на обеих сторонах таблетки ""L""."
"ЭНРОКСИЛ® ТАБЛЕТКИ СО ВКУСОМ МЯСА (ENROXIL® TABLETS WITH MEAT FLAVOUR) таб. 15 мг";"Таблетки круглые, слегка двояковыпуклые, светло-коричневого цвета с белыми или темными вкраплениями, с риской на одной стороне и со скошенной кромкой; выпускаются в 3 дозировках: массой 0.055 г, 0.183 г и 0.55 г."
"ЭНРОКСИЛ® ТАБЛЕТКИ СО ВКУСОМ МЯСА (ENROXIL® TABLETS WITH MEAT FLAVOUR) таб. 50 мг";"Таблетки круглые, слегка двояковыпуклые, светло-коричневого цвета с белыми или темными вкраплениями, с риской на одной стороне и со скошенной кромкой; выпускаются в 3 дозировках: массой 0.055 г, 0.183 г и 0.55 г."
"ЭНРОКСИЛ® ТАБЛЕТКИ СО ВКУСОМ МЯСА (ENROXIL® TABLETS WITH MEAT FLAVOUR) таб. 150 мг";"Таблетки круглые, слегка двояковыпуклые, светло-коричневого цвета с белыми или темными вкраплениями, с риской на одной стороне и со скошенной кромкой; выпускаются в 3 дозировках: массой 0.055 г, 0.183 г и 0.55 г."
"ЭкоСайд Адванс (ECOCID ADVANCED)";"Порошок гранулированный белого цвета, с включениями желтого, голубого и черного цветов, легко растворим в воде."
"ФЛУБАКТИН® (FLUBACTIN®)";"Раствор для орального применения."
"ФИПРИСТ® СПРЕЙ (FYPRYST® SPRAY) раствор д/наружного применения";"Раствор для наружного применения бесцветный, прозрачный."
"ТРИСУЛЬФОН® (TRISULFON®)";"Порошок для орального применения белого цвета, сыпучий, без запаха, растворимый в воде."
"ТРИСУЛЬФОН® СУСПЕНЗИЯ ДЛЯ ОРАЛЬНОГО ПРИМЕНЕНИЯ (TRISULFON® ORAL SUSPENSION)";"Суспензия для орального применения белого или кремового цвета."
"СОЛВИМИН® СЕЛЕН (SOLVIMIN® SELEN)";"Порошок для перорального применения светло-оранжевого цвета, со специфическим запахом."
"РИКАРФА® (RYCARFA) раствор д/инъекций";"Раствор для инъекций бледно-желтого цвета, прозрачный."
"МИЛПРАЗОН® ТАБЛЕТКИ ДЛЯ СОБАК (MILPRAZON® TABLETS FOR DOGS) 2.5+25 мг";"Таблетки для орального применения (для щенков и маленьких собак весом до 5 кг) желтовато-белого цвета с коричневыми вкраплениями, овальные, двояковыпуклые; с риской на одной стороне, со вкусом мяса."
"МИЛПРАЗОН® ТАБЛЕТКИ ДЛЯ СОБАК (MILPRAZON® TABLETS FOR DOGS) 12.5+125 мг";"Таблетки для орального применения (для собак весом более 5 кг) желтовато-белого цвета с коричневыми вкраплениями, круглые, двояковыпуклые; со вкусом мяса."
"МИЛПРАЗОН® ТАБЛЕТКИ ДЛЯ КОШЕК (MILPRAZON® TABLETS FOR CATS) 4+10 мг";"Таблетки для орального применения (для котят и кошек весом до 2 кг) покрытые пленочной оболочкой, коричнево-желтого цвета, овальные, двояковыпуклые; с риской на одной стороне, со вкусом мяса."
"МИЛПРАЗОН® ТАБЛЕТКИ ДЛЯ КОШЕК (MILPRAZON® TABLETS FOR CATS) 16+40 мг";"Таблетки для орального применения (для кошек весом более 2 кг) покрытые пленочной оболочкой, коричнево-красного цвета, овальные, двояковыпуклые; с риской на одной стороне, со вкусом мяса."
"КОКЦИСАН 120Г ГРАНУЛЯТ (KOKCISAN 120G GRANULATE)";"Порошок микрогранулированный для орального применения."
"КАЛЬФОСЕТ® (CALFOSET®) раствор д/инъекций";"Раствор для инъекций."
"ГИРАКСА® (GIRAXA®)";"Порошок для орального применения."
"ФЛОРОН® 4% (FLORON® 4%)";"Порошок для орального применения от белого до слегка коричневатого цвета, может включать окрашенные частицы."
"ЭГОЦИН 155 (EGOCIN 155)";"Порошок для орального применения кремового цвета."
"ЭНРОКСИЛ® 10% РАСТВОР ДЛЯ ИНЪЕКЦИЙ (ENROXIL® 10% SOLUTIO PRO INJECTIONIBUS) раствор д/инъекций";"Раствор для инъекций прозрачный, желтоватого цвета."
"ЭНРОКСИЛ® 10% РАСТВОР ДЛЯ ПЕРОРАЛЬНОГО ПРИМЕНЕНИЯ (ENROXIL® 10% SOLUTIO PER USUM ORAL) раствор д/перорального применения";"Раствор для перорального применения."
"ЭНРОКСИЛ® 5% ПОРОШОК (ENROXIL® 5% POWDER)";"Порошок для орального применения."
"ЭНРОКСИЛ® 5% РАСТВОР ДЛЯ ИНЪЕКЦИЙ (ENROXIL® 5% SOLUTIO PRO INJECTIONIBUS) раствор д/инъекций";"Раствор для инъекций прозрачный, желтоватого цвета."
"ФЛОРОН® 30% (FLORON® 30%) раствор д/инъекций";"Раствор для инъекций."
"ФЛОРОН® 10% (FLORON® 10%)";"Раствор для орального применения."
"ФЛОРОН® 2% ПОРОШОК (FLORON® 2% POWDER)";"Порошок для орального применения от белого до почти белого цвета, сыпучий, без запаха; практически нерастворимый в воде."
"ЭГОЦИН® 20 ПОРОШОК (EGOCIN® 20 POWDER)";"Порошок для орального применения желтовато-кремового цвета."
"ЭГОЦИН® L.A. (EGOCIN® L.A.) раствор д/инъекций";"Раствор для инъекций."
"ФЛУБАКТИН® 10% (FLUBACTIN® 10%)";"Порошок для орального применения."
"ФЛИМАБЕНД (FLIMABEND)";"Суспензия для орального применения от белого до кремового цвета."
"ФИПРИСТ® СПОТ ОН (FYPRYST® SPOT ON) раствор д/наружного применения";"Раствор для наружного применения прозрачный, желтоватого цвета."
"ЭНРОКСИЛ® МАКС (ENROXIL® MAX) раствор д/инъекций";"Раствор для инъекций прозрачный, слегка желтоватого цвета."
"ГЕНТАМИЦИН ПОРОШОК (GENTAMICIN PULVIS)";"Порошок для орального применения."
"ТИАВАЛТ® (TYAWALT®)";"Порошок микрогранулированный для орального применения в виде мелких гранул белого или почти белого цвета, со слабым специфическим запахом, легко растворим в воде."
"РИКАРФА® ТАБЛЕТКИ СО ВКУСОМ МЯСА (RYCARFA® TABLETS WITH MEAT FLAVOUR) 20 мг";"Таблетки для орального применения темно-коричневого цвета с темными вкраплениями, с риской на одной стороне и со скошенной кромкой."
"РИКАРФА® ТАБЛЕТКИ СО ВКУСОМ МЯСА (RYCARFA® TABLETS WITH MEAT FLAVOUR) 50 мг";"Таблетки для орального применения темно-коричневого цвета с темными вкраплениями, с риской на одной стороне и со скошенной кромкой."
"РИКАРФА® ТАБЛЕТКИ СО ВКУСОМ МЯСА (RYCARFA® TABLETS WITH MEAT FLAVOUR) 100 мг";"Таблетки для орального применения темно-коричневого цвета с темными вкраплениями, с риской на одной стороне и со скошенной кромкой."
"МИЗОКСИН (MISOXIN)";"Порошок для орального применения."
"МАРФЛОКСИН® 10% РАСТВОР ДЛЯ ИНЪЕКЦИЙ (MARFLOXIN® 10% SOLUTION FOR INJECTION) раствор д/инъекций";"Раствор для инъекций прозрачный, зеленовато-желтого или коричневато-желтого цвета."
"МАРФЛОКСИН® 2% РАСТВОР ДЛЯ ИНЪЕКЦИЙ (MARFLOXIN® 2% SOLUTION FOR INJECTION) раствор д/инъекций";"Раствор для инъекций прозрачный, от зеленовато-желтого до коричневато-желтого цвета."
"МАРФЛОКСИН® ТАБЛЕТКИ (MARFLOXIN® TABLETS) 5 мг";"Таблетки для орального применения круглые, двояковыпуклые, бледного желто-коричневого цвета с возможными темными и белыми вкраплениями, с риской на одной стороне, масса таблетки 70 мг; таблетку можно разделить на половинки."
"МАРФЛОКСИН® ТАБЛЕТКИ (MARFLOXIN® TABLETS) 20 мг";"Таблетки для орального применения круглые, двояковыпуклые, бледного желто-коричневого цвета с возможными темными и белыми вкраплениями, с риской на одной стороне, масса таблетки 280 мг; таблетку можно разделить на половинки."
"МАРФЛОКСИН® ТАБЛЕТКИ (MARFLOXIN® TABLETS) 80 мг";"Таблетки для орального применения капсуловидные, двояковыпуклые, бледного желто-коричневого цвета с возможными темными и белыми вкраплениями, с риской на обеих сторонах, масса таблетки 1120 мг; таблетку можно разделить на половинки."
"АМАТИБ 80% ВОДОРАСТВОРИМЫЙ ПОРОШОК (AMATIB 80% WATER SOLUBLE POWDER)";"Порошок для орального применения белого или слегка желтоватого цвета."
"ДЕХИНЕЛ® ПЛЮС (DEHINEL® PLUS)";"Таблетки для орального применения."
"ДЕХИНЕЛ® ПЛЮС ТАБЛЕТКИ СО ВКУСОМ МЯСА (DEHINEL® PLUS TABLETS WITH MEAT FLAVOUR)";"Таблетки для орального применения желтого цвета с темными вкраплениями, круглые, со скошенными краями и крестовидной насечкой с одной стороны."
"ТОЛТАРОКС® (TOLTAROX®)";"Суспензия для орального применения белого или слегка желтоватого цвета, смешивается с водой в любой пропорции."
"ЛАВЕТА СУПЕР ДЛЯ СОБАК (LAVETA SUPER FOR DOG) жидкость";"Жидкость прозрачная, желтого цвета, со сладковатым запахом; смешивается с водой в любых соотношениях."
"ЭКОЦИД С (ECOCID S)";"Средство дезинфицирующее в виде гранулированного порошка розовато-серого цвета, со слабым запахом лимона; легко растворимо в воде."
"ЭКОЦИД (ECOCID)";"Средство дезинфицирующее в виде гранулированного порошка розово-серого цвета, с запахом лимона; хорошо растворимо в воде."
"КАПЛИ VERMICON LINE-ON-IMMOSHIELD ОТ ПАРАЗИТОВ (ANTIPARASITIC DROPS VERMICON LINE-ON-IMMOSHIELD) капли";"Капли для наружного применения прозрачные, маслянистые, со слабым специфическим запахом."
"ЛАКТИС ЗОО (LACTIS ZOO) жидкость";"Жидкость для приема внутрь и местного применения прозрачная, без запаха."
"ВОЛЬВАК® AE+FP MLV (VOLVAC® AE+FP MLV) лиофилизат д/пригот. р-ра д/инъекций";"Лиофилизат для приготовления раствора для инъекций (вакцина) в виде сухой однородной пористой массы бежевого цвета; разбавитель - прозрачная жидкость оранжевого цвета."
"ЭНТЕРИЗОЛ® ИЛЕИТИС (ENTERISOL® ILEITIS)";"Лиофилизат для приготовления суспензии для выпаивания (вакцина) в виде сухой однородной массы белого или серого цвета, разбавитель - бесцветная прозрачная жидкость."
"ВЕТМЕДИН® капсулы (VETMEDIN® capsules) капсулы 1.25 мг";"Капсулы твердые желатиновые, массой 161 мг."
"ВЕТМЕДИН® капсулы (VETMEDIN® capsules) капсулы 2.5 мг";"Капсулы твердые желатиновые, массой 261 мг."
"ВЕТМЕДИН® капсулы (VETMEDIN® capsules) капсулы 5 мг";"Капсулы твердые желатиновые, массой 344 мг."
"ВЕТМЕДИН® капсулы (VETMEDIN® capsules) капсулы 10 мг";"Капсулы твердые желатиновые, массой 536 мг."
"ВЕТМЕДИН® (VETMEDIN®) 1.25 мг";"Таблетки для перорального применения овальной формы, шероховатые, коричневого цвета с белыми вкраплениями, логотипом компании, символами и с линией для разлома на две равные части, массой 500 мг, 1000 мг и 2000 мг."
"ВЕТМЕДИН® (VETMEDIN®) 2.5 мг";"Таблетки для перорального применения овальной формы, шероховатые, коричневого цвета с белыми вкраплениями, логотипом компании, символами и с линией для разлома на две равные части, массой 500 мг, 1000 мг и 2000 мг."
"ВЕТМЕДИН® (VETMEDIN®) 5 мг";"Таблетки для перорального применения овальной формы, шероховатые, коричневого цвета с белыми вкраплениями, логотипом компании, символами и с линией для разлома на две равные части, массой 500 мг, 1000 мг и 2000 мг."
"ХЕЛАВИТ С (HELAVIT C) раствор";"Раствор темно-коричневого цвета, водный, без запаха."
"ХЕЛАВИТ РАСТВОР ДЛЯ ИНЪЕКЦИЙ (HELAVITUM SOLUTION PRO INJECTIONIBUS) раствор д/инъекций";"Раствор для инъекций."
"ХЕЛАВИТ В (HELAVIT B) раствор";"Раствор темно-коричневого цвета, водный, без запаха."
"ХЕЛАВИТ А (HELAVIT A) раствор";"Раствор темно-коричневого цвета, водный, без запаха."
"БЕАФАР ОШЕЙНИК ИНСЕКТОАКАРИЦИДНЫЙ ДЛЯ КОШЕК (BEAPHAR FLEA & TICK COLLAR FOR CAT)";"Инсектоакарицидный ошейник в виде полихлорвиниловой ленты с фиксатором и насечками, которые способствуют моментальному расстегиванию ошейника и быстрому освобождению животного; выпускаемые цвета ошейников: красный, желтый, оранжевый, зеленый, черный, синий, фиолетовый."
"БЕАФАР ОШЕЙНИК ИНСЕКТОАКАРИЦИДНЫЙ ДЛЯ СОБАК (BEAPHAR FLEA & TICK COLLAR FOR DOG)";"Инсектоакарицидный ошейник в виде полихлорвиниловой ленты с фиксатором и насечками, которые способствуют моментальному расстегиванию ошейника и быстрому освобождению животного; выпускаемые цвета ошейников: красный, желтый, оранжевый, зеленый, черный, синий, фиолетовый."
"БЕАФАР ОШЕЙНИК ИНСЕКТОАКАРИЦИДНЫЙ ДЛЯ СОБАК И КОШЕК С.О.С. (BEAPHAR FLEA & TICK COLLAR FOR DOG AND CAT S.O.S.)";"Инсектоакарицидный ошейник в виде полихлорвиниловой ленты белого цвета с фиксатором, длиной 60 и 70 см для собак и 35 см – для кошек."
"ЭНРОМАГ® (ENROMAG) раствор д/инъекций 50 мг";"Раствор для инъекций."
"ЭНРОМАГ® (ENROMAG) раствор д/инъекций 100 мг";"Раствор для инъекций."
"ЭНДОМЕТРАМАГ-БИО® (ENDOMETRAMAG-BIO)";"Раствор для внутриматочного введения."
"ЦИПРОМАГ®-О (CIPROMAG-O)";"Раствор для перорального применения от светло-желтого до желтого цвета; допускается незначительная опалесценция."
"ЦЕФТИМАГ® (CEFTIMAG) сусп. д/инъекций";"Суспензия для инъекций от белого до бежевого цвета."
"ФОЛЛИМАГ® (FOLLIMAG) лиофилизат д/пригот. р-ра д/инъекций 500";"Лиофилизат для приготовления раствора для инъекций в виде пористой массы от белого до светло-коричневого цвета."
"ФОЛЛИМАГ® (FOLLIMAG) лиофилизат д/пригот. р-ра д/инъекций 1000";"Лиофилизат для приготовления раствора для инъекций в виде пористой массы от белого до светло-коричневого цвета."
"СУПРИМИЦИН® (SUPRIMYCIN) раствор д/инъекций";"Раствор для инъекций прозрачный, бледно-желтого цвета."
"ПНЕВМОСТОП® (PNEUMOSTOP) раствор д/инъекций";"Раствор для инъекций прозрачный, от светло-желтого до желтого цвета."
"ПИГУЛИН® (PIGULIN®) 1 доза";"Лиофильно высушенная масса для приготовления раствора для инъекций пористая, белого или светло-коричневого цвета."
"ПИГУЛИН® (PIGULIN®) 5 доз";"Лиофильно высушенная масса для приготовления раствора для инъекций пористая, белого или светло-коричневого цвета."
"МИКСОФЕРОН® РАСТВОР ДЛЯ ИНЪЕКЦИЙ (MIXOFERON® SOLUTIO PRO INJECTIONIBUS) раствор д/инъекций 5 доз";"Раствор для инъекций бесцветный, прозрачный."
"МИКСОФЕРОН® РАСТВОР ДЛЯ ИНЪЕКЦИЙ (MIXOFERON® SOLUTIO PRO INJECTIONIBUS) раствор д/инъекций 10 доз";"Раствор для инъекций бесцветный, прозрачный."
"МЕТРАМАГ® (METRAMAG) раствор д/инъекций";"Раствор для инъекций."
"МАГЭСТРОФАН® (MAGESTROFAN) раствор д/инъекций";"Раствор для инъекций прозрачный, от светло-желтого до желтого цвета."
"МАГКОЛИСТИН® (MAGCOLISTIN) раствор д/перорального применения";"Раствор для перорального применения в виде прозрачной жидкости от светло-желтого до желтого цвета."
"КОМУЛИН (COMULIN) раствор д/инъекций";"Раствор для инъекций прозрачный, от светло-желтого до желтого цвета."
"ДОКСИМАГ®-О (DOXYMAG-O)";"Раствор для орального применения."
"БРОМКОЛИН®-О (BROMCOLIN-O) раствор д/перорального применения";"Раствор для перорального применения."
"БАКТИМАГ-О® (BACTIMAG-O) раствор д/перорального применения";"Раствор для перорального применения желтого цвета, прозрачный; допускается легкая опалесценция."
"АЦИЛОМАГ® (ACILOMAG) сусп. д/инъекций";"Суспензия для инъекций."
"АМОКСИМАГ® (AMOXIMAG) сусп. д/инъекций";"Суспензия для инъекций маслянистая, бледно-желтого цвета, при хранении допускается расслоение суспензии, исчезающее при взбалтывании."
"АРГУМИСТИН® (ARGUMISTIN®) раствор д/приема внутрь и местного применения 0.001%";"Раствор для местного и перорального применения в виде опалесцирующей жидкости от желтого до светло-коричневого цвета, возможно образование незначительного осадка, исчезающего при встряхивании."
"АРГУМИСТИН® (ARGUMISTIN®) раствор д/приема внутрь и местного применения 0.005%";"Раствор для местного, наружного, внутриматочного и интрацистернального применения в виде опалесцирующей жидкости от желтого до светло-коричневого цвета, возможно образование незначительного осадка, исчезающего при встряхивании."
"ЭЛЬВИТА-УДИВИТ (ALVITA-UDIVIT)";"Раствор для инъекций (гомеопатический) в виде прозрачной жидкости бесцветного или слегка желтоватого цвета."
"СОМАТИК-ЭКСПЕРТ (SOMATIC-EXPERT)";"Раствор для диагностики в виде прозрачной жидкости от светло-розового до темно-красного цвета с возможным зеленоватым или синеватым оттенком, без посторонних примесей."
"ЦИФЛОН (CIFLON) раствор д/наружного применения";"Раствор для наружного применения в виде маслянистой прозрачной жидкости от светло-желтого до темно-коричневого цвета."
"ФЛУКСИРОЛ (FLUXIROL) раствор д/инъекций";"Раствор для инъекций прозрачный, бесцветный или желтоватого цвета."
"ТЕТРАВИТФЕРОН-Б (TETRAVITFERON-B) раствор д/инъекций";"Раствор для инъекций в виде жидкости от желто-зеленого до коричневого цвета, со специфическим запахом, без видимых механических примесей; допускается опалесценция."
"УТЕРОФУР (UTEROFUR) сусп. д/инъекций";"Суспензия для внутриматочного введения от светло-желтого до коричневого цвета."
"РЕЦЕФУР (RECEFUR) сусп. д/инъекций";"Суспензия для инъекций от кремового до коричневого цвета."
"ПЕНОЦЕФУР (PENOCEFUR)";"Таблетки для внутриматочного введения от белого до кремового цвета, цилиндрические, с закругленными концами."
"ИНТЕРФЕРОН СВИНОЙ РЕКОМБИНАНТНЫЙ (RECOMBINANT PORCINE INTERFERON) раствор д/инъекций";"Раствор для инъекций в виде не летучей опалесцирующей жидкости от бесцветного до зеленовато-желтого цвета, без видимых механических примесей и плесени."
"ИНТЕРФЕРОН БЫЧИЙ РЕКОМБИНАНТНЫЙ (RECOMBINANT BOVINE INTERFERON) раствор д/инъекций";"Раствор для инъекций в виде не летучей опалесцирующей жидкости от бесцветного до зеленовато-желтого цвета, без видимых механических примесей и плесени."
"ДЕКТОМЕКТИН (DECTOMECTIN) раствор д/инъекций";"Раствор для инъекций бесцветный или желтого цвета."
"ФЕЛИФЕРОН® РАСТВОР ДЛЯ ИНЪЕКЦИЙ (SOLUTIO FELIFERONI PRO INJECTIONIBUS) раствор д/инъекций";"Раствор для инъекций бесцветный, прозрачный или слабо опалесцирующий."
"БЕЛКОХЕЛП (BELKOHELP) порошок: , 0.01 %, 0.1 %, 0.17 %, 0.3 %";"Порошок от светло-коричневого до коричневого цвета, сыпучий, без плотных, нерассыпающихся при надавливании комков или гранул, со специфическим запахом."
"БЕЛКОХЕЛП (BELKOHELP) порошок: 0.01 %, 0.1 %, 0.17 %, 93.5 %";"Порошок от светло-коричневого до коричневого цвета, сыпучий без плотных, нерассыпающихся при надавливании комков или гранул, со специфическим запахом."
"8 В 1 ЭКСЕЛЬ ДЕТЕР (8 IN 1 EXCEL DETER) таб.";"Таблетки бело-бежевого цвета, плоские, без риски; массой 0.42 г."
"МЕТАКАМ® (METACAM®) раствор д/инъекций";"Раствор для инъекций."
"КУСТОВАК® D (CUSTOVAC® D)";"Порошок синего цвета."
"ИНГЕЛЬВАК® АУЕСКИ MLV (INGELVAC® AUJESZKY MLV)";"Лиофилизированная таблетка в виде сухой пористой массы белого цвета; растворитель - бесцветная прозрачная жидкость."
"ИНГЕЛЬВАК® HP-1 (INGELVAC® HP-1)";"Эмульсия для инъекций белого цвета."
"ИНГЕЛЬВАК® APPX (INGELVAC® APPX)";"Суспензия для инъекций светло-коричневого цвета; при хранении допускается выпадение осадка, который легко ресуспендируется при взбалтывании."
"ИНГЕЛЬВАК ЦиркоФЛЕКС® (INGELVAC CircoFLEX®)";"Суспензия для инъекций светло-желтого цвета."
"ИНГЕЛЬВАК МикоФЛЕКС® (INGELVAC MycoFLEX®)";"Суспензия для инъекций от розового до коричневого цвета, равномерная, слегка опалесцирующая."
"ВОЛЬВАК® АС Плюс+ND+IB+EDS KV (VOLVAC® AC Plus+ND+IB+EDS KV)";"Эмульсия для инъекций однородная, белого цвета; при хранении допускается незначительное расслоение эмульсии, однородность которой восстанавливается при взбалтывании."
"ВОЛЬВАК® АС Плюс (VOLVAC® AC Plus)";"Эмульсия для инъекций однородная, белого цвета; при хранении допускается незначительное расслоение эмульсии, однородность которой восстанавливается при взбалтывании."
"ВОЛЬВАК® ND+IB+EDS KV (VOLVAC® ND+IB+EDS KV)";"Эмульсия для инъекций однородная, белого цвета; при хранении допускается незначительное расслоение эмульсии, однородность которой восстанавливается при взбалтывании."
"ВОЛЬВАК® ND LaSota MLV (VOLVAC® ND LaSota MLV)";"Лиофилизированная масса (вакцина) белого или бежевого цвета с розовым оттенком, сухая, пористая; раствор (разбавитель) – прозрачная жидкость синего цвета."
"ВОЛЬВАК® ND Conc. KV (VOLVAC® ND Conc. KV)";"Эмульсия для инъекций однородная, белого цвета; при хранении допускается незначительное расслоение эмульсии, однородность которой восстанавливается при взбалтывании."
"ВОЛЬВАК® IBD MLV (VOLVAC® IBD MLV)";"Лиофилизированная масса (сухая масса) пористая, белого или бежевого цвета с розовым оттенком; растворитель - жидкость синего цвета."
"ВОЛЬВАК® IB Mass MLV (VOLVAC® IB Mass MLV)";"Лиофилизированная масса (вакцина) белого или бежевого цвета с розовым оттенком, сухая, пористая; раствор (разбавитель) – прозрачная жидкость синего цвета."
"8 В 1 ЭКСЕЛЬ ПИВНЫЕ ДРОЖЖИ (8 IN 1® EXCEL® BREWER'S YEAST) таб. 0.4 мг";"Таблетки от светло-серого до темно-серого цвета с вкраплениями, двояковыпуклые, с риской с одной стороны, со своеобразным запахом; средней массой 0.4 г диаметром 9.9-10.2 мм (для собак и кошек) и 2.1 г диаметром 19.8-23 мм (для крупных пород собак)."
"8 В 1 ЭКСЕЛЬ ПИВНЫЕ ДРОЖЖИ (8 IN 1® EXCEL® BREWER'S YEAST) таб. 2.1 мг";"Таблетки от светло-серого до темно-серого цвета с вкраплениями, двояковыпуклые, с риской с одной стороны, со своеобразным запахом; средней массой 0.4 г диаметром 9.9-10.2 мм (для собак и кошек) и 2.1 г диаметром 19.8-23 мм (для крупных пород собак)."
"8 В 1 ЭКСЕЛЬ МУЛЬТИВИТАМИНЫ ДЛЯ СОБАК МЕЛКИХ ПОРОД (8 IN 1® EXCEL® MULTI VITAMIN - SMALL BREED) таб.";"Таблетки двояковыпуклые, с вкраплениями от светло-серого до темно-серого цвета, со специфическим запахом, с риской с одной стороны; средней массой 1.3 г, диаметром 16.0-16.4 мм."
"8 В 1 ЭКСЕЛЬ МОБАЙЛ ФЛЕКС ПЛЮС (8 IN 1® EXCEL® MOBILE FLEX(+))";"Порошок для орального применения от светло-серого до темно-серого цвета с видимыми включениями, со специфическим запахом, нерастворимый в воде."
"8 В 1 ЭКСЕЛЬ КАЛЬЦИЙ (8 IN 1® EXCEL® CALCIUM) таб.";"Таблетки от светлого до светло-серого цвета с вкраплениями, двояковыпуклые, со специфическим запахом; средней массой 0.5 г и диаметром 9.9-10.2 мм."
"8 В 1 ЭКСЕЛЬ ГЛЮКОЗАМИН+МСМ (8 IN 1 EXCEL GLUCOSAMINE+MSM) таб.";"Таблетки светло-коричневого цвета, плоские; массой 3.2 г."
"8 В 1 ЭКСЕЛЬ ГЛЮКОЗАМИН (8 IN 1 EXCEL GLUCOSAMINE) таб.";"Таблетки светло-коричневого цвета, плоские, без риски, растворимые в воде; массой 3.1 г."
"БИОСЕПТИН (BIOSEPTIN)";"Мазь для наружного применения от светло-желтого до коричневого цвета, однородная, желеобразной консистенции, со специфическим запахом агара."
"ВЕТОМ 4 (VETOM 4)";"Порошок для орального применения мелкодисперсный, белого цвета, без запаха, растворимый в воде, с образованием осадка белого цвета."
"ВЕТОМ 3 (VETOM 3)";"Порошок для орального применения мелкодисперсный, белого цвета, без запаха, растворимый в воде, с образованием осадка белого цвета."
"ВЕТОМ 2 (VETOM 2)";"Порошок для орального применения мелкодисперсный, белого цвета, без запаха, растворимый в воде, с образованием осадка белого цвета."
"ВЕТОМ 1.1 (VETOM 1.1)";"Порошок белого цвета, мелкодисперсный, без запаха, растворимый в воде, с образованием осадка белого цвета."
"ГЛИКОПИН® (GLIKOPIN®) таб.";"Таблетки белого цвета, круглые, плоскоцилиндрические, с фаской."
"ФОРВЕТ® (FORVET) раствор д/инъекций";"Раствор для инъекций прозрачный или слегка опалесцирующий, бесцветный или со светло-коричневым оттенком."
"АСД фракция 2 (ASD fraction 2)";"Раствор для наружного, перорального, интравагинального и внутриматочного применения в виде жидкости от желтого до красновато-коричневого цвета, со специфическим запахом, хорошо смешивающейся с водой, с наличием хлопьевидного осадка от серого до черного цвета."
"ВЕЛЕС 6.59 (VELES 6.59)";"Жидкость от бежевого до темно-коричневого цвета, без запаха; допускается выпадение осадка, разбивающегося при встряхивании."
"ФОРТЕКОР® ТАБЛЕТКИ (FORTEKOR® TABLETS) таб. 5 мг";"Таблетки от бежевого до светло-коричневого цвета, овальные, имеющие риски (насечки) с обеих сторон."
"ФОРТЕКОР® ТАБЛЕТКИ (FORTEKOR® TABLETS) таб. 20 мг";"Таблетки от бежевого до светло-коричневого цвета, овальные, имеющие риски (насечки) с обеих сторон."
"ПРАК-ТИК® (PRAC-TIC®) раствор д/наружного применения";"Раствор для наружного применения бесцветный или желтого цвета."
"ИММУНОФАН® (IMMUNOFAN) раствор д/инъекций";"Раствор для инъекций прозрачный, бесцветный, без запаха."
"ТИЛОЗИН (TILOZIN) раствор д/инъекций 50 мг";"Раствор для инъекций прозрачный, слегка вязкий, светло-желтого цвета."
"ТИЛОЗИН (TILOZIN) раствор д/инъекций 200 мг";"Раствор для инъекций прозрачный, слегка вязкий, светло-желтого цвета."
"ДОКСИЛОКС® (DOXYLOX) раствор д/инъекций";"Раствор для инъекций прозрачный, слегка вязкий, от желто-коричневого до красно-коричневого цвета."
"БУРСИН ПЛЮС (BURSINE PLUS)";"Лиофилизат для приготовления раствора для применения методом выпаивания в виде сухой однородной пористой массы розового или светло-коричневого цвета; хорошо ресуспендируется в воде с образованием гомогенной взвеси."
"ПУЛВАК IB ПРАЙМЕР (POULVAC IB PRIMER)";"Масса лиофилизированная сухая, пористая, однородная, светло-желтого цвета, легко растворимая в воде без образования хлопьев и осадка."
"СУВАКЦИН MH-ОДИН (SUVAXYN MH-ONE) сусп. д/инъекций";"Суспензия для инъекций от бежевого до светло-коричневого цвета."
"ИМПРОВАК (IMPROVAC) раствор д/инъекций";"Раствор для инъекций прозрачный, бесцветный."
"АВАТЕК 150G (AVATEC 150G)";"Порошок для перорального применения светло-коричневого цвета, микрогранулированный, сыпучий, не образующий пыли, нерастворимый в воде."
"НАКСЕЛ (NAXCEL) сусп. д/инъекций";"Суспензия для инъекций белого цвета."
"ДРАКСИН (DRAXXIN) раствор д/инъекций: 100 мг";"Раствор для инъекций прозрачный, бесцветный."
"МЕКСИДОЛ-ВЕТ® (MEXIDOL-VET) таб. 50 мг";"Таблетки от белого до белого с кремовым оттенком цвета, с риской, массой 250 мг."
"МЕКСИДОЛ-ВЕТ® (MEXIDOL-VET) таб. 125 мг";"Таблетки от белого до белого с кремовым оттенком цвета, с риской, массой 300 мг."
"МЕКСИДОЛ-ВЕТ® (MEXIDOL-VET) раствор д/инъекций 25 мг";"Раствор для инъекций бесцветный или слегка желтоватого цвета, прозрачный."
"МЕКСИДОЛ-ВЕТ® (MEXIDOL-VET) раствор д/инъекций 50 мг";"Раствор для инъекций бесцветный или слегка желтоватого цвета, прозрачный."
"ФОСПРЕНИЛ (PHOSPRENYL)";"Стерильный раствор для инъекций прозрачный или слабо опалесцирующий, бесцветный или с желтоватым оттенком."
"ГАМАВИТ (GAMAVIT)";"Стерильный раствор для инъекций красного цвета, прозрачный."
"ГАМАПРЕН (GAMAPREN)";"Стерильный раствор прозрачный или слабо опалесцирующий, бесцветный или с желтоватым оттенком."
