species.name;breeds.name (NOT NULL)
Грызуны;Барабинский хомяк (Cricetulus barabensis)
Грызуны;Джунгарский хомяк (Phodopus sungorus)
Грызуны;Длиннохвостый хомяк (Cricetulus longicaudatus)
Грызуны;Другая
Грызуны;Канский хомяк (Cansumys canus)
Грызуны;Китайский хомяк (Cricetulus griseus)
Грызуны;Короткохвостый хомяк (Cricetulus alticola)
Грызуны;Крысовидный хомяк (Tscherskia triton)
Грызуны;Монгольский хомяк (Allocricetulus curtatus)
Грызуны;Морская свинка (Cavia porcellus)
Грызуны;Морская свинка (Абиссинская)
Грызуны;Морская свинка (Альпака)
Грызуны;Морская свинка (Американский крестед)
Грызуны;Морская свинка (Американский Тедди)
Грызуны;Морская свинка (Английский крестед)
Грызуны;Морская свинка (Английский цветной крестед)
Грызуны;Морская свинка (Болдуин)
Грызуны;Морская свинка (Гималайцы)
Грызуны;Морская свинка (Двухцветные)
Грызуны;Морская свинка (Кёрли)
Грызуны;Морская свинка (Коронет)
Грызуны;Морская свинка (Куи)
Грызуны;Морская свинка (Мерино)
Грызуны;Морская свинка (Мини-як)
Грызуны;Морская свинка (Перуанская)
Грызуны;Морская свинка (Рекс)
Грызуны;Морская свинка (Риджбек)
Грызуны;Морская свинка (Сатиновая гладкошерстная)
Грызуны;Морская свинка (Селф)
Грызуны;Морская свинка (Скинни)
Грызуны;Морская свинка (Тексель)
Грызуны;Морская свинка (Трёхцветные)
Грызуны;Морская свинка (Чалые)
Грызуны;Морская свинка (Черепаховая с белым)
Грызуны;Морская свинка (Швейцарский тедди)
Грызуны;Морская свинка (Шелти)
Грызуны;Обыкновенный хомяк (Cricetus cricetus)
Грызуны;Серый хомяк (Cricetulus migratorius)
Грызуны;Сирийский хомяк (Mesocricetus auratus)
Грызуны;Тибетский хомяк (Cricetulus kamensis)
Грызуны;Хомяк (Cricetinae)
Грызуны;Хомяк Брандта (Mesocricetus brandti)
Грызуны;Хомяк золотистый, бежевый, кремовый (Cricetinae)
Грызуны;Хомяк золотистый, длинношерстный, ангорский (Cricetinae)
Грызуны;Хомяк золотистый, обыкновенный (Cricetinae)
Грызуны;Хомяк Кэмпбелла (Phodopus campbelli)
Грызуны;Хомяк Ньютона (Mesocricetus newtoni)
Грызуны;Хомяк Радде (Mesocricetus raddei)
Грызуны;Хомяк Роборовского (Phodopus roborovskii)
Грызуны;Хомяк русский (Cricetinae)
Грызуны;Хомяк Соколова (Cricetulus sokolovi)
Грызуны;Хомяк Эверсмана (Allocricetulus eversmanni)
Грызуны;Шиншиллы (Chinchilla)
Грызуны;Шиншиллы короткошёрстные (Chinchilla)
Ежи;Алжирский ёж (Atelerix algirus)
Ежи;Амурский ёж (Erinaceus amurensis)
Ежи;Белобрюхий ёж (Atelerix albiventris)
Ежи;Восточноевропейский ёж (Erinaceus concolor)
Ежи;Голобрюхий ёж (Paraechinus nudiventris)
Ежи;Даурский ёж (Mesechinus dauuricus)
Ежи;Динагатская гимнура (Podogymnura aureospinula)
Ежи;Другая
Ежи;Дунайский ёж (Erinaceus roumanicus)
Ежи;Европейский ёж (Erinaceus europaeus)
Ежи;Землеройковый ёж (Hylomys sinensis)
Ежи;Индийский ёж (Paraechinus micropus)
Ежи;Китайская гимнура (Hylomys sinensis)
Ежи;Китайский ёж (Mesechinus hughi)
Ежи;Лысый ёж (Paraechinus hypomelas)
Ежи;Малая гимнура (Hylomys megalotis)
Ежи;Малая гимнура (Hylomys parvus)
Ежи;Малая гимнура (Hylomys suillus)
Ежи;Малый крысиный ёж (Hylomys megalotis)
Ежи;Малый крысиный ёж (Hylomys parvus)
Ежи;Малый крысиный ёж (Hylomys suillus)
Ежи;Минданаоская гимнура (Podogymnura truei)
Ежи;Обыкновенная гимнура (Echinosorex gymnura)
Ежи;Обыкновенный ёж (Erinaceus europaeus)
Ежи;Ошейниковый ёж (Hemiechinus collaris)
Ежи;Сомалийский ёж (Atelerix sclateri)
Ежи;Ушастый ёж (Hemiechinus auritus)
Ежи;Хайнаньский ёж (Hylomys hainanensis)
Ежи;Эфиопский ёж (Paraechinus aethiopicus)
Ежи;Южноафриканский ёж (Atelerix frontalis)
Ежи;Южный ёж (Erinaceus roumanicus)
Иные животные;Другая
Кошки; Домашние кошки
Кошки; Другая
Кошки;Абиссинская короткошерстная
Кошки;Австралийская Мист (Spotted Mist)
Кошки;Азиатская длинношерстная
Кошки;Азиатская короткошерстная
Кошки;Алтайская голубоглазая
Кошки;Американская Бурма
Кошки;Американская жесткошерстная
Кошки;Американская короткошерстная
Кошки;Американский бобтейл длинношерстный
Кошки;Американский бобтейл короткошерстный
Кошки;Американский кёрл длинношерстный
Кошки;Американский кёрл короткошерстный
Кошки;Американский короткошерстный колор-пойнт
Кошки;Анатоли
Кошки;Ангора британская
Кошки;Ангора Турецкая
Кошки;Архангельская кошка
Кошки;Балинезийская
Кошки;Бамбино (Felis catus)
Кошки;Бенгальская короткошерстная (Бенгал)
Кошки;Бирманская (Священная Бирма)
Кошки;Богемский рекс
Кошки;Бомбей
Кошки;Бонбордино (корниш-фолд)
Кошки;Бразильская короткошерстная
Кошки;Бристоль
Кошки;Британская
Кошки;Британская Ангора
Кошки;Британская вислоухая
Кошки;Британская голубая
Кошки;Британская длинношерстная
Кошки;Британская короткошерстная
Кошки;Британская Серебристая шиншилла
Кошки;Бурманская
Кошки;Бурмезская короткошерстная (Бюрмуар,Бурма)
Кошки;Бурмилла
Кошки;Восточная длинношерстная
Кошки;Восточная полосатая и пятнистая
Кошки;Гавана браун
Кошки;Герман-рекс
Кошки;Гигантская Афродита
Кошки;Гималайская
Кошки;Дальневосточный леопард
Кошки;Девон-рекс
Кошки;Джанглкэт
Кошки;Донской сфинкс
Кошки;Европейская Бурма
Кошки;Европейская длинношерстная
Кошки;Европейская короткошерстная
Кошки;Европейская рысь
Кошки;Египетский мау
Кошки;Йорк шоколад
Кошки;Калифорния спенглед (Калифорнийская сияющая)
Кошки;Камышовый кот - хаус (Felis chaus)
Кошки;Канаани
Кошки;Канадский сфинкс 
Кошки;Каракал (степная рысь)
Кошки;Карельский бобтейл длинношерстный
Кошки;Карельский бобтейл короткошерстный
Кошки;Картойзер (картезианская)
Кошки;Кельтская короткошерстная
Кошки;Керубин (Херувим)
Кошки;Кимрик (длинношерстный манкс)
Кошки;Колорпойнт
Кошки;Колорпойнт короткошерстный
Кошки;Корат
Кошки;Корниш-рекс
Кошки;Курильский бобтейл длинношерстный
Кошки;Курильский бобтейл короткошерстный
Кошки;Курильский бобтейл полудлинношерстный
Кошки;Ла-Перм
Кошки;Леопардетта
Кошки;Малайская короткошерстная
Кошки;Мальтийская
Кошки;Мандарин
Кошки;Манкс (Мэнская бесхвостая)
Кошки;Манчкин длинношерстный
Кошки;Манчкин короткошерстный
Кошки;Меконг
Кошки;Метис
Кошки;Мэй
Кошки;Мэйн-Кун (Мэнская енотовая)
Кошки;Наполеон
Кошки;Невская маскарадная
Кошки;Нибелунг (Русская голубая длинношерстная)
Кошки;Норвежская лесная (Ског кэт)
Кошки;Ориентальная длинношерстная
Кошки;Ориентальная короткошерстная
Кошки;Охос Азулес
Кошки;Оцикет
Кошки;Пекинская (пекинес)
Кошки;Персидская
Кошки;Персидская миниатюрная
Кошки;Петерболд (Петербургский сфинкс)
Кошки;Пикси-боб
Кошки;Питерболд
Кошки;Пуделькэт
Кошки;Пума Канадская
Кошки;Рагамаффин
Кошки;Реке
Кошки;Ринг-тэйл кэт (кольцехвостая кошка)
Кошки;Русская голубая
Кошки;Рэгдолл (Тряпичная кукла)
Кошки;Саванна
Кошки;Сафари
Кошки;Священная Бирма
Кошки;Селкирк рекс
Кошки;Сервал (Африканская, Кустарниковая кошка)
Кошки;Серенгетти
Кошки;Сиамская короткошерстная
Кошки;Сибирская
Кошки;Сингапура
Кошки;Си-рекс
Кошки;Скиф-тай-той-боб, см. Тойбоб.
Кошки;Скоттиш-страйт (с обычными ушами)
Кошки;Скоттиш-Фолд длинношерстный
Кошки;Скоттиш-Фолд короткошерстный
Кошки;Сноу-Шу
Кошки;Сомали
Кошки;Соукок
Кошки;Споттед Мист
Кошки;Стерлинг (золотистые и серебристые шиншиллы)
Кошки;Тайская короткошерстная
Кошки;Тайская кошка
Кошки;Тайский бобтейл
Кошки;Тиффани (Бурма длинношерстная)
Кошки;Тиффани-Шантилли
Кошки;Тойбоб (Скиф-тай-той-боб, карликовый бобтейл)
Кошки;ТОЙГЕР 
Кошки;Тонкинез Tonkinese
Кошки;Турецкая ангора
Кошки;Турецкий ван
Кошки;Украинский левкой (Ukrainian Levkoy)
Кошки;Уральский рекс длинношерстный
Кошки;Уральский рекс короткошерстный
Кошки;Уссури
Кошки;Форинвайт (иностранная белая) длинношерстный
Кошки;Форинвайт (иностранная белая) короткошерстный
Кошки;Хайленд страйт (Highland straight)
Кошки;Хайленд фолд 
Кошки;Хайлэнд линкс кэт
Кошки;Хемингуэй кэт
Кошки;Хоннейбеа (Honneybear)
Кошки;Цейлон
Кошки;Шантилли (Тиффани-Шантилли)
Кошки;Шартрез
Кошки;Шаузи
Кошки;Шиншилла
Кошки;Шотландская вислоухая длинношерстная
Кошки;Шотландская вислоухая короткошерстная
Кошки;Шотландская короткошерстная
Кошки;Экзотическая длинношерстная
Кошки;Экзотическая короткошерстная
Кошки;Яванез
Кошки;Японский бобтейл длинношерстный
Кошки;Японский бобтейл короткошерстный
Кролики;Айдахский кролик, кролик-пигмей  (Brachylagus idahoensis)
Кролики;Аляска
Кролики;Английский Великан
Кролики;Английский кролик
Кролики;Английский пёстрый кролик
Кролики;Английский пятнистый кролик
Кролики;Ангорский кролик
Кролики;Бабочка
Кролики;Баран
Кролики;Баран английский
Кролики;Баран карликовый
Кролики;Баран крупный
Кролики;Баран мелкий
Кролики;Баран немецкий
Кролики;Баран французский
Кролики;Белка
Кролики;Белоостевой кролик
Кролики;Белый Великан
Кролики;Белый пуховый кролик
Кролики;Бельгийский заяц
Кролики;Блан хотот 
Кролики;Бургундский кролик
Кролики;Великан
Кролики;Венский белый кролик
Кролики;Венский голубой кролик
Кролики;Венский кролик
Кролики;Венский чёрный кролик
Кролики;Вуалевый серебристый кролик
Кролики;Гаванна
Кролики;Гигантский фландр
Кролики;Голландский кролик
Кролики;Горный кролик
Кролики;Дейлинаар
Кролики;Другая
Кролики;Заячий кролик
Кролики;Земплинский кролик
Кролики;Золото Саксонии
Кролики;Испанский Великан
Кролики;Карликовая бабочка
Кролики;Карликовый лисий кролик
Кролики;Карликовый хотот 
Кролики;Лисий кролик
Кролики;Львиноголовый карликовый кролик
Кролики;Люкс
Кролики;Макленбургский пятнистый кролик
Кролики;Марбургская белка
Кролики;Немецкий большой серебристый кролик
Кролики;Немецкий Великан
Кролики;Немецкий великан белый
Кролики;Немецкий великан пятнистый
Кролики;Немецкий великан серый
Кролики;Немецкий кролик
Кролики;Немецкий пёстрый кролик
Кролики;Новозеландский белый кролик
Кролики;Новозеландский красный кролик
Кролики;Новозеландский кролик
Кролики;Огненный кролик
Кролики;Паломино
Кролики;Песцовый пуховой кролик (цветной)
Кролики;Пятнистый двуцветный кролик
Кролики;Реинский пёстрый кролик
Кролики;Рекс (коротковолосый кролик)
Кролики;Рекс беличий
Кролики;Рекс белый
Кролики;Рекс голубой (тёмно-голубой рекс, блю-рекс)
Кролики;Рекс далматинский
Кролики;Рекс жёлтый
Кролики;Рекс карликовый
Кролики;Рекс люкс
Кролики;Рекс мардер
Кролики;Рекс огненный
Кролики;Рекс пятнистый двуцветный
Кролики;Рекс русский
Кролики;Рекс серо-голубой
Кролики;Рекс чёрный (блек-рекс)
Кролики;Рекс шиншиловый (шин-рекс)
Кролики;Рекс японский
Кролики;Рекс-бабочка белый
Кролики;Рекс-белка
Кролики;Рекс-гаванна
Кролики;Рекс-кастор (Рекс бобровый)
Кролики;Рен
Кролики;Ризен
Кролики;Русский горностаевый кролик (гималайский кролик)
Кролики;Сатиновый кролик (атласный)
Кролики;Сашенгольд
Кролики;Сепаратор
Кролики;Серебристый
Кролики;Серебристый большой светлый кролик
Кролики;Серебристый мелкий кролик
Кролики;Серый Великан
Кролики;Сиамский кролик
Кролики;Советская шиншилла
Кролики;Советский мардер
Кролики;Термонский кролик
Кролики;Трианта
Кролики;Фландр (бельгийский Великан)
Кролики;Французский белый хохот
Кролики;Хотот
Кролики;Чёрно-бурый кролик
Кролики;Чёрно-остевой кролик
Кролики;Чехословацкий пёстрый кролик
Кролики;Чешская бабочка
Кролики;Чешский красный кролик
Кролики;Шведская белка
Кролики;Японский кролик
Крупный рогатый скот;
Лошади; Другая
Лошади;Адаевская лошадь
Лошади;Алтайская порода
Лошади;Американская верховая порода
Лошади;Американская миниатюрная (American miniature horse)
Лошади;Американская стандартбредная порода
Лошади;Англо-кабардинская породная группа
Лошади;Англо-нормандская порода
Лошади;Англо-рысистая
Лошади;Англо-тракененская
Лошади;Андалузская порода
Лошади;Арабская помесь
Лошади;Арабская чистокровная порода
Лошади;Аргентинская верховая порода
Лошади;Ардены
Лошади;Арьежская порода
Лошади;Ахалтекинская порода
Лошади;Башкирская порода
Лошади;Белорусская упряжная порода
Лошади;Берберийская порода
Лошади;Беспородная
Лошади;Боснийская порода
Лошади;Брабансоны
Лошади;Бранденбургская порода
Лошади;Бретонская порода
Лошади;Буденновская порода
Лошади;Булонская порода
Лошади;Бурятская порода
Лошади;Варварийская порода
Лошади;Великопольская порода
Лошади;Венгерская
Лошади;Владимирский тяжеловоз
Лошади;Воронежская упряжная порода
Лошади;Восточно-прусские лошади
Лошади;Вятская порода
Лошади;Гакне
Лошади;Галловейская (гэллоуэйская) порода
Лошади;Ганноверская порода
Лошади;Гафлингская порода (гафлингер)
Лошади;Гидран
Лошади;Голландская упряжная порода
Лошади;Голштинская порода
Лошади;Гудбрандсдальская порода
Лошади;Гунтер
Лошади;Гуцульская порода
Лошади;Дартмурский пони
Лошади;Дейл
Лошади;Делибозская (казахская) порода
Лошади;Донская порода
Лошади;Забайкальская
Лошади;Иомудская порода
Лошади;Ирландский тяжеловоз
Лошади;Исландский пони
Лошади;Кабардинская порода
Лошади;Казахская порода
Лошади;Камаргу
Лошади;Канадская порода
Лошади;Карабаирская порода
Лошади;Карабахская порода
Лошади;Карачаевская порода
Лошади;Карельская порода
Лошади;Кватерхорс
Лошади;Киргизская порода
Лошади;Кладрубская порода
Лошади;Клевелендская порода
Лошади;Клейдесдальская порода
Лошади;Клеппер
Лошади;Конемара
Лошади;Коник польский
Лошади;Креолло
Лошади;Кузнецкая порода
Лошади;Кустанайская порода
Лошади;Кушумская порода
Лошади;Латвийская порода
Лошади;Липиццанская (липпицианская) порода
Лошади;Литовская тяжелоупряжная порода
Лошади;Локайская порода
Лошади;Мегрельская порода
Лошади;Мезенская порода
Лошади;Мекленбургская порода
Лошади;Метис
Лошади;Минусинская порода
Лошади;Монгольская порода
Лошади;Морган
Лошади;Нарымская порода
Лошади;Неаполитанская порода
Лошади;Новокиргизская порода
Лошади;Нониус
Лошади;Норийская порода
Лошади;Нормандская порода
Лошади;Нормандский коб
Лошади;Норфолкский рысак
Лошади;Нью-форестский пони
Лошади;Ольденбургская порода
Лошади;Орлово-ростопчинская порода
Лошади;Орловская верховая порода
Лошади;Орловский рысак
Лошади;Остфризская порода
Лошади;Паломино
Лошади;Персидская порода
Лошади;Першеронская порода
Лошади;Печорская порода
Лошади;Пинто
Лошади;Пинцгауэрская порода
Лошади;Полесская порода
Лошади;Полукровная
Лошади;Приобская порода
Лошади;Рейнский тяжеловоз
Лошади;Родстер
Лошади;Ростопчинская порода
Лошади;Русская верховая порода
Лошади;Русская рысистая порода
Лошади;Русский рысак
Лошади;Русский тяжеловоз
Лошади;Скирос-пони
Лошади;Советский тяжеловоз
Лошади;Сорайя
Лошади;Спортивная лошадь
Лошади;Спортивная помесь
Лошади;Стрелецкая порода
Лошади;Суффолькская порода (суффольк)
Лошади;Тавдинская порода
Лошади;Теннесси
Лошади;Терская порода
Лошади;Торийская порода
Лошади;Тракененская порода
Лошади;Тракено-ганноверская помесь
Лошади;Тувинская порода
Лошади;Турецкая порода
Лошади;Тушинская порода
Лошади;Украинская верховая порода
Лошади;Уэльский горный пони
Лошади;Уэльский коб
Лошади;Уэльский пони
Лошади;Финская порода
Лошади;Фиордская порода
Лошади;Французские ардены
Лошади;Французский рысак
Лошади;Фредериксборгская (датская) порода
Лошади;Фризская упряжная
Лошади;Фуриозо-нортстар
Лошади;Хакне
Лошади;Хоккайдо-пони
Лошади;Четвертьмильная, или ковбойская, порода
Лошади;Чистокровная верховая порода
Лошади;Чумышская порода
Лошади;Шайр
Лошади;Шания
Лошади;Шведские ардены
Лошади;Шетландские (шетлендские) пони
Лошади;Эстонская местная порода
Лошади;Эстонские ардены
Лошади;Ютландская (датская) порода
Лошади;Якутская порода
Моллюски;
Насекомые энтомофаги;
Обезьяны;"Азарская мирикина (Aotus azarae)		"
Обезьяны;Амазонский ревун (Alouatta nigerrima)
Обезьяны;Ангольская крошечная мартышка (Miopithecus talapoin)
Обезьяны;Ангольский колобус (Colobus angolensis)
Обезьяны;Анубис (Papio anubis)
Обезьяны;Бабуин (Papio cynocephalus)
Обезьяны;Беличий саймири (Saimiri sciureus)
Обезьяны;Белобородый гиббон (Hylobates albibarbis)
Обезьяны;Беловоротничковый мангабей (Cercocebus torquatus)
Обезьяны;Белогорлая мартышка (Cercopithecus albogularis)
Обезьяны;Белозадый гульман (Trachypithecus delacouri)
Обезьяны;Белолобая коата (Ateles belzebuth)
Обезьяны;Белолобый гульман (Trachypithecus laotum)
Обезьяны;Белолобый капуцин (Cebus albifrons)
Обезьяны;Белолобый лемур (Eulemur albifrons)
Обезьяны;Белоногий колобус (Colobus vellerosus)
Обезьяны;Белоногий лемур(Lepilemur leucopus)
Обезьяны;Белоногий тамарин (Saguinus leucopus)
Обезьяны;Белорукий гиббон (Hylobates lar)
Обезьяны;Белощёкая коата (Ateles marginatus)
Обезьяны;Белощёкий хохлатый гиббон (Nomascus leucogenys)
Обезьяны;Бенгальский лори (Nycticebus bengalensis)
Обезьяны;Бирманская курносая обезьяна ( Rhinopithecus strykeri )
Обезьяны;Блестящий гульман (Trachypithecus auratus)
Обезьяны;Боливийский ревун (Alouatta sara)
Обезьяны;Боливийский саймири (Saimiri boliviensis)
Обезьяны;Большая белоносая мартышка (Cercopithecus nictitans)
Обезьяны;Бонобо(карликовый шимпанзе)
Обезьяны;Бородатая мартышка (Cercopithecus lhoesti)
Обезьяны;Бородатый мангобей (Lophocebus johnstoni)
Обезьяны;Бородатый мангобей (Lophocebus opdenboschi Scouteden)
Обезьяны;Бородатый мангобей (Lophocebus osmani)
Обезьяны;Бородатый мангобей (Lophocebus ugandae)
Обезьяны;Бурая шерстистая обезьяна (Lagothrix lagotricha)
Обезьяны;Буроголовый тамарин (Saguinus fuscicollis)
Обезьяны;Бурый лемур (Eulemur fulvus)
Обезьяны;Бурый ревун (Alouatta guariba)
Обезьяны;Валуви (Phaner furcifer )
Обезьяны;Вандеру (Macaca silenus)
Обезьяны;Варварийская обезьяна (Macaca sylvanus)
Обезьяны;Венценосный лемур (Eulemur coronatus)
Обезьяны;Верветка (Chlorocebus pygerythrus)
Обезьяны;Вилколобый мышиный лемур (Phaner furcifer )
Обезьяны;Вильчатополосый лемур (Phaner electromontis)
Обезьяны;Вильчатополосый лемур (Phaner furcifer)
Обезьяны;Вильчатополосый лемур (Phaner pallescens)
Обезьяны;Вильчатополосый лемур (Phaner parienti)
Обезьяны;Вильчатополосый лемур(Phaner electromontis)
Обезьяны;Вильчатополосый лемур(Phaner furcifer )
Обезьяны;Вильчатополосый лемур(Phaner pallescens)
Обезьяны;Вильчатополосый лемур(Phaner parienti)
Обезьяны;Волосатоухий лемур (Allocebus trichotis)
Обезьяны;Восточная горилла (Gorilla beringei)
Обезьяны;Восточная равнинная горилла (Gorilla beringei graueri)
Обезьяны;Восточный галаго (Galago matschiei)
Обезьяны;Восточный долгопят (Tarsius tarsier)
Обезьяны;Восточный колобус (Colobus guereza)
Обезьяны;Восточный потто (Arctocebus calabarensis) 
Обезьяны;Восточный хулок (Hoolock leuconedys)
Обезьяны;Восточный чёрный хохлатый гиббон (Nomascus nasutus)
Обезьяны;Восточный шерстистый лемур (Avahi laniger) 
Обезьяны;Габонская крошечная мартышка (Miopithecus ogouensis)
Обезьяны;Габонский галаго (Galago gabonensis)
Обезьяны;Гайянский ревун (Alouatta macconnelli)
Обезьяны;Галаго (Galago cameronensis)
Обезьяны;Галаго (Galago nyasae)
Обезьяны;Галаго (Galago thomasi)
Обезьяны;Галаго Аллена (Galago alleni)
Обезьяны;Галаго Гранта (Galago granti)
Обезьяны;Галаго Демидова (Galago demidoff)
Обезьяны;Галаго карликовый ангольский (Galago kumbirensis sp. nov.)
Обезьяны;Гамадрил (Papio hamadryas)
Обезьяны;Гапалемур(Hapalemur alaotrensis)
Обезьяны;Гапалемур(Hapalemur meridionalis)
Обезьяны;Гапалемур(Hapalemur occidentalis) 
Обезьяны;Гватемальский ревун (Alouatta pigra)
Обезьяны;Гвинейский колобус (Piliocolobus pennantii)
Обезьяны;Гвинейский павиан (Papio papio)
Обезьяны;Гелада (Theropithecus gelada)
Обезьяны;Гиббон Мюллера (Hylobates muelleri)
Обезьяны;Гиббон(Nomascus annamensis)
Обезьяны;Гиббон(Nomascus hainanus)
Обезьяны;Гиббон(Nomascus siki)
Обезьяны;Гололобый гульман (Trachypithecus hatinhensis)
Обезьяны;Гололобый лангур (Presbytis frontata)
Обезьяны;Гололобый тамарин (Saguinus martinsi)
Обезьяны;Голоухий саймири (Saimiri ustus)
Обезьяны;Голубая мартышка (Cercopithecus mitis)
Обезьяны;Голуболицая мартышка (Cercopithecus cephus)
Обезьяны;Горная горилла (Gorilla beringei beringei)
Обезьяны;Горный галаго (Galago orinus)
Обезьяны;Горный резус (Macaca assamensis)
Обезьяны;Гривет (Chlorocebus aethiops)
Обезьяны;Гривистый мангабей (Lophocebus albigena)
Обезьяны;Гривистый тонкотел (Trachypithecus cristatus)
Обезьяны;Гуйчжоуский тонкотел (Rhinopithecus brelichi)
Обезьяны;Гульман(Semnopithecus ajax)
Обезьяны;Гульман(Semnopithecus dussumieri)
Обезьяны;Гульман(Semnopithecus entellus) 
Обезьяны;Гульман(Semnopithecus hector)
Обезьяны;Гульман(Semnopithecus priam)
Обезьяны;Гульман(Semnopithecus schistaceus)
Обезьяны;Джам-джам (Chlorocebus djamdjamensis)
Обезьяны;Диадемовый сифака (Propithecus diadema)
Обезьяны;Долгопят (Tarsius fuscus)
Обезьяны;Долгопят (Tarsius lariang)
Обезьяны;Долгопят (Tarsius pelengensis)
Обезьяны;Долгопят (Tarsius sangirensis)
Обезьяны;Долгопят (Tarsius sp. 1)
Обезьяны;Долгопят (Tarsius sp. 2)
Обезьяны;Долгопят (Tarsius spectrumgurskyae)
Обезьяны;Долгопят (Tarsius tumpara)
Обезьяны;Долгопят (Tarsius wallacei)
Обезьяны;Долгопят диана (Tarsius dentatus)
Обезьяны;Дрил (Mandrillus leucophaeus)
Обезьяны;Другая
Обезьяны;Желтохвостая обезьяна (Oreonax flavicauda)
Обезьяны;Желтощёкий хохлатый гиббон (Nomascus gabriellae)
Обезьяны;Занзибарский галаго (Galago zanzibaricus)
Обезьяны;Западная горилла (Gorilla gorilla)
Обезьяны;Западная равнинная горилла (Gorilla gorilla gorilla)
Обезьяны;Западная речная горилла (Gorilla gorilla diehli)
Обезьяны;Западноамазонская мирикина (Aotus nancymaae)
Обезьяны;Западный какажао (Cacajao calvus calvus)
Обезьяны;Западный какажао (Cacajao calvus rubicundus)
Обезьяны;Западный какажао (Cacajao calvus ucayalii)
Обезьяны;Западный какажао (Cacajao calvus)
Обезьяны;Западный какажао Cacajao calvus novaesi)
Обезьяны;Западный хулок (Hoolock hoolock)
Обезьяны;Западный шерстистый лемур(Avahi occidentalis)
Обезьяны;Западный шимпанзе (Pan troglodytes verus)
Обезьяны;Зелёная мартышка (Chlorocebus sabaeus)
Обезьяны;Зелёный колобус (Procolobus verus)
Обезьяны;Золотистая львиная игрунка (Leontopithecus rosalia)
Обезьяны;Золотистобурый мышиный лемур (Microcebus ravelobensis)
Обезьяны;Золотистоголовая львиная игрунка (чёрное тело)(Leontopithecus chrysomelas)
Обезьяны;Золотистоплечий тамарин (Saguinus tripartitus)
Обезьяны;Золотистый лемур (Hapalemur aureus)
Обезьяны;Золотистый львиный тамарин (Leontopithecus rosalia)
Обезьяны;Золотистый потто (Arctocebus aureus)
Обезьяны;Золотобрюхий мангабей (Cercocebus chrysogaster)
Обезьяны;Золотоголовый сифака (Propithecus tattersalli)
Обезьяны;Золотой лангур (Trachypithecus geei)
Обезьяны;Иглокготный галаго (Euoticus pallidus pallidus)
Обезьяны;Иглокготный галаго (Euoticus pallidus talboti)
Обезьяны;Игрунка Жоффруа (Callithrix geoffroyi)
Обезьяны;Игрунка Куля (Callithrix kuhlii)
Обезьяны;Изящный галаго (Euoticus elegantulus)
Обезьяны;Императорский тамарин (Saguinus imperator)
Обезьяны;Индийский макак (Macaca radiata)
Обезьяны;Индри (Indri indri)
Обезьяны;Кази (Trachypithecus ebenus)
Обезьяны;Кази (Trachypithecus germaini)
Обезьяны;Кази (Trachypithecus phayrei)
Обезьяны;Кази (Trachypithecus poliocephalus)
Обезьяны;Кази (Trachypithecus shortridgei)
Обезьяны;Калимантанский лори (Nycticebus menagensis)
Обезьяны;Калимантанский орангутан (Pongo pygmaeus)
Обезьяны;Камерунский колобус (Piliocolobus preussi)
Обезьяны;Кампучийский гиббон (Hylobates pileatus)
Обезьяны;Капуцин-каапори (Cebus kaapori)
Обезьяны;Капюшонный гульман (Trachypithecus johnii)
Обезьяны;Карликовый гиббон (Hylobates klossii)
Обезьяны;Карликовый долгопят (Tarsius pumilus)
Обезьяны;Карликовый лемур
Обезьяны;Карликовый лемур Кокерела (Mirza coquereli )
Обезьяны;Карликовый мышиный лемур (Microcebus myoxinus )
Обезьяны;Карликовый мышиный лемур (Microcebus myoxinus)
Обезьяны;Коата Жоффруа (Ateles geoffroyi)
Обезьяны;Коибский ревун (Alouatta coibensis)
Обезьяны;Колобус Кирка (Piliocolobus kirkii )
Обезьяны;Колумбийская коата (Ateles hybridus)
Обезьяны;Колумбийская шерстистая обезьяна (Lagothrix lugens)
Обезьяны;Колумбийский ревун (Alouatta palliata)
Обезьяны;Кольцехвостый  лемур
Обезьяны;Коричневый мышиный лемур (Microcebus rufus)
Обезьяны;Королевский колобус (Colobus polykomos)
Обезьяны;Коронованная мартышка (Cercopithecus mitis)
Обезьяны;Краснобрюхая мартышка (Cercopithecus erythrogaster)
Обезьяны;Краснобрюхий тамарин (Saguinus labiatus)
Обезьяны;Краснолицая коата (Ateles paniscus)
Обезьяны;Краснолицый гульман (Trachypithecus vetulus)
Обезьяны;Краснолобый лемур (Eulemur rufus)
Обезьяны;Краснорукий ревун (Alouatta belzebul)
Обезьяны;Краснорукий тамарин (Saguinus midas)
Обезьяны;Красноспинный саки (Chiropotes albinasus)
Обезьяны;Краснохвостая мартышка (Cercopithecus ascanius)
Обезьяны;Краснохвостый лемур (Lepilemur ruficaudatus)
Обезьяны;Краснохохлый колобус (Piliocolobus tholloni)
Обезьяны;Красный колобус (Piliocolobus badius)
Обезьяны;Красный колобус(Piliocolobus epieni)
Обезьяны;Красный колобус(Piliocolobus foai)
Обезьяны;Красный колобус(Piliocolobus gordonorum)
Обезьяны;Красный колобус(Piliocolobus rufomitratus)
Обезьяны;Красный колобус(Piliocolobus tephrosceles)
Обезьяны;Красный лангур (Presbytis rubicunda)
Обезьяны;Крысиный лемур (Cheirogaleus major)
Обезьяны;Крысиный лемур(Cheirogaleus crossleyi)
Обезьяны;Крысиный лемур(Cheirogaleus grovesi)
Обезьяны;Крысиный лемур(Cheirogaleus lavasoensis)
Обезьяны;Крысиный лемур(Cheirogaleus minusculus)
Обезьяны;Крысиный лемур(Cheirogaleus sibreei)
Обезьяны;Крысиный маки (Cheirogaleus major)
Обезьяны;Лангур (Presbytis chrysomelas)
Обезьяны;Лангур (Presbytis hosei)
Обезьяны;Лангур (Presbytis natunae)
Обезьяны;Лангур (Presbytis siamensis)
Обезьяны;Лангур (Presbytis thomasi)
Обезьяны;Лапундер (Macaca nemestrina)
Обезьяны;Ласковидный лемур (Lepilemur mustelinus)
Обезьяны;Лемур обыкновенный(Eulemur cinereiceps)
Обезьяны;Лемур обыкновенный(Eulemur collaris)
Обезьяны;Лемур обыкновенный(Eulemur flavifrons)
Обезьяны;Лемур обыкновенный(Eulemur rufifrons)
Обезьяны;Лемур Санфорда (Eulemur sanfordi)
Обезьяны;Лемур Эдвардса (Lepilemur edwardsi)
Обезьяны;Лепилемур(Lepilemur aeeclis)
Обезьяны;Лепилемур(Lepilemur ahmansonorum)
Обезьяны;Лепилемур(Lepilemur ankaranensis)
Обезьяны;Лепилемур(Lepilemur betsileo)
Обезьяны;Лепилемур(Lepilemur fleuretae)
Обезьяны;Лепилемур(Lepilemur grewcocki)
Обезьяны;Лепилемур(Lepilemur hollandorum)
Обезьяны;Лепилемур(Lepilemur hubbardi)
Обезьяны;Лепилемур(Lepilemur jamesi**
Обезьяны;Лепилемур(Lepilemur manasamody)
Обезьяны;Лепилемур(Lepilemur milanoii)
Обезьяны;Лепилемур(Lepilemur otto)
Обезьяны;Лепилемур(Lepilemur petteri)
Обезьяны;Лепилемур(Lepilemur randrianasoli)
Обезьяны;Лепилемур(Lepilemur sahamalazensis)
Обезьяны;Лепилемур(Lepilemur scottorum)
Обезьяны;Лепилемур(Lepilemur seali)
Обезьяны;Лепилемур(Lepilemur tymerlachsoni)
Обезьяны;Лепилемур(Lepilemur wrighti)
Обезьяны;"Лысый уакари (Cacajao calvus)	"
Обезьяны;Львинохвостый макак (Macaca silenus)
Обезьяны;Магот (Macaca sylvanus)
Обезьяны;Мадагаскарская руконожка (Daubentonia madagascariensis)
Обезьяны;Макак боннет (Macaca radiata)
Обезьяны;Макак Давида (Macaca thibetana)
Обезьяны;Макак резус (Macaca mulatta Zimmermann)
Обезьяны;Макака (Macaca hecki )
Обезьяны;Макака (Macaca munzala Sinha et al., 2005
Обезьяны;Макака (Macaca nigriscens)
Обезьяны;Макака (Macaca ochreata)
Обезьяны;Макак-крабоед Яванский макак (Macaca fascicularis)
Обезьяны;Малабарский гульман (Semnopithecus hypoleucos)
Обезьяны;Малая белоносая мартышка (Cercopithecus petaurista)
Обезьяны;Малбрук (Chlorocebus cynosurus)
Обезьяны;Малый лори (Nycticebus pygmaeus)
Обезьяны;Мангабей (Cercocebus sanjei)
Обезьяны;Мангустовый лемур (Eulemur mongoz)
Обезьяны;Мандрил (Mandrillus sphinx)
Обезьяны;Мартышка Аллена (Allenopithecus nigroviridis)
Обезьяны;Мартышка Бразза (Cercopithecus neglectus)
Обезьяны;Мартышка Вольфа (Cercopithecus wolfi)
Обезьяны;Мартышка дриас (Cercopithecus dryas)
Обезьяны;Мартышка Кемпбелла (Cercopithecus campbelli)
Обезьяны;Мартышка мона (Cercopithecus mona)
Обезьяны;Мартышка танталусская (Chlorocebus tantalus)
Обезьяны;Мартышка Шмидта (Cercopithecus ascanius)
Обезьяны;Мартышка(Cercopithecus denti)
Обезьяны;Мартышка(Cercopithecus doggetti)
Обезьяны;Мартышка(Cercopithecus kandti)
Обезьяны;Мартышка(Cercopithecus lomamiensis)
Обезьяны;Мартышка(Cercopithecus lowei)
Обезьяны;Мартышка(Cercopithecus preussi)
Обезьяны;Мартышка(Cercopithecus roloway)
Обезьяны;Мартышка(Cercopithecus sclateri)
Обезьяны;Мартышка-гусар Erythrocebus patas)
Обезьяны;Мартышка-диана (Cercopithecus diana)
Обезьяны;Медвежий макак (Macaca arctoides)
Обезьяны;Медвежий павиан (Papio ursinus)
Обезьяны;Медленный лори (Nycticebus coucang)
Обезьяны;Мелкозубый лемур (Lepilemur microdon)
Обезьяны;Ментавайский лангур (Presbytis potenziani)
Обезьяны;Мирикина (Aotus brumbacki)
Обезьяны;Мирикина (Aotus griseimembra)
Обезьяны;Мирикина (Aotus jorgehernandezi)
Обезьяны;Мирикина (Aotus zonalis)
Обезьяны;Мирикина Спикса (Aotus vociferans)
Обезьяны;Мышиный лемур (Microcebus arnholdi)
Обезьяны;Мышиный лемур (Microcebus berthae)
Обезьяны;Мышиный лемур (Microcebus bongolavensis)
Обезьяны;Мышиный лемур (Microcebus danfossi)
Обезьяны;Мышиный лемур (Microcebus gerpi)
Обезьяны;Мышиный лемур (Microcebus griseorufus)
Обезьяны;Мышиный лемур (Microcebus jollyae)
Обезьяны;Мышиный лемур (Microcebus lehilahytsara)
Обезьяны;Мышиный лемур (Microcebus lokobensis)
Обезьяны;Мышиный лемур (Microcebus lokobensis[)
Обезьяны;Мышиный лемур (Microcebus macarthurii)
Обезьяны;Мышиный лемур (Microcebus mamiratra)
Обезьяны;Мышиный лемур (Microcebus margotmarshae)
Обезьяны;Мышиный лемур (Microcebus marohita)
Обезьяны;Мышиный лемур (Microcebus mittermeieri)
Обезьяны;Мышиный лемур (Microcebus sambiranensis)
Обезьяны;Мышиный лемур (Microcebus simmonsi)
Обезьяны;Мышиный лемур (Microcebus tanosi)
Обезьяны;Мышиный лемур (Microcebus tavaratra)
Обезьяны;Мышиный лемур (Mirza zaza)
Обезьяны;Мышиный лемур Кокерела (Mirza coquereli )
Обезьяны;Немейский тонкотел (Pygathrix nemaeus)
Обезьяны;Носач (Nasalis larvatus) 
Обезьяны;Обыкновенная игрунка (Callithrix jacchus)
Обезьяны;Обыкновенная мирикина (Aotus trivirgatus)
Обезьяны;Обыкновенный капуцин (Cebus capucinus)
Обезьяны;Обыкновенный потто(Perodicticus potto) 
Обезьяны;Одноцветный симиас (Simias concolor)
Обезьяны;Отолемур
Обезьяны;Очковый тонкотел (Trachypithecus obscurus)
Обезьяны;Пагайская макака (Macaca pagensis)
Обезьяны;Панамская мирикина (Aotus lemurinus)
Обезьяны;Паукообразная обезьяна (Brachyteles arachnoides)
Обезьяны;Пегий тамарин (Saguinus bicolor)
Обезьяны;Перуанская коата (Ateles chamek)
Обезьяны;Перуанская мирикина (Aotus miconax)
Обезьяны;Пигатрикс (Pygathrix cinerea)
Обезьяны;Полосатый лангур (Presbytis femoralis)
Обезьяны;Прыткий мангабей (Cercocebus agilis)
Обезьяны;Пушистоухая игрунка (Callithrix aurita)
Обезьяны;Пушистый лемур
Обезьяны;Развилколобый фанер (Phaner furcifer )
Обезьяны;Ревун (Alouatta arctoidea)
Обезьяны;Ревун (Alouatta discolor)
Обезьяны;Ревун (Alouatta juara)
Обезьяны;Ревун (Alouatta puruensis)
Обезьяны;Ревун (Alouatta ululata)
Обезьяны;Рокселланов ринопитек (Rhinopithecus roxellana)
Обезьяны;Рондский галаго (Galago rondoensis)
Обезьяны;Рунгвецебус (Rungwecebus kipunji)
Обезьяны;Рыжебрюхий лемур (Eulemur rubriventer)
Обезьяны;Рыжеватая обезьяна (Brachyteles hypoxanthus)
Обезьяны;Рыжеспинный саймири (Saimiri oerstedii)
Обезьяны;Рыжеухая мартышка (Cercopithecus erythrotis)
Обезьяны;Рыжехвостая мартышка (Cercopithecus solatus)
Обезьяны;Рыжий лемур (Microcebus rufus)
Обезьяны;Рыжий ревун (Alouatta seniculus)
Обезьяны;Саки(Chiropotes chiropotes)
Обезьяны;Саки(Chiropotes israelita)
Обезьяны;Саки(Chiropotes utahickae)
Обезьяны;Светлый иглокоготный галаго (Euoticus pallidus)
Обезьяны;Северный свинохвостый макак (Macaca leonina)
Обезьяны;Северный тонкотелый лемур (Lepilemur septentrionalis)
Обезьяны;Сенегальский галаго (Galago senegalensis)
Обезьяны;Серая шерстистая обезьяна (Lagothrix cana)
Обезьяны;Серебристая шерстистая обезьяна (Lagothrix poeppigii) 
Обезьяны;Серебристый гиббон (Hylobates moloch)
Обезьяны;Сероватый лангур (Presbytis comata)
Обезьяны;Сероспинный лемур (Lepilemur dorsalis)
Обезьяны;Серый кроткий лемур (H. g. gilberti)
Обезьяны;Серый кроткий лемур (H. g. ranomafanensis)
Обезьяны;Серый кроткий лемур (Hapalemur griseus)
Обезьяны;Серый мышиный лемур (Microcebus murinus)
Обезьяны;Сиаманг (Symphalangus syndactylus)
Обезьяны;Сиберутская макака (Macaca siberu)
Обезьяны;Сифака (Propithecus candidus)
Обезьяны;Сифака (Propithecus coronatus)
Обезьяны;Сифака (Propithecus edwardsi)
Обезьяны;Сифака (Propithecus perrieri)
Обезьяны;Сифака Ван-дер-Декена (Propithecus deckenii)
Обезьяны;Сифака Верро (Propithecus verreauxi)
Обезьяны;Сифака Кокереля (Propithecus coquereli)
Обезьяны;Совинолицая мартышка (Cercopithecus hamlyni)
Обезьяны;Сомалийский галаго (Galago gallarum)
Обезьяны;Суматранский лангур (Presbytis melalophos)
Обезьяны;Суматранский орангутан (Pongo abelii)
Обезьяны;Тайваньский резус (Macaca cyclopis)
Обезьяны;Тамарин (Saguinus melanoleucus)
Обезьяны;Тамарин Грэлла (Saguinus graellsi)
Обезьяны;Тамарин Жоффруа (Saguinus geoffroyi)
Обезьяны;Тамарин Шварца (Saguinus inustus)
Обезьяны;Тамарин(Saguinus pileatus)
Обезьяны;Танский мангабей (Cercocebus galeritus)
Обезьяны;Тапанульский орангутан (Pongo tapanuliensis)
Обезьяны;Тити (Titi)
Обезьяны;Толстохвостый лемур (Cheirogaleus medius)
Обезьяны;Тонкий лори (L. lydekkerianus grandis)
Обезьяны;Тонкий лори(L. lydekkerianus lydekkerianus)
Обезьяны;Тонкий лори(L. lydekkerianus malabaricus)
Обезьяны;Тонкий лори(L. lydekkerianus nordicus)
Обезьяны;Тонкий лори(L. tardigradus nycticeboides)
Обезьяны;Тонкий лори(L. tardigradus tardigradus)
Обезьяны;Тонкинский гульман (Trachypithecus francoisi)
Обезьяны;Тонкинский ринопитек (Rhinopithecus avunculus)
Обезьяны;Тонкотел Барби (Trachypithecus barbei)
Обезьяны;Тонкский макак (Macaca tonkeana)
Обезьяны;Траурный капуцин (Cebus olivaceus)
Обезьяны;Увенчанный сифака (Propithecus coronatus)
Обезьяны;Усатая мартышка (Cercopithecus cephus)
Обезьяны;Усатый тамарин (Saguinus mystax)
Обезьяны;Фанерины (Phanerinae)
Обезьяны;Хохлатая игрунка (Callithrix flaviceps)
Обезьяны;Хохлатый индри (Propithecus verreauxi)
Обезьяны;Хохлатый павиан (Macaca nigra)
Обезьяны;Хохлатый тонкотел (Trachypithecus pileatus)
Обезьяны;Цейлонский макак (Macaca sinica)
Обезьяны;Целебесский макак (Macaca maura)
Обезьяны;Центральноамериканский ревун (Alouatta pigra)
Обезьяны;Чёрная львиная игрунка (Leontopithecus chrysopygus)
Обезьяны;Черноголовая мирикина (Aotus nigriceps)
Обезьяны;Черноголовый какажао (Cacajao ayresi)
Обезьяны;Черноголовый какажао (Cacajao hosomi)
Обезьяны;Черноголовый какажао (Cacajao melanocephalus)
Обезьяны;Черноголовый уакари (Cacajao melanocephalus)
Обезьяны;Чёрно-зелёная мартышка (Allenopithecus nigroviridis)
Обезьяны;Чернолапый тамарин (Saguinus niger)
Обезьяны;Чернолицая львиная игрунка (Leontopithecus caissara)
Обезьяны;Чернолобая коата (Ateles fusciceps)
Обезьяны;Черномордый шимпанзе (Pan troglodytes troglodytes)
Обезьяны;Черноногий тонкотел (Pygathrix nigripes)
Обезьяны;Чернорукий гиббон (Hylobates agilis)
Обезьяны;Черноспинный саки (Chiropotes satanas)
Обезьяны;Черноспинный тамарин (Saguinus nigricollis)
Обезьяны;Черноухая игрунка (Callithrix penicillata)
Обезьяны;Чёрный колобус (Colobus satanas) 
Обезьяны;Чёрный лемур (Eulemur macaco)
Обезьяны;Чёрный мангабей (Cercocebus atys)
Обезьяны;Чёрный мангобей (Lophocebus aterrimus)
Обезьяны;Чёрный ревун (Alouatta caraya)
Обезьяны;Чёрный ринопитек (Rhinopithecus bieti)
Обезьяны;Чёрный саймири (Saimiri vanzolini)
Обезьяны;Чёрный хохлатый гиббон (Nomascus concolor)
Обезьяны;Чубатая мартышка (Cercopithecus pogonias)
Обезьяны;Швейнфуртовский шимпанзе (Pan troglodytes schweinfurthii)
Обезьяны;Шерстистый лемур(Avahi betsileo)
Обезьяны;Шерстистый лемур(Avahi cleesei)
Обезьяны;Шерстистый лемур(Avahi meridionalis)
Обезьяны;Шерстистый лемур(Avahi mooreorum)
Обезьяны;Шерстистый лемур(Avahi peyrierasi
Обезьяны;Шерстистый лемур(Avahi ramanantsoavana)
Обезьяны;Шерстистый лемур(Avahi unicolor)
Обезьяны;Шимпанзе(Pan troglodytes vellerosus )
Обезьяны;Эдипов тамарин (Saguinus oedipus)
Обезьяны;Южный галаго (Galago moholi)
Обезьяны;Южный свинохвостый макак (Macaca nemestrina)
Обезьяны;Яванский лори (Nycticebus javanicus)
Обезьяны;Японский макак (Macaca fuscata)
Овцы;
Олени;
Паукообразные;
Птицы;Амазон
Птицы;Вишнёво-красный лорикет (Trichoglossus rubiginosus)
Птицы;Волнистый попугайчик (Melopsittacus undulatus)
Птицы;Ворон (Corvus corax)
Птицы;Голуби
Птицы;Джонстонов лорикет (Trichoglossus johnstoniae)
Птицы;Другая
Птицы;Жако, серый попугай (Psittacus erithacus)
Птицы;Желтоголовый лорикет (Trichoglossus euteles)
Птицы;Жёлто-зелёный лорикет (Trichoglossus flavoviridis)
Птицы;Какаду белохохлый
Птицы;Какаду желтохохлый
Птицы;Какаду желтохохлый тритон
Птицы;Какаду молуккский
Птицы;Какарики, Антиподский прыгающий попугай (Cyanoramphus unicolor)
Птицы;Какарики, Желтолобый прыгающий попугай (Cyanoramphus auriceps)
Птицы;Какарики, Краснолобый прыгающий попугай (Cyanoramphus novaezelandiae)
Птицы;Какарики, Новозеландский горный прыгающий попугай (Cyanoramphus malherbi)
Птицы;Корелла (Nymphicus hollandicus)
Птицы;Корелла Альбинос (Nymphicus hollandicus)
Птицы;Корелла белокрылый (Nymphicus hollandicus)
Птицы;Корелла Белый (Nymphicus hollandicus)
Птицы;Корелла жемчужно-серый (Nymphicus hollandicus)
Птицы;Корелла Лютино (Nymphicus hollandicus)
Птицы;Корелла светло-серый (Nymphicus hollandicus)
Птицы;Корелла темно-желтоватый (Nymphicus hollandicus)
Птицы;Корелла цвета корицы (Nymphicus hollandicus)
Птицы;Корелла чернокрылый (Nymphicus hollandicus)
Птицы;Корелла чёрный (Nymphicus hollandicus)
Птицы;Корелла шеки (Nymphicus hollandicus)
Птицы;Корелла шеки арлекин (Nymphicus hollandicus)
Птицы;Краснолицый неразлучник (Agapornis pullarius)
Птицы;Масковый неразлучник (Agapornis personatus)
Птицы;Многоцветный лорикет (Trichoglossus haematodus)
Птицы;Мускусный лорикет (Glossopsitta concinna)
Птицы;Неразлучник Лилианы (Agapornis lilianae)
Птицы;Неразлучник Фишера (Agapornis fischeri)
Птицы;Неразлучники (Agapornis)
Птицы;Обыкновенная сипуха (Tyto alba)
Птицы;Орлан-белохвост
Птицы;Ошейниковый неразлучник (Agapornis swindernianus)
Птицы;Попугай
Птицы;Розовощёкий неразлучник (Agapornis roseicollis)
Птицы;Сероголовый неразлучник (Agapornis canus)
Птицы;Страус (Struthio camelus)
Птицы;Украшенный лорикет (Trichoglossus ornatus)
Птицы;Утка Мандаринка
Птицы;Филин обыкновенный
Птицы;Чернокрылый неразлучник (Agapornis taranta)
Птицы;Чернощёкий неразлучник (Agapornis nigrigenis)
Птицы;Чешуйчатогрудый лорикет (Trichoglossus chlorolepidotus)
Пчелы;
Рептилии;Дальневосточная черепаха (Trionyx sinesis)
Рептилии;Другая
Рептилии;Кайман крокодиловый (Caiman crocodilus)
Рептилии;Кайман парагвайский (Caiman yacare)
Рептилии;Кайман широкомордый (Caiman latirostris)
Рептилии;Средиземноморская черепаха (Testudo graeca)
Рептилии;Тигровый питон
Рептилии;Черепаха
Рыбы;Другая
Свиньи;
Собаки; Другая
Собаки;Beagador (Beagle Labrador Mix)
Собаки;АВСТРАЛИЙСКАЯ ОВЧАРКА 
Собаки;Австралийский силки (шелковистый) терьер
Собаки;АВСТРАЛИЙСКИЙ ТЕРЬЕР 
Собаки;АВСТРАЛИЙСКИЙ ХИЛЕР 
Собаки;Австрийский гладкошерстный бракк
Собаки;Австрийский короткошерстный пинчер
Собаки;Азавак
Собаки;Аиди (атласская овчарка)
Собаки;Акбаш
Собаки;Акита-Ину
Собаки;Альпийский таксообразный бракк
Собаки;Аляскинский Кли Кай 
Собаки;АЛЯСКИНСКИЙ МАЛАМУТ 
Собаки;АЛЯСКИНСКИЙ ХАСКИ 
Собаки;Американская акита
Собаки;Американский Булли
Собаки;Американский бульдог
Собаки;Американский водяной спаниель
Собаки;Американский голый терьер
Собаки;АМЕРИКАНСКИЙ КОКЕР СПАНИЕЛЬ 
Собаки;Американский питбультерьер
Собаки;Американский Стаффордширский Терьер
Собаки;Американский фоксхаунд
Собаки;Английский бульдог
Собаки;АНГЛИЙСКИЙ КОКЕР СПАНИЕЛЬ 
Собаки;Английский мастиф (English Mastiff)
Собаки;АНГЛИЙСКИЙ СЕТТЕР 
Собаки;АНГЛИЙСКИЙ СПРИНГЕР СПАНИЕЛЬ 
Собаки;АНГЛИЙСКИЙ ТОЙ ТЕРЬЕР (ЧЕРНО-ПОДПАЛЫЙ) 
Собаки;Англо-французская короткохвостая гончая
Собаки;Аппенцеллер зенненхунд
Собаки;Аргентинский дог
Собаки;Ариежский бракк
Собаки;Артезиано-нормандский бассет
Собаки;Арьежуа
Собаки;АФГАНСКАЯ БОРЗАЯ 
Собаки;АФФЕНПИНЧЕР 
Собаки;Баварская следовая гончая
Собаки;Барбе
Собаки;БАСЕНДЖИ 
Собаки;Баскетмейкер
Собаки;Бассет д артуа
Собаки;БАССЕТ ХАУНД 
Собаки;БЕДЛИНГТОН ТЕРЬЕР 
Собаки;Белая швейцарская овчарка
Собаки;БЕЛЬГИЙСКАЯ ОВЧАРКА (грюнендаль) 
Собаки;БЕЛЬГИЙСКАЯ ОВЧАРКА (лакенуа) 
Собаки;БЕЛЬГИЙСКАЯ ОВЧАРКА (малинуа) 
Собаки;БЕЛЬГИЙСКАЯ ОВЧАРКА (тервюрен) 
Собаки;Бельгийский гриффон
Собаки;Бергамаскер
Собаки;Бернская низкорослая гончая
Собаки;БЕРНСКИЙ ЗЕННЕНХУНД 
Собаки;Беспородная
Собаки;Бивер
Собаки;Бивер - Йоркширский терьер
Собаки;БИГЛЬ 
Собаки;Бигль харриер
Собаки;Бийи
Собаки;Биро - Йоркшерский терьер (основной окрас черно-бело-золотой)
Собаки;БИШОН ФРИЗЕ 
Собаки;Бишон хаванез
Собаки;Бладхаунд (шьен де сен-юбер)
Собаки;Блю-лейси (blue lacy)
Собаки;Болонка
Собаки;Болонский Бишон (Болоньез)
Собаки;Большая англо-французская красно-пегая гончая
Собаки;Большая англо-французская трехцветная гончая
Собаки;Большая англо-французская черно-пегая гончая
Собаки;Большая голубая гасконская гончая
Собаки;Большой бретонский бассет-гриффон
Собаки;БОЛЬШОЙ ВАНДЕЙСКИЙ БАССЕТ-ГРИФОН 
Собаки;Большой гасконский сентонжуа
Собаки;БОЛЬШОЙ МЮНСТЕРЛЕНДЕР 
Собаки;Большой швейцарский зенненхунд
Собаки;БОРДЕР КОЛЛИ 
Собаки;БОРДЕР ТЕРЬЕР 
Собаки;Бордоский дог
Собаки;БОРОДАТАЯ КОЛЛИ 
Собаки;Босанский гонич
Собаки;БОСТОН ТЕРЬЕР 
Собаки;Бразильский терьер
Собаки;Бракк дюпюи
Собаки;Бретонский рыжеватый гриффон
Собаки;Бретонский спаниель (бело-оранжевый)
Собаки;Бретонский спаниель (других цветов)
Собаки;БРЕТОНСКИЙ ЭПАНЬОЛ 
Собаки;БРИАР 
Собаки;Брохолмер
Собаки;БРЮССЕЛЬСКИЙ ГРИФФОН 
Собаки;БУЛЬДОГ 
Собаки;Бульмастиф
Собаки;БУЛЬТЕРЬЕР 
Собаки;Бультерьер миниатюрный
Собаки;Бурбонский бракк
Собаки;Бургосский пойнтер
Собаки;Бурят-монгольский волкодав
Собаки;Вандейский гриффон брике
Собаки;ВАСТОГАСПЕТ 
Собаки;ВЕЙМАРАНЕР 
Собаки;Вельш корги
Собаки;Вельш корги кардиган
Собаки;Вельш корги пемброк
Собаки;ВЕЛЬШ СПРИНГЕР СПАНИЕЛЬ 
Собаки;ВЕЛЬШ ТЕРЬЕР 
Собаки;Венгерская жесткошерстная легавая
Собаки;ВЕНГЕРСКАЯ КОРОТКОШЕРСТНАЯ ЛЕГАВАЯ 
Собаки;ВЕСТ ХАЙЛЕНД ВАЙТ ТЕРЬЕР 
Собаки;Вестготашпиц
Собаки;Вестфальский таксообразный бракк
Собаки;Веттерхун (голландский водяной спаниель)
Собаки;Вольфшпиц
Собаки;Восточно-европейская овчарка
Собаки;Восточно-сибирская лайка
Собаки;Гальго эспаньоль (испанский гальго)
Собаки;Гаммель данск хонсехунд
Собаки;Ганноверская гончая
Собаки;Голдаст - Йоркширский терьер (основной окрас бело-золотой)
Собаки;Голландская овчарка (длинношерстная)
Собаки;Голландская овчарка (жесткошерстная)
Собаки;Голландская овчарка (короткошерстная)
Собаки;Голландский смаусхонд
Собаки;Голубой гасконский бассет
Собаки;Голубой гасконский гриффон
Собаки;Голубой пикардийский спаниель
Собаки;Гончая гамильтона
Собаки;Гончая шиллера
Собаки;Гос д атура катала (гладкошерстный)
Собаки;Гос д атура катала (длинношерстный)
Собаки;ГРЕЙХАУНД 
Собаки;Грёнландсхунд
Собаки;Гриффон
Собаки;Гриффон Кортальса
Собаки;ДАЛМАТИН 
Собаки;ДЕНДИ ДИНМОНТ ТЕРЬЕР 
Собаки;Джек-рассел-терьер
Собаки;ДИРХАУНД 
Собаки;Дирхунд
Собаки;Длинношёрстная немецкая овчарка
Собаки;Длинношерстный итальянский бракк
Собаки;Доберман
Собаки;Доберман-пинчер
Собаки;Древер
Собаки;Дрентская куропаточная собака
Собаки;Дункер (норвежская гончая)
Собаки;Емтхунд
Собаки;Западно-сибирская лайка
Собаки;ЗОЛОТИСТЫЙ РЕТРИВЕР 
Собаки;ИРЛАНДСКИЙ ВОДНЫЙ СПАНИЕЛЬ 
Собаки;ИРЛАНДСКИЙ ВОЛКОДАВ 
Собаки;ИРЛАНДСКИЙ ГЛЕН-ОФ-ИМААЛ ТЕРЬЕР 
Собаки;ИРЛАНДСКИЙ КРАСНЫЙ И БЕЛЫЙ СЕТТЕР 
Собаки;ИРЛАНДСКИЙ МЯГКОШЕРСТНЫЙ ПШЕНИЧНЫЙ ТЕРЬЕР 
Собаки;ИРЛАНДСКИЙ ТЕРЬЕР 
Собаки;ИРЛАНСКИЙ СЕТТЕР 
Собаки;Исландская сторожевая
Собаки;Испанский мастиф
Собаки;Истарский грубошерстный гонич
Собаки;Истарский мягкошерстный гонич
Собаки;ИТАЛЬЯНСКАЯ ЛЕВРЕТКА 
Собаки;Итальянский бракк (бело-оранжевый)
Собаки;Итальянский бракк (каштаново-чалый)
Собаки;Итальянский волпино
Собаки;Итальянский Кане корсо
Собаки;ИТАЛЬЯНСКИЙ СПИНОНЕ 
Собаки;ЙОРКШИРСКИЙ ТЕРЬЕР 
Собаки;КАВАЛЕР КИНГ ЧАРЛЗ СПАНИЕЛЬ 
Собаки;Кавказская овчарка
Собаки;Каи
Собаки;Канарский дог
Собаки;Кане корсо
Собаки;Као да серра да эстрела (гладкошерстная)
Собаки;Као да серра да эстрела (длинношерстная)
Собаки;Као де кастро лаборейро
Собаки;Карело-Финская лайка
Собаки;Карельская лайка
Собаки;Карельская медвежья собака
Собаки;Карликовый пинчер
Собаки;Каролинская собака (Carolina Dog)
Собаки;Келпи
Собаки;Кентуккская шелл хип
Собаки;КЕРН ТЕРЬЕР 
Собаки;Керн-терьер
Собаки;КЕРРИ БЛЮ ТЕРЬЕР 
Собаки;КИНГ ЧАРЛЗ СПАНИЕЛЬ 
Собаки;КИТАЙСКАЯ ХОХЛАТАЯ СОБАКА 
Собаки;Кишу
Собаки;КЛАМБЕР СПАНИЕЛЬ 
Собаки;Кобан кёпежи (анатолийская овчарка)
Собаки;Кокерхонде
Собаки;КОЛЛИ ДЛИННОШЕРСТНЫЙ 
Собаки;КОЛЛИ КОРОТКОШЕРСТНЫЙ 
Собаки;Комондор
Собаки;КОНТИНЕНТАЛЬНЫЙ ТОЙ СПАНИЕЛЬ 
Собаки;КОНТИНЕНТАЛЬНЫЙ ТОЙ СПАНИЕЛЬ ФАЛЕН
Собаки;Корейский джиндо
Собаки;Короткошерстный итальянский бракк
Собаки;Котон де туло
Собаки;Краски овчар
Собаки;Кромфорлендер
Собаки;Кувас
Собаки;КУРЧАВОШЕРСТНЫЙ РЕТРИВЕР 
Собаки;Кэрн терьер
Собаки;Лабрадор
Собаки;Лабрадор-ретривер
Собаки;Лангхаар (немецкая длинношерстная легавая)
Собаки;Ландзеер - европейский континентальный тип
Собаки;Лапинпорокойра
Собаки;ЛЕЙКЛЕНД ТЕРЬЕР 
Собаки;ЛЕОНБЕРГЕР 
Собаки;ЛХАССКИЙ АПСО 
Собаки;Мадьяр-агар (венгерская борзая)
Собаки;Малая голубая гасконская гончая
Собаки;МАЛАЯ ЛЬВИНАЯ СОБАЧКА (ЛЕВХЕН) 
Собаки;Малая мюнстерлендерская легавая
Собаки;Малый бретонский бассет-гриффон
Собаки;МАЛЫЙ ВАНДЕЙСКИЙ БАССЕТ-ГРИФОН 
Собаки;Малый гасконский сентонжуа
Собаки;Мальорский мастиф (Ca de Bou)
Собаки;МАЛЬТЕЗЕ 
Собаки;МАНЧЕСТЕР ТЕРЬЕР 
Собаки;Маремма-абрутская овчарка
Собаки;Мареммано-абруццен
Собаки;Мастин де лос пиренеос
Собаки;Мастино-наполетано
Собаки;Мастиф
Собаки;Мексиканская голая собака (миниатюрная)
Собаки;Мексиканская голая собака (средняя)
Собаки;Мексиканская голая собака (стандартная)
Собаки;Метис
Собаки;Миттельшнауцер
Собаки;МОПС 
Собаки;Московская сторожевая
Собаки;Муди
Собаки;НЕМЕЦКАЯ ОВЧАРКА 
Собаки;Немецкая перепелиная собаки
Собаки;НЕМЕЦКИЙ БОКСЕР 
Собаки;Немецкий бракк
Собаки;НЕМЕЦКИЙ ДОГ 
Собаки;НЕМЕЦКИЙ ДРАТХААР 
Собаки;НЕМЕЦКИЙ КУРЦХААР 
Собаки;Немецкий пинчер
Собаки;НЕМЕЦКИЙ ШПИЦ 
Собаки;Немецкий ягд-терьер
Собаки;Нивернесский гриффон
Собаки;Новошотландский утиный ретривер
Собаки;Норботеншпиц
Собаки;НОРВЕЖСКИЙ БУХУНД 
Собаки;НОРВЕЖСКИЙ ЭЛЬГХУНД 
Собаки;НОРВИЧ ТЕРЬЕР 
Собаки;Норск лундехунд
Собаки;Норск элгхунд гра (серый)
Собаки;Норск элгхунд сорт (черный)
Собаки;НОРФОЛК ТЕРЬЕР 
Собаки;НЬЮФАУНДЛЕНД 
Собаки;Овернский бракк
Собаки;Ойразиер
Собаки;ОТТЕРХАУНД 
Собаки;Папильон (папийон) 
Собаки;Парсон-рассел-терьер
Собаки;Паттердейл-терьер
Собаки;ПЕКИНЕС 
Собаки;Перро де пастор маллоркин (длинношерстный)
Собаки;Перро де пастор маллоркин (короткошерстный)
Собаки;Перро дого майоркин (ка де бо)
Собаки;Перуанская голая собака (большая)
Собаки;Перуанская голая собака (малая)
Собаки;Перуанская голая собака (средняя)
Собаки;Петербургская орхидея
Собаки;Петит брабансон
Собаки;Пикардийская овчарка
Собаки;Пикардийский спаниель
Собаки;Пинчер (красно-коричневый)
Собаки;Пинчер (черноподпалый)
Собаки;ПИРЕНЕЙСКАЯ ГОРНАЯ СОБАКА 
Собаки;Пиренейская овчарка длинношерстная
Собаки;Пиренейская овчарка короткошерстная
Собаки;Питбуль
Собаки;Планинский гонич
Собаки;ПОДЕНКО ИБИЦЕНКО Г-Ш 
Собаки;Поденко канарио
Собаки;Позавский гонич
Собаки;ПОЙНТЕР 
Собаки;Пойтевин
Собаки;Полукровная
Собаки;ПОЛЬСКАЯ НИЗИННАЯ ОВЧАРКА 
Собаки;Польская подгалянская овчарка
Собаки;Польская подгалянская овчарка (Podhalaner)
Собаки;Польский огар
Собаки;Польский харт
Собаки;Померанский шпиц 
Собаки;Понт-одемерский спаниель
Собаки;Порселейн
Собаки;ПОРТУГАЛЬСКАЯ ВОДНАЯ СОБАКА 
Собаки;Португальская овчарка
Собаки;Португальский поденго (гладкошерстный)
Собаки;Португальский поденго (жесткошерстный)
Собаки;Португальский пойнтер
Собаки;Пражский крысарик
Собаки;Прайтер
Собаки;ПРЯМОШЕРСТНЫЙ РЕТРИВЕР 
Собаки;Пти Брабансон
Собаки;ПУДЕЛЬ 
Собаки;Пудель большой
Собаки;Пудель малый
Собаки;Пудель миниатюрный
Собаки;Пудель-пойнтер
Собаки;ПУЛИ 
Собаки;Пуми
Собаки;Рафейро до алентейо
Собаки;РИЗЕНШНАУЦЕР 
Собаки;Родезийский риджбек (rhodesian ridgeback)
Собаки;РОТВЕЙЛЕР 
Собаки;Русская гончая
Собаки;РУССКАЯ ПСОВАЯ БОРЗАЯ 
Собаки;Русская салонная собака
Собаки;Русская цветная болонка
Собаки;Русский спаниель
Собаки;Русский той (гладкошерстный)
Собаки;Русский той (длинношерстный)
Собаки;Русский той-терьер
Собаки;Русский той-терьер длинношерстный
Собаки;Русский черный терьер
Собаки;Русско-европейская лайка
Собаки;РЫЖИЙ БРЕТОНСКИЙ БАССЕТ 
Собаки;Саарлоос вольфхонд (саарлоосский волкодав)
Собаки;САЛЮКИ 
Собаки;САМОЕД 
Собаки;САССЕКС СПАНИЕЛЬ 
Собаки;СЕНБЕРНАР 
Собаки;Сен-жерменский бракк
Собаки;Сен-мигельская овчарка
Собаки;СЕРАЯ НОРВЕЖСКАЯ ЛОСИНАЯ ЛАЙКА 
Собаки;Сербский гонич
Собаки;СЕТТЕР ГОРДОН 
Собаки;Сиба-Ину
Собаки;СИБИРСКИЙ ХАСКИ 
Собаки;СИЛИХЕМ ТЕРЬЕР 
Собаки;СКАЙ ТЕРЬЕР 
Собаки;СКОТЧ ТЕРЬЕР 
Собаки;Словацкий грубошерстный ставач
Собаки;Словацкий копов
Собаки;Словацкий чувач
Собаки;Слюги (арабская борзая)
Собаки;Смоландская гончая
Собаки;Собьезо эспаниоль
Собаки;Среднеазиатская овчарка
Собаки;Средний шнауцер (перец с солью)
Собаки;Средний шнауцер (черный)
Собаки;Стабихун
Собаки;СТАРОАНГЛИЙСКАЯ ОВЧАРКА (бобтейл) 
Собаки;СТАФФОРДШИРСКИЙ БУЛЬТЕРЬЕР 
Собаки;Стаффордширский терьер
Собаки;Суоменлапинкойра
Собаки;СХИПЕРКЕ 
Собаки;Тазы (Казахская борзая)
Собаки;Тайган (Киргизская борзая)
Собаки;Тайский риджбек
Собаки;ТАКСА 
Собаки;Такса миниатюрная г
Собаки;Такса миниатюрная д
Собаки;Такса миниатюрная ж
Собаки;Тибетский мастиф (до-хи, тибетский дог)
Собаки;ТИБЕТСКИЙ СПАНИЕЛЬ 
Собаки;ТИБЕТСКИЙ ТЕРЬЕР 
Собаки;Тирольский бракк
Собаки;Тоcа-Ину
Собаки;ТОЙ ПУДЕЛЬ 
Собаки;Той терьер
Собаки;Той терьер (гладкошерстный)
Собаки;Той-фокстерьер
Собаки;Трехцветная финския гончая
Собаки;УИППЕТ 
Собаки;ФАРАОНОВА СОБАКА 
Собаки;Фила бразилейро
Собаки;ФИЛД СПАНИЕЛЬ 
Собаки;ФИНСКИЙ ШПИЦ 
Собаки;ФЛАНДЕРСКИЙ БУВЬЕ 
Собаки;ФЛАНДРСКАЯ ГОНЧАЯ 
Собаки;ФОКСТЕРЬЕР ГЛАДКОШЕРСТНЫЙ 
Собаки;ФОКСТЕРЬЕР ЖЕСТКОШЕРСТНЫЙ 
Собаки;Фоксхаунд
Собаки;Французская гладкошерстная овчарка (арлекин)
Собаки;Французская гладкошерстная овчарка (черноподпалый)
Собаки;Французская красно-пегая гончая
Собаки;Французская трехцветная гончая
Собаки;Французская черно-пегая гончая
Собаки;Французский бракк - тип гасконский (большой хвост)
Собаки;Французский бракк - тип пиренейский (малый хвост)
Собаки;Французский бульдог
Собаки;Французский жесткошерстный пойнтер-гриффон
Собаки;Французский мягкошерстный пойнтер-гриффон
Собаки;Французский спаниель
Собаки;Хальденстевер
Собаки;Ханаанская собака
Собаки;Харриер
Собаки;ХАСКИ
Собаки;Хигенхунд
Собаки;Ховаварт
Собаки;Хоккайдо
Собаки;Хорватская овчарка
Собаки;ЦВЕРГПИНЧЕР 
Собаки;ЦВЕРГШНАУЦЕР 
Собаки;ЧАУ ЧАУ 
Собаки;Черноподпалый кунхаунд (енотовая собака)
Собаки;ЧЕСАПИК БЭЙ РЕТРИВЕР 
Собаки;Чехословацкий влчак
Собаки;Чешский терьер
Собаки;Чешский фоусек
Собаки;Чинук (chinook)
Собаки;Чирнеко дель Этна (Сицилийская борзая)
Собаки;Чихуахуа
Собаки;ЧИХУАХУА 
Собаки;Шапендуа
Собаки;ШАР ПЕЙ 
Собаки;Шарпланинская овчарка (Македонская овчарка)
Собаки;Шведский вальхунд
Собаки;Шведский лаппхунд
Собаки;Швейцарская гончая
Собаки;ШЕЛТИ 
Собаки;ШИ ТЦУ
Собаки;ШИБА 
Собаки;Шикоку
Собаки;Шипперке (3-5 кг)
Собаки;Шипперке (5-8 кг)
Собаки;ШНАУЦЕР 
Собаки;Шпиц Миниатюрный
Собаки;Шпиц померанский
Собаки;Штирский жесткошерстный бракк
Собаки;Штихельхаар
Собаки;Шьен д артуа
Собаки;Эллинский икнилатис (энтлебухер зенненхунд)
Собаки;Эрдели копо (трансильванский бракк)
Собаки;ЭРДЕЛЬТЕРЬЕР 
Собаки;Эстонская гончая
Собаки;Югославский трехцветный гонич
Собаки;Южноафриканский бурбуль
Собаки;Южнорусская овчарка
Собаки;Ягд-терьер
Собаки;Якутская лайка 
Собаки;Японский терьер (Нихон терьер)
Собаки;Японский Хин
Собаки;Японский шпиц
Хищные;(Гибрид) Барибал, белый медведь
Хищные;(Гибрид) Барибал, бурый медведь
Хищные;(Гибрид) Бурый, белый медведь
Хищные;(Гибрид) Конголезский пятнистый лев
Хищные;(Гибрид) Леопон
Хищные;(Гибрид) Лигр
Хищные;(Гибрид) Лилигр
Хищные;(Гибрид) Марози
Хищные;(Гибрид) Талигр
Хищные;(Гибрид) Тигролев
Хищные;(Гибрид) Ягулев
Хищные;Австралийский морской лев (Neophoca cinerea)
Хищные;Азиатская степная, индийская пустынная кошка (Felis silvestris ornata)
Хищные;Азиатский шакал (Canis aureus)
Хищные;Азиатский, персидский,индийский лев (Panthera leo persica)
Хищные;Амазонская ласка (Mustela africana)
Хищные;Амазонский ягуар (Panthera onca onca) 
Хищные;Американская куница (Martes americana)
Хищные;Американская лисица, Vulpes macrotis
Хищные;Американская норка (Neovison vison)
Хищные;Американские речные выдры (Lontra)
Хищные;Американский барсук (axidea taxus)
Хищные;Американский корсак (Vulpes velox)
Хищные;Американский, черноногий хорёк (Mustela nigripes)
Хищные;Амурский лесной кот (Prionailurus bengalensis euptilurus)
Хищные;Амурский тигр (Panthera tigris altaica)
Хищные;Анатолийский леопард (Panthera pardus tulliana)
Хищные;Ангольская генета (Genetta angolensis)
Хищные;Ангольская кузиманза (Crossarchus ansorgei)
Хищные;Андская кошка (Leopardus jacobitus)
Хищные;Андская лисица (Lycalopex culpaeus)
Хищные;Апеннинский бурый медведь (Ursus arctos marsicanus)
Хищные;Аризонский ягуар (Panthera onca arizonensis)
Хищные;Афганская лисица (Vulpes cana)
Хищные;Африканская ласка, полосатая ласка (Poecilogale albinucha)
Хищные;Африканская лисица (Vulpes pallida)
Хищные;Африканская циветта (Civettictis civetta)
Хищные;Африканский золотой волк (Canis anthus)
Хищные;Африканский леопард (Panthera pardus pardus)
Хищные;Африканский линзанг (Poiana richardsonii)
Хищные;Африканский хорёк (Ictonyx striatus)
Хищные;Багамский енот (P. lotor maynardi)
Хищные;Байкальская нерпа (Pusa sibirica)
Хищные;Барбадосский енот (P. lotor gloveralleni)
Хищные;Барбарийский леопард (Panthera pardus panthera)
Хищные;Барибал (Ursus americanus)
Хищные;Барсуки (Meles meles)
Хищные;Барханная кошка (Felis margarita)
Хищные;Белополосая ласка (Mustela strigidorsa)
Хищные;Белохвостый мангуст (Ichneumia albicauda)
Хищные;Белый медведь (Ursus maritimus)
Хищные;Бенгальская кошка (Prionailurus bengalensis)
Хищные;Бенгальская лисица (Vulpes bengalensis)
Хищные;Бенгальский тигр (Panthera tigris tigris)
Хищные;Берберийский лев (Panthera leo leo) 
Хищные;Бескоготные выдры (Aonyx)
Хищные;Бинтуронг (Arctictis binturong)
Хищные;Болотный мангуст (Herpestes palustris)
Хищные;Большая панда (Ailuropoda melanoleuca)
Хищные;Большая цивета  (Viverra zibetha)
Хищные;Большеухая лисица (Otocyon megalotis)
Хищные;Борнейский, калимантанский дымчатый леопард (Neofelis diardi)
Хищные;Бразильская выдра (Pteronura)
Хищные;Бразильская лисица (Lycalopex vetulus)
Хищные;Бразильский ягуар (Panthera onca palustris)
Хищные;Бурая гиена (Hyaena brunnea)
Хищные;Бурохвостый мунго (Salanoia concolor)
Хищные;Бурый мангуст (Herpestes fuscus)
Хищные;Водяная цивета (Genetta piscivora)
Хищные;Водяной мангуст (Atilax paludinosus)
Хищные;Волк (Canis lupus)
Хищные;Воротничковый мангуст (Herpestes semitorquatus)
Хищные;Восточная бескоготная выдра (Amblonyx)
Хищные;Восточная горная носуха (N. olivacea meridensis)
Хищные;Восточноафриканский, масайский лев (Panthera leo nubica)
Хищные;Восточномексиканский скунс, белоносый скунс (Conepatus leuconotus)
Хищные;Выдровая цивета (Cynogale bennettii)
Хищные;Выдры (Lutra)
Хищные;Гавайский тюлень-монах (Monachus schauinslandi)
Хищные;Галапагосский морской котик (Arctocephalus galapagoensis)
Хищные;Галапагосский морской лев (Zalophus wollebaeki)
Хищные;Гамбийский мангуст (Mungos gambianus)
Хищные;Генета Джонстона (Genetta johnstoni)
Хищные;Гепард (Acinonyx jubatus)
Хищные;Гигантская генета (Genetta victoriae)
Хищные;Гиеновидная собака (Lycaon pictus)
Хищные;Гималайская цивета  (Paguma larvata)
Хищные;Гималайский бурый медведь (Ursus arctos isabellinus)
Хищные;Гималайский медведь (Ursus thibetanus)
Хищные;Гобийский бурый медведь (Ursus arctos gobiensis)
Хищные;Голостопая ласка (Mustela nudipes)
Хищные;Горная носуха (Nasuella olivacea) 
Хищные;Горностай (Mustela erminea)
Хищные;Гребенчатая генетта (Genetta cristata)
Хищные;Гренландский тюлень (Pagophilus groenlandicus)
Хищные;Гривистый волк (Chrysocyon brachyurus)
Хищные;Гризли (Ursus arctos horribilis)
Хищные;Гризон (млекопитающее) (Galictis vittata)
Хищные;Гуадалупский морской котик (Arctocephalus townsendi)
Хищные;Дальневосточный леопард (Panthera pardus orientalis)
Хищные;Дарвиновская лисица (Pseudalopex fulvipes)
Хищные;Динго (C. lupus dingo)
Хищные;Длинномордый тюлень (Halichoerus grypus)
Хищные;Длинноносая кузиманза (Crossarchus obscurus)
Хищные;Длинноносый мангуст (Herpestes naso)
Хищные;Длиннохвостая кошка (Leopardus wiedii)
Хищные;Длиннохвостая ласка (Mustela frenata)
Хищные;Домашняя кошка (Felis silvestris catus)
Хищные;Другая
Хищные;Дымчатый леопард (Neofelis nebulosa) 
Хищные;Европейская норка (Mustela lutreola)
Хищные;Европейский бурый медведь (Ursus arctos arctos)
Хищные;Египетская ласка (Mustela subpalmata)
Хищные;Египетский мангуст (Herpestes ichneumon)
Хищные;Енотовидная собака (Nyctereutes procyonoides)
Хищные;Енот-ракоед (Procyon cancrivorus)
Хищные;Жёлтый мангуст (Cynictis penicillata)
Хищные;Заирская кузиманза (Crossarchus alexandri)
Хищные;Земляной волк (Proteles cristatus)
Хищные;Золотая кошка (Profelis aurata)
Хищные;Зондский вонючий барсук (Mydaus javanensis)
Хищные;Илька, куница-рыболов (Martes pennanti)
Хищные;Индийский леопард (Panthera pardus fusca)
Хищные;Индийский мангуст (Herpestes smithii)
Хищные;Индийский солонгой (Mustela kathiah)
Хищные;Индокитайский леопард (Panthera pardus delacouri)
Хищные;Индокитайский тигр (Panthera tigris corbetti)
Хищные;Ирбис, снежный барс (Uncia uncia) 
Хищные;Ириомотейская кошка (Prionailurus bengalensis iriomotensis)
Хищные;Испанская рысь (Lynx pardinus)
Хищные;Итатси, сахалинский колонок (Mustela itatsi)
Хищные;Кадьяк (Ursus arctos middendorffi)
Хищные;Калан (Enhydra)
Хищные;Калимантанская кошка (Catopuma badia)
Хищные;Калимантанская цивета (Diplogale hosei)
Хищные;Калифорнийский морской лев (Zalophus californianus)
Хищные;Каменная куница, белодушка (Martes foina)
Хищные;Камчатский бурый медведь (Ursus arctos beringianus)
Хищные;Камышовая кошка (Felis chaus)
Хищные;Канадская рысь (Lynx canadensis)
Хищные;Капский морской котик (Arctocephalus pusillus)
Хищные;Каракал (Caracal caracal)
Хищные;Карликовый мангуст (Helogale parvula)
Хищные;Карликовый скунс (Spilogale pygmaea)
Хищные;Каспийская нерпа (Pusa caspica)
Хищные;Катангский лев (Panthera leo bleyenberghi )
Хищные;Кергеленский морской котик (Arctocephalus gazella)
Хищные;Кермодский медведь (Ursus arctos cermoudisus)
Хищные;Кинкажу (Potos flavus)
Хищные;Китайская кошка (Felis silvestris bieti)
Хищные;Китайский тигр (Panthera tigris amoyensis)
Хищные;Коати (Nasua narica)
Хищные;Койот (Canis latrans)
Хищные;Колонок (Mustela sibirica)
Хищные;Колумбийская ласка (Mustela felipei)
Хищные;Кольцехвостый мунго (Galidia elegans)
Хищные;Кольчатая нерпа, акиба (Pusa hispida)
Хищные;Короткохвостый мангуст (Herpestes brachyurus)
Хищные;Корсак (Vulpes corsac)
Хищные;Косумельский енот (Procyon pygmaeus)
Хищные;Кошка Жоффруа (Leopardus geoffroyi)
Хищные;Кошка Темминка (Catopuma temmincki)
Хищные;Кошка-рыболов (Prionailurus viverrinus)
Хищные;Красный волк (Cuon alpinus)
Хищные;Крошечный мангуст (Helogale hirtula)
Хищные;Крупнопятнистая цивета (Viverra megaspila)
Хищные;Кустарниковая собака (Speothos venaticus)
Хищные;Лесная генетта (Genetta pardina)
Хищные;Лесная кошка (Felis silvestris)
Хищные;Лесная куница, желтодушка (Martes martes)
Хищные;Лесной, чёрный хорёк (Mustela putorius)
Хищные;Либерийский мангуст (Liberiictis kuhni)
Хищные;Ливийская, степная кошка (Felis silvestris lybica)
Хищные;Линейчатый мунго (Mungotictis decemlineata)
Хищные;Лисица рыжая, обыкновенная (Vulpes vulpes)
Хищные;Ложная генета (Genetta thierryi)
Хищные;Майконг (Cerdocyon thous)
Хищные;Малайский медведь (Helarctos malayanus)
Хищные;Малайский тигр (Panthera tigris jacksoni)
Хищные;Малая лисица (Atelocynus microtis)
Хищные;Малая цивета  (Viverricula indica)
Хищные;Малая, красная панда (Ailurus fulgens).
Хищные;Малый гризон (Galictis cuja)
Хищные;Малый мангуст (Herpestes auropunctatus)
Хищные;Малый скунс (Spilogale gracilis)
Хищные;Мангуст Джексона (Bdeogale jacksoni)
Хищные;Мангуст Дыбовского (Dologale dybowskii)
Хищные;Мангуст-крабоед (Herpestes urva)
Хищные;Манул (Felis manul)
Хищные;Медведь-губач (Melursus ursinus)
Хищные;Медоед (Mellivora capensis)
Хищные;Мексиканский скунс (Mephitis macroura)
Хищные;Мексиканский ягуар (Panthera onca hernandesii)  
Хищные;Мелкозубый мунго (Eupleres goudotii)
Хищные;Морж (Odobenidae) 
Хищные;Морской заяц, лахтак (Erignathus barbatus)
Хищные;Морской леопард(Hydrurga leptonyx)
Хищные;Мраморная кошка (Pardofelis marmorata)
Хищные;Мунго Грандидье (Galidictis grandidieri)
Хищные;Мунго Даррелла (Salanoia durrelli)
Хищные;Мусанг (Paradoxurus hermaphroditus)
Хищные;Нилгирская харза (Martes gwatkinsii)
Хищные;Новозеландский морской котик (Arctocephalus forsteri)
Хищные;Новозеландский морской лев (Phocarctos hookeri)
Хищные;Носуха Нельсона (N. narica nelsoni)
Хищные;Обыкновенная генетта (Genetta genetta)
Хищные;Обыкновенная ласка (Mustela nivalis)
Хищные;Обыкновенная носуха (Nasua nasua)
Хищные;Обыкновенный мангуст (Herpestes edwardsii)
Хищные;Обыкновенный тюлень (Phoca vitulina)
Хищные;Олинго Аллена (Bassaricyon alleni)
Хищные;Онцилла (Leopardus tigrinus)
Хищные;Островная лисица (Urocyon littoralis)
Хищные;Оцелот (Leopardus pardalis)
Хищные;Очковый медведь (Tremarctos ornatus) 
Хищные;Палаванский вонючий барсук  (Mydaus marchei)
Хищные;Пальмовая цивета, циветта (Nandinia binotata), 
Хищные;Пампасская кошка (Leopardus colocolo)
Хищные;Парагвайская лисица (Lycalopex gymnocercus)
Хищные;Парагвайский ягуар (Panthera onca paraguensis)
Хищные;Патагонская ласка (Lyncodon patagonicus)
Хищные;Перевязка (Vormela peregusna)
Хищные;Переднеазиатский леопард (Panthera pardus ciscaucasica)
Хищные;Персидский леопард (Panthera pardus saxicolor)
Хищные;Перуанский ягуар (Panthera onca peruvianus) 
Хищные;Песец (Alopex lagopus)
Хищные;Песчаная лисица (Vulpes rueppelli)
Хищные;Полосатая гиена (Hyaena hyaena)
Хищные;Полосатая цивета (Hemigalus derbyanus)
Хищные;Полосатошейный мангуст (Herpestes vitticollis)
Хищные;Полосатый линзанг (Prionodon linsang)
Хищные;Полосатый мангуст (Mungos mungo)
Хищные;Полосатый скунс (Mephitis mephitis)
Хищные;Полосатый тюлень, крылатка (Histriophoca fasciata)
Хищные;Полосатый шакал (Canis adustus)
Хищные;Полуполосый скунс (Conepatus semistriatus)
Хищные;Пума (Puma concolor)
Хищные;Пушистохвостый мангуст (Bdeogale crassicauda)
Хищные;Пушистохвостый олинго (Bassaricyon gabbii)
Хищные;Пятнистая генета (Genetta maculata)
Хищные;Пятнистая гиена (Crocuta crocuta)
Хищные;Пятнисто-рыжая кошка (Prionailurus rubiginosus)
Хищные;Пятнистый линзанг (Prionodon pardicolor)
Хищные;Пятнистый скунс (Spilogale putoriu)
Хищные;Пятнистый тюлень, ларга (Phoca largha)
Хищные;Пятнистый южный скунс (Spilogale angustifrons)
Хищные;Росомаха (Gulo gulo)
Хищные;Рыжая рысь (Lynx rufus)
Хищные;Рыжеватый мангуст (Galerella flavescens)
Хищные;Рыжий волк (Canis lupus rufus)
Хищные;Рысь обыкновенная (Lynx lynx)
Хищные;Севернокитайский леопард (Panthera pardus japonensis)
Хищные;Северный морской котик (Callorhinus ursinus)
Хищные;Северный морской слон (Mirounga angustirostris)
Хищные;Североамериканский какомицли (Bassariscus astutus)
Хищные;Североафриканская ласка, пятнистый хорёк (Poecilictis libyca)
Хищные;Североконголезский лев (Panthera leo azandica)
Хищные;Секуранская лисица (Lycalopex sechurae)
Хищные;Сенегальский (Panthera leo senegalensis)
Хищные;Серая лисица (Urocyon cinereoargenteus)
Хищные;Сервал (Leptailurus serval)
Хищные;Серваловая генета (Genetta servalina)
Хищные;Серый мангуст (Paracynictis selousi)
Хищные;Сибирский бурый медведь (Ursus arctos collaris)
Хищные;Сивуч (Eumetopias jubatus)
Хищные;Синайский леопард (Panthera pardus jarvisi)
Хищные;Сирийский бурый медведь (Ursus arctos syriacus)
Хищные;Скунс Гумбольдта (Conepatus humboldtii)
Хищные;Собака (C. lupus familiaris)
Хищные;Соболь (Martes zibellina)
Хищные;Солонгой (Mustela altaica)
Хищные;Степной, светлый хорёк (Mustela eversmanni)
Хищные;Стройный мангуст (Galerella sanguinea)
Хищные;Субтропический морской котик (Arctocephalus tropicalis)
Хищные;Сулавесская цивета (Macrogalidia musschenbroekii)
Хищные;Суматранская кошка (Prionailurus planiceps)
Хищные;Суматранский тигр (Panthera tigris sumatrae)
Хищные;Сурикат (Suricata suricatta)
Хищные;Тайра (Eira barbara)
Хищные;Тангалунга (Viverra tangalunga)
Хищные;Теледу (Arctonyx)
Хищные;Техасский ягуар (Panthera onca veracrucis) 
Хищные;Тибетская лисица (Vulpes ferrilata)
Хищные;Тибетский бурый медведь (Ursus arctos pruinosus)
Хищные;Тигровая генетта (Genetta tigrina)
Хищные;Тресмариасский енот (P. lotor insularis)
Хищные;Трёхполосая цивета  (Arctogalidia trivirgata)
Хищные;Тюлень Росса (Ommatophoca rossi)
Хищные;Тюлень Уэдделла (Leptonychotes weddellii)
Хищные;Тюлень-крабоед (Lobodon carcinophagus)
Хищные;Тюлень-монах, белобрюхий тюлень, (Monachus monachus)
Хищные;Тюлень-хохлач (Cystophora cristata)
Хищные;Умби (Rhynchogale melleri)
Хищные;Фаналука (Fossa fossana)
Хищные;Фенек (Vulpes zerda, Fennecus zerda)
Хищные;Фернандесский морской котик (Arctocephalus philippii)
Хищные;Фосса (Cryptoprocta ferox)
Хищные;Харза, желтогрудая куница (Martes flavigula)
Хищные;Хорьковые барсуки (Melogale)
Хищные;Цейлонский леопард (Panthera pardus kotiya)
Хищные;Центральноамериканский какомицли (Bassariscus sumichrasti)
Хищные;Центральноамериканский ягуар (Panthera onca centralis)
Хищные;Цивета Оустона (Chrotogale owstoni)
Хищные;Чепрачный шакал (Canis mesomelas)
Хищные;Чернобурая лисица
Хищные;Черноногая кошка (Felis nigripes)
Хищные;Черноногий мангуст (Bdeogale nigripes)
Хищные;Чилийская кошка (Leopardus guigna)
Хищные;Широкополосый мунго (Galidictis fasciata)
Хищные;Шри-ланкский мусанг (Paradoxurus zeylonensis)
Хищные;Эфиопская генета (Genetta abyssinica)
Хищные;Эфиопский шакал (Canis simensis)
Хищные;Юго-восточный африканский, трансваальский лев (Panthera leo krugeri )
Хищные;Южноамериканская лисица (Lycalopex griseus)
Хищные;Южноамериканский морской котик (Arctocephalus australis)
Хищные;Южноамериканский скунс (Conepatus chinga)
Хищные;Южноаравийский леопард (Panthera pardus nimr)
Хищные;Южноафриканская дикая кошка (Felis silvestris cafra)
Хищные;Южноафриканская лисица (Vulpes chama)
Хищные;Южноафриканский мангуст (Galerella pulverulenta)
Хищные;Южноиндийский мусанг (Paradoxurus jerdoni)
Хищные;Южный морской лев (Otaria flavescens)
Хищные;Южный морской слон (Mirounga leonina)
Хищные;Яванский колонок (Mustela lutreolina)
Хищные;Яванский леопард (Panthera pardus melas)
Хищные;Яванский мангуст (Herpestes javanicus)
Хищные;Ягуар Голдмана (Panthera onca goldmani)
Хищные;Ягуарунди (Puma yaguaroundi)
Хищные;Японский бурый медведь (Ursus arctos yesoensis)
Хищные;Японский соболь (Martes melampus)
Хорьки;Другая
Хорьки;Фретка (Mustela putorius furo)
Хорьки;Фуро (Mustela putorius furo) альбинос
Хорьки;Хонурик
Хорьки;Хорек домашний
Хорьки;Хорефретка
Кошки;Беспородная
Кошки;Мексиканская
Кролики;Американский
Кролики;Цветной карлик
Лошади;Англо-арабская порода
Собаки;Австралийская борзая (Кенгуровая собака)
Собаки;Американский эскимосский шпиц
Собаки;Английская овчарка
Собаки;Английский водяной спаниель
Собаки;Белый английский терьер
Собаки;Большая древесная гончая
Собаки;Гончая Плотта
Собаки;Другая
Собаки;Каракачанская собака (Болгарская овчарка)
Собаки;Лаготто-романьоло (Итальянская водяная собака)
Собаки;Ландсир
Собаки;Ланкаширский хилер
Собаки;Московский дракон
Собаки;Ретривер
Собаки;Румынская карпатская овчарка
Собаки;Русская пегая гончая
Собаки;Рэт-терьер
Собаки;Итальянская гончая (Сегуджио итальяно)
Собаки;Сикоку (Коти-ину)
Собаки;Такса гладкошерстная
Собаки;Такса длинношерстная
Собаки;Такса жесткошерстная
Собаки;Такса кроличья
Собаки;Хортая борзая
Собаки;Цвергшпиц
Собаки;Шпиц
Собаки;Канадская эскимосская собака (Эскимосская лайка)
Птицы;Армавирский белоголовый космач (голуби)
