Текущий вид;Текущая порода;Новый вид;Новая порода;Комментарий;;
белка;*;Грызуны;Белка (Sciurus);;;
белка летяга;*;Грызуны;Обыкновенная летяга (Pteromys volans);;;
голуби;армавирский белоголовый космач;Птицы;Армавирский белоголовый космач (голуби);нет пород голубей в AnimalID, ляжет к AnimalID в конфликты;;
голуби;*;Птицы;Голуби;;;
гуси;*;Птицы;Гуси;;;
дегу;*;Грызуны;Дегу, кустарниковая белка (Octodon degus);;;
енот;*;Хищные;Енот-полоскун (Procyon lotor) ;;;
иные животные;другая;Иные животные;Другая;Нет обмена с AnimalID;;
иные животные;;Иные животные;;Нет обмена с AnimalID;;
козы;;Козы;;;;
кошки;абиссинская;Кошки;Абиссинская короткошерстная;;;
кошки;американская жесткошерстная;Кошки;Американская жесткошерстная;;;
кошки;американская короткошерстная;Кошки;Американская короткошерстная;;;
кошки;американский бобтейл;Кошки;Американский бобтейл длинношерстный;;;
кошки;американский кёрл;Кошки;Американский кёрл длинношерстный;;;
кошки;ангорская;Кошки;Ангора британская;;;
кошки;балинезийская;Кошки;Балинезийская;;;
кошки;бенгальская;Кошки;Бенгальская короткошерстная (Бенгал);;;
кошки;беспородная;Кошки;Беспородная;нет в справочнике AnimalID;;
кошки;бирма;Кошки;Бирманская (Священная Бирма);;;
кошки;бирманская пятнисто-краповая;Кошки;Бирманская (Священная Бирма);;;
кошки;бомбейская;Кошки;Бомбей;;;
кошки;британская голубая;Кошки;Британская голубая;;;
кошки;британская короткошерстная;Кошки;Британская короткошерстная;;;
кошки;бурма;Кошки;Бурманская;;;
кошки;бурмилла;Кошки;Бурмилла;;;
кошки;гаванна;Кошки;Гавана браун;;;
кошки;герман рекс;Кошки;Герман-рекс;;;
кошки;девон рекс;Кошки;Девон-рекс;;;
кошки;домашняя;Кошки; Домашние кошки;;;
кошки;донский сфинкс;Кошки;Донской сфинкс;;;
кошки;другая;Кошки; Другая;;;
кошки;европейская короткошерстная;Кошки;Европейская короткошерстная;;;
кошки;египетская мау;Кошки;Египетский мау;;;
кошки;канадский сфинкс;Кошки;Канадский сфинкс ;;;
кошки;кимрик;Кошки;Кимрик (длинношерстный манкс);;;
кошки;корат;Кошки;Корат;;;
кошки;корниш-рекс;Кошки;Корниш-рекс;;;
кошки;курильский бобтейл;Кошки;Курильский бобтейл длинношерстный;;;
кошки;манкс;Кошки;Манкс (Мэнская бесхвостая);;;
кошки;манчкин;Кошки;Манчкин длинношерстный;;;
кошки;мейн кун;Кошки;Мэйн-Кун (Мэнская енотовая);;;
кошки;меконгский бобтейл;Кошки;Макегонский бобтейл;;;
кошки;мексиканская;Кошки;Мексиканская;нет в справочнике AnimalID;;
кошки;метис;Кошки;Метис;;;
кошки;мингонский бобтейл;Кошки;Меконг;;;
кошки;мэйн кун;Кошки;Мэйн-Кун (Мэнская енотовая);;;
кошки;невская маскарадная;Кошки;Невская маскарадная;;;
кошки;норвежская лесная дымчато-голубая;Кошки;Норвежская лесная (Ског кэт);;;
кошки;ориенталская короткошерстная;Кошки;Ориентальная длинношерстная;;;
кошки;ориентальская длинношерстная;Кошки;Ориентальная короткошерстная;;;
кошки;охос азулес;Кошки;Охос Азулес;;;
кошки;оцикет;Кошки;Оцикет;;;
кошки;персидская;Кошки;Персидская;;;
кошки;пиксибоб;Кошки;Пикси-боб;;;
кошки;русская голубая;Кошки;Русская голубая;;;
кошки;рэгдол;Кошки;Рэгдолл (Тряпичная кукла);;;
кошки;селкирк-рекс;Кошки;Селкирк рекс;;;
кошки;сиамская;Кошки;Сиамская короткошерстная;;;
кошки;сибирская;Кошки;Сибирская;;;
кошки;сингапура;Кошки;Сингапура;;;
кошки;скоттиш страйт;Кошки;Скоттиш-страйт (с обычными ушами);;;
кошки;скоттиш фолд;Кошки;Скоттиш-Фолд длинношерстный;;;
кошки;сноу-шу;Кошки;Сноу-Шу;;;
кошки;сомали;Кошки;Сомали;;;
кошки;сфинкс;Кошки;Донской сфинкс;;;
кошки;тайская;Кошки;Тайская кошка;;;
кошки;тифани;Кошки;Тиффани (Бурма длинношерстная);;;
кошки;тонкинез;Кошки;Тонкинез Tonkinese;;;
кошки;турецкий ван;Кошки;Турецкий ван;;;
кошки;цейлонская;Кошки;Цейлон;;;
кошки;шартрез;Кошки;Шартрез;;;
кошки;шиншилла;Кошки;Шиншилла;;;
кошки;шотландская вислоухая;Кошки;Шотландская вислоухая длинношерстная;;;
кошки;экзотическая короткошерстная;Кошки;Экзотическая короткошерстная;;;
кошки;японский бобтейл;Кошки;Японский бобтейл длинношерстный;;;
кошки;;Кошки;;;;
кролики;американский;Кролики;Американский;нет в справочнике AnimalID;;
кролики;английский баран;Кролики;Баран английский;;;
кролики;ангорский;Кролики;Ангорский кролик;;;
кролики;бургундский;Кролики;Бургундский кролик;;;
кролики;венский белый;Кролики;Венский белый кролик;;;
кролики;венский серый;Кролики;Венский кролик;;;
кролики;вислоухий баран;Кролики;Баран;;;
кролики;голландский;Кролики;Голландский кролик;;;
кролики;заячий;Кролики;Заячий кролик;;;
кролики;карликовая бабочка;Кролики;Карликовая бабочка;;;
кролики;карликовый баран;Кролики;Баран карликовый;;;
кролики;карликовый лисий;Кролики;Карликовый лисий кролик;;;
кролики;карликовый рекс;Кролики;Рекс карликовый;;;
кролики;крупный баран;Кролики;Баран крупный;;;
кролики;марбургская белка;Кролики;Марбургская белка;;;
кролики;мардер;Кролики;Рекс мардер;;;
кролики;мекленбургский пятнистый;Кролики;Макленбургский пятнистый кролик;;;
кролики;мелкий пятнистый;Кролики;Английский пятнистый кролик;;;
кролики;рекс;Кролики;Рекс (коротковолосый кролик);;;
кролики;русский;Кролики;Русский горностаевый кролик (гималайский кролик);;;
кролики;цветной карлик;Кролики;Цветной карлик;нет в справочнике AnimalID;;
кролики;;Кролики;;;;
крысы;*;Грызуны;Крысы (Rattus);;;
курицы;*;Птицы;Домашняя курица (Gallus gallus domesticus);;;
лошадь;англо-арабская порода;Лошади;Англо-арабская порода;нет в справочнике AnimalID;;
лошадь;арабская чистокровная лошадь;Лошади;Арабская чистокровная порода;;;
лошадь;ахалтекинская лошадь (ахалтекинец);Лошади;Ахалтекинская порода;;;
лошадь;буденовская лошадь;Лошади;Буденновская порода;;;
лошадь;ганноверская порода;Лошади;Ганноверская порода;;;
лошадь;голландская упряжная лошадь;Лошади;Голландская упряжная порода;;;
лошадь;голштинская лошадь;Лошади;Голштинская порода;;;
лошадь;латвийская упряжная лошадь;Лошади;Латвийская порода;;;
лошадь;литовская тяжелоупряжная лошадь;Лошади;Литовская тяжелоупряжная порода;;;
лошадь;ольденбургская лошадь;Лошади;Ольденбургская порода;;;
лошадь;орловский pысак;Лошади;Орловский рысак;;;
лошадь;пони;Лошади;Дартмурский пони;;;
лошадь;русская рысистая лошадь;Лошади;Русская рысистая порода;;;
лошадь;русская тяжеловозная лошадь;Лошади;Русский тяжеловоз;;;
лошадь;тракененская лошадь;Лошади;Тракененская порода;;;
лошадь;шетландский пони;Лошади;Шетландские (шетлендские) пони;;;
лошадь;эстонская лошадь;Лошади;Эстонская местная порода;;;
лошадь;;Лошади;;;;
морские свинки;американский крестед;Грызуны;Морская свинка (Американский крестед);;;
морские свинки;английский крестед;Грызуны;Морская свинка (Английский крестед);;;
морские свинки;гималайцы;Грызуны;Морская свинка (Гималайцы);;;
морские свинки;двухцветные;Грызуны;Морская свинка (Двухцветные);;;
морские свинки;коронет;Грызуны;Морская свинка (Коронет);;;
морские свинки;мерино;Грызуны;Морская свинка (Мерино);;;
морские свинки;рекс;Грызуны;Морская свинка (Рекс);;;
морские свинки;скинни;Грызуны;Морская свинка (Скинни);;;
морские свинки;трехцветные;Грызуны;Морская свинка (Трёхцветные);;;
морские свинки;чалые;Грызуны;Морская свинка (Чалые);;;
морские свинки;шелти;Грызуны ;Морская свинка (Шелти);;;
морские свинки;;Грызуны;Морская свинка (Cavia porcellus);;;
мышь;*;Грызуны;Мыши (Muridae);;;
насекомые энтомофаги;;Насекомые энтомофаги;;Нет обмена с AnimalID;;
овцы;;Овцы;;;;
паукообразные;;Паукообразные;;Нет обмена с AnimalID;;
песчанка;*;Грызуны;Песчанки (Gerbillinae);;;
попугай;волнистый попугай;Птицы;Волнистый попугайчик (Melopsittacus undulatus);;;
попугай;жако;Птицы;Жако, серый попугай (Psittacus erithacus);;;
попугай;какарики (cyanoramphus);Птицы;Какарики, Антиподский прыгающий попугай (Cyanoramphus unicolor);;;
попугай;мускусные лорикеты (glossopsitta);Птицы;Мускусный лорикет (Glossopsitta concinna);;;
попугай;неразлучники (agapornis);Птицы;Неразлучники (Agapornis);;;
попугай;нимфа или карелла (nymphicus);Птицы;Корелла (Nymphicus hollandicus);;;
попугай;*;Птицы;Попугай;;;
птицы;ворон;Птицы;Ворон (Corvus corax);;;
птицы;;Птицы;;;;
рептилии;;Рептилии;;;;
свиньи;;Свиньи;;;;
собаки;австралийская борзая, кенгуровая;Собаки;Австралийская борзая (Кенгуровая собака);нет в справочнике AnimalID;;
собаки;австралийская овчарка;Собаки;АВСТРАЛИЙСКАЯ ОВЧАРКА ;;;
собаки;австралийский терьер;Собаки;АВСТРАЛИЙСКИЙ ТЕРЬЕР ;;;
собаки;азавак;Собаки;Азавак;;;
собаки;аиди, атласская овчарка;Собаки;Аиди (атласская овчарка);;;
собаки;айну;Собаки;Хоккайдо;;;
собаки;акбаш;Собаки;Акбаш;;;
собаки;акита ину;Собаки;Акита-Ину;;;
собаки;акита-ину;Собаки;Акита-Ину;;;
собаки;Акита - ину;Собаки;Акита-Ину;;;
собаки;алабай;Собаки;Среднеазиатская овчарка;;;
собаки;альпийский спаниель;Собаки;КЛАМБЕР СПАНИЕЛЬ ;;;
собаки;аляскинский маламут;Собаки;АЛЯСКИНСКИЙ МАЛАМУТ ;;;
собаки;американский бульдог;Собаки;Американский бульдог;;;
собаки;американский водяной спаниель;Собаки;Американский водяной спаниель;;;
собаки;американский кокер спаниель;Собаки;АМЕРИКАНСКИЙ КОКЕР СПАНИЕЛЬ ;;;
собаки;американский питбультерьер;Собаки;Американский питбультерьер;;;
собаки;американский стафордшир-терьер;Собаки;Американский Стаффордширский Терьер;;;
собаки;американский той-фокстерьер;Собаки;Той-фокстерьер;;;
собаки;американский фоксхаунд;Собаки;Американский фоксхаунд;;;
собаки;американский эскимоский шпиц;Собаки;Американский эскимосский шпиц;нет в справочнике AnimalID;;
собаки;анатолийский карабаш;Собаки;Кобан кёпежи (анатолийская овчарка);;;
собаки;английская овчарка;Собаки;Английская овчарка;нет в справочнике AnimalID;;
собаки;английский бульдог;Собаки;Английский бульдог;;;
собаки;английский водяной спаниель;Собаки;Английский водяной спаниель;нет в справочнике AnimalID;;
собаки;английский кокер спаниель;Собаки;АНГЛИЙСКИЙ КОКЕР СПАНИЕЛЬ ;;;
собаки;английский мастиф;Собаки;Английский мастиф (English Mastiff);;;
собаки;английский пойнтер;Собаки;ПОЙНТЕР ;;;
собаки;английский сеттер;Собаки;АНГЛИЙСКИЙ СЕТТЕР ;;;
собаки;английский спрингер-спаниель;Собаки;АНГЛИЙСКИЙ СПРИНГЕР СПАНИЕЛЬ ;;;
собаки;английский той-терьер;Собаки;АНГЛИЙСКИЙ ТОЙ ТЕРЬЕР (ЧЕРНО-ПОДПАЛЫЙ) ;;;
собаки;аппенцеллер;Собаки;Аппенцеллер зенненхунд;;;
собаки;аргентинский дог;Собаки;Аргентинский дог;;;
собаки;артезиано-нормандский бассет;Собаки;Артезиано-нормандский бассет;;;
собаки;арьежская гончая;Собаки;Арьежуа;;;
собаки;афганская борзая;Собаки;АФГАНСКАЯ БОРЗАЯ ;;;
собаки;афганская гончая;Собаки;АФГАНСКАЯ БОРЗАЯ ;;;
собаки;аффенпинчер;Собаки;АФФЕНПИНЧЕР ;;;
собаки;баварская горная гончая;Собаки;Баварская следовая гончая;;;
собаки;балканская гончая;Собаки;Сербский гонич;;;
собаки;барбе;Собаки;Барбе;;;
собаки;басенджи;Собаки;БАСЕНДЖИ ;;;
собаки;баскетмейкер;Собаки;Баскетмейкер;;;
собаки;бассетхаунд;Собаки;БАССЕТ ХАУНД ;;;
собаки;беардед колли (хайланд колли);Собаки;БОРОДАТАЯ КОЛЛИ ;;;
собаки;бедлингтон терьер;Собаки;БЕДЛИНГТОН ТЕРЬЕР ;;;
собаки;белый английский терьер;Собаки;Белый английский терьер;нет в справочнике AnimalID;;
собаки;бельгийская лакенуа;Собаки;БЕЛЬГИЙСКАЯ ОВЧАРКА (лакенуа) ;;;
собаки;бельгийская малинуа;Собаки;БЕЛЬГИЙСКАЯ ОВЧАРКА (малинуа) ;;;
собаки;бельгийский гриффон;Собаки;Бельгийский гриффон;;;
собаки;бельгийский грюнендаль;Собаки;БЕЛЬГИЙСКАЯ ОВЧАРКА (грюнендаль) ;;;
собаки;бельгийский тервюрен;Собаки;БЕЛЬГИЙСКАЯ ОВЧАРКА (тервюрен) ;;;
собаки;бергамаско, бергамская овчарка;Собаки;Бергамаскер;;;
собаки;бернский зенненхунд;Собаки;БЕРНСКИЙ ЗЕННЕНХУНД ;;;
собаки;беспородная;Собаки;Беспородная;;;
собаки;бигль;Собаки;БИГЛЬ ;;;
собаки;бишон фризе;Собаки;БИШОН ФРИЗЕ ;;;
собаки;бладхаунд;Собаки;Бладхаунд (шьен де сен-юбер);;;
собаки;блю лейси;Собаки;Блю-лейси (blue lacy);;;
собаки;бобтейл, староанглийская овчарка;Собаки;СТАРОАНГЛИЙСКАЯ ОВЧАРКА (бобтейл) ;;;
собаки;боксёр;Собаки;НЕМЕЦКИЙ БОКСЕР ;;;
собаки;Болонка;Собаки;Болонка;;;
собаки;болонский бишон;Собаки;Болонский Бишон (Болоньез);;;
собаки;большая голубая гасконская гончая;Собаки;Большая голубая гасконская гончая;;;
собаки;большая древесная гончая;Собаки;Большая древесная гончая;нет в справочнике AnimalID;;
собаки;большая пиринейская собака;Собаки;ПИРЕНЕЙСКАЯ ГОРНАЯ СОБАКА ;;;
собаки;большая швейцарская горная пасту;Собаки;Большой швейцарский зенненхунд;;;
собаки;большой вандейский гриффон;Собаки;БОЛЬШОЙ ВАНДЕЙСКИЙ БАССЕТ-ГРИФОН ;;;
собаки;большой немецкий шпиц;Собаки;НЕМЕЦКИЙ ШПИЦ ;;;
собаки;бордер колли;Собаки;БОРДЕР КОЛЛИ ;;;
собаки;бордер терьер;Собаки;БОРДЕР ТЕРЬЕР ;;;
собаки;бордосский дог (французский мастифф);Собаки;Бордоский дог;;;
собаки;борзой, русская псовая борзая;Собаки;РУССКАЯ ПСОВАЯ БОРЗАЯ ;;;
собаки;босерон;Собаки;Французская гладкошерстная овчарка (черноподпалый);;;
собаки;бостон-терьер;Собаки;БОСТОН ТЕРЬЕР ;;;
собаки;брабансон;Собаки;Пти Брабансон;;;
собаки;бретонский эпаньоль;Собаки;БРЕТОНСКИЙ ЭПАНЬОЛ ;;;
собаки;бриар;Собаки;БРИАР ;;;
собаки;брюссельский гриффон;Собаки;БРЮССЕЛЬСКИЙ ГРИФФОН ;;;
собаки;бульмастиф;Собаки;Бульмастиф;;;
собаки;бультерьер;Собаки;БУЛЬТЕРЬЕР ;;;
собаки;бультерьер миниатюрный;Собаки;Бультерьер миниатюрный;;;
собаки;бурбонский брак;Собаки;Бурбонский бракк;;;
собаки;бурбуль;Собаки;Южноафриканский бурбуль;;;
собаки;веймаренер;Собаки;ВЕЙМАРАНЕР ;;;
собаки;Вельш корги;Собаки;Вельш корги;;;
собаки;вельш корги кардиган;Собаки;Вельш корги кардиган;;;
собаки;вельш корги пемброук;Собаки;Вельш корги пемброк;;;
собаки;вельш-терьер;Собаки;ВЕЛЬШ ТЕРЬЕР ;;;
собаки;вестфальский таксообразный брак;Собаки;Вестфальский таксообразный бракк;;;
собаки;вест хайленд уайт терьер;Собаки;ВЕСТ ХАЙЛЕНД ВАЙТ ТЕРЬЕР ;;;
собаки;ветерхаунд, голландский спаниель;Собаки;Веттерхун (голландский водяной спаниель);;;
собаки;восточно-европейская овчарка;Собаки;Восточно-европейская овчарка;;;
собаки;восточносибирская лайка;Собаки;Восточно-сибирская лайка;;;
собаки;выжла, венгерская легавая;Собаки;ВЕНГЕРСКАЯ КОРОТКОШЕРСТНАЯ ЛЕГАВАЯ ;;;
собаки;гаванский бишон;Собаки;Бишон хаванез;;;
собаки;германский дратхаар;Собаки;НЕМЕЦКИЙ ДРАТХААР ;;;
собаки;гладкошерстный ретривер;Собаки;ПРЯМОШЕРСТНЫЙ РЕТРИВЕР ;;;
собаки;гладкошерстный фокстерьер;Собаки;ФОКСТЕРЬЕР ГЛАДКОШЕРСТНЫЙ ;;;
собаки;голая собака инков;Собаки;Перуанская голая собака (средняя);;;
собаки;голландская овчарка;Собаки;Голландская овчарка (длинношерстная);;;
собаки;голубой пикардийский эпаньоль;Собаки;Голубой пикардийский спаниель;;;
собаки;голубой хиллер;Собаки;АВСТРАЛИЙСКИЙ ХИЛЕР ;;;
собаки;гончая плотта;Собаки;Гончая Плотта;нет в справочнике AnimalID;;
собаки;гордон-сеттер;Собаки;СЕТТЕР ГОРДОН ;;;
собаки;гранди поденгу португезу;Собаки;Португальский поденго (гладкошерстный);;;
собаки;грейхаунд;Собаки;ГРЕЙХАУНД ;;;
собаки;Гриффон;Собаки;Гриффон;;;
собаки;гриффон кортальса;Собаки;Гриффон Кортальса;;;
собаки;далматин;Собаки;ДАЛМАТИН ;;;
собаки;датский брохольмер;Собаки;Брохолмер;;;
собаки;денди-динмонт терьер;Собаки;ДЕНДИ ДИНМОНТ ТЕРЬЕР ;;;
собаки;джек рассел терьер;Собаки;Джек-рассел-терьер;;;
собаки;джек-рассел-терьер;Собаки;Джек-рассел-терьер;;;
собаки;Доберман;Собаки;Доберман;;;
собаки;доберман-пинчер;Собаки;Доберман-пинчер;;;
собаки;дратхаар;Собаки;НЕМЕЦКИЙ ДРАТХААР ;;;
собаки;древер;Собаки;Древер;;;
собаки;другая;Собаки;Другая;нет в справочнике AnimalID;;
собаки;западно-сибирская лайка;Собаки;Западно-сибирская лайка;;;
собаки;золотистый ретривер;Собаки;ЗОЛОТИСТЫЙ РЕТРИВЕР ;;;
собаки;ирландский водяной спаниель;Собаки;ИРЛАНДСКИЙ ВОДНЫЙ СПАНИЕЛЬ ;;;
собаки;ирландский волкодав (вольфхаунд);Собаки;ИРЛАНДСКИЙ ВОЛКОДАВ ;;;
собаки;ирландский красно-белый сеттер;Собаки;ИРЛАНДСКИЙ КРАСНЫЙ И БЕЛЫЙ СЕТТЕР ;;;
собаки;ирландский сеттер;Собаки;ИРЛАНСКИЙ СЕТТЕР ;;;
собаки;ирландский терьер;Собаки;ИРЛАНДСКИЙ ТЕРЬЕР ;;;
собаки;испанский брак, испанская легавая;Собаки;Бургосский пойнтер;;;
собаки;испанский мастиф;Собаки;Испанский мастиф;;;
собаки;итальянский брак;Собаки;Итальянский бракк (бело-оранжевый);;;
собаки;йемтхунд, шведский элкхаунд;Собаки;Емтхунд;;;
собаки;йоркширский терьер;Собаки;ЙОРКШИРСКИЙ ТЕРЬЕР ;;;
собаки;кавказская овчарка;Собаки;Кавказская овчарка;;;
собаки;ка де бо;Собаки;Перро дого майоркин (ка де бо);;;
собаки;кангал;Собаки;Кобан кёпежи (анатолийская овчарка);;;
собаки;кан ди агуа;Собаки;ПОРТУГАЛЬСКАЯ ВОДНАЯ СОБАКА ;;;
собаки;кане корсо;Собаки;Кане корсо;;;
собаки;каракачанская овчарка;Собаки;Каракачанская собака (Болгарская овчарка);нет в справочнике AnimalID;;
собаки;карело-финская лайка;Собаки;Карело-Финская лайка;;;
собаки;карликовый пинчер;Собаки;Карликовый пинчер;;;
собаки;кеесхонд;Собаки;Вольфшпиц;;;
собаки;келпи;Собаки;Келпи;;;
собаки;керн-терьер;Собаки;КЕРН ТЕРЬЕР ;;;
собаки;керри блю терьер;Собаки;КЕРРИ БЛЮ ТЕРЬЕР ;;;
собаки;китайская хохлатая собака;Собаки;КИТАЙСКАЯ ХОХЛАТАЯ СОБАКА ;;;
собаки;кламбер спаниель;Собаки;КЛАМБЕР СПАНИЕЛЬ ;;;
собаки;колли, шотландская овчарка;Собаки;КОЛЛИ ДЛИННОШЕРСТНЫЙ ;;;
собаки;комондор, венгерская овчарка;Собаки;Комондор;;;
собаки;котон де тулеар;Собаки;Котон де туло;;;
собаки;крапчато-голубой кунхаунд;Собаки;Черноподпалый кунхаунд (енотовая собака);;;
собаки;ксолойтцкуинтли;Собаки;Мексиканская голая собака (стандартная);;;
собаки;курцхаар;Собаки;НЕМЕЦКИЙ КУРЦХААР ;;;
собаки;курчавый ретривер;Собаки;КУРЧАВОШЕРСТНЫЙ РЕТРИВЕР ;;;
собаки;лабрадор;Собаки;Лабрадор;;;
собаки;лабрадор ретривер;Собаки;Лабрадор-ретривер;;;
собаки;лабрадор-ретривер;Собаки;Лабрадор-ретривер;;;
собаки;лаготто-романьоло;Собаки;Лаготто-романьоло (Итальянская водяная собака);нет в справочнике AnimalID;;
собаки;ландсир;Собаки;Ландсир;нет в справочнике AnimalID;;
собаки;ланкаширский хилер;Собаки;Ланкаширский хилер;нет в справочнике AnimalID;;
собаки;лапландский шпиц;Собаки;Шведский лаппхунд;;;
собаки;левретка, итальянская борзая;Собаки;ИТАЛЬЯНСКАЯ ЛЕВРЕТКА ;;;
собаки;лейкланд-терьер;Собаки;ЛЕЙКЛЕНД ТЕРЬЕР ;;;
собаки;леонбергер;Собаки;ЛЕОНБЕРГЕР ;;;
собаки;лхасский апсо;Собаки;ЛХАССКИЙ АПСО ;;;
собаки;малый брабансон;Собаки;Пти Брабансон;;;
собаки;малый вандейский бассет-гриффон;Собаки;МАЛЫЙ ВАНДЕЙСКИЙ БАССЕТ-ГРИФОН ;;;
собаки;малый мюнстерлендер;Собаки;Малая мюнстерлендерская легавая;;;
собаки;мальтез, мальтийский бишон;Собаки;МАЛЬТЕЗЕ ;;;
собаки;манчестерский терьер;Собаки;МАНЧЕСТЕР ТЕРЬЕР ;;;
собаки;маремма;Собаки;Маремма-абрутская овчарка;;;
собаки;мастино наполетано;Собаки;Мастино-наполетано;;;
собаки;медиу поденгу португезу;Собаки;Португальский поденго (гладкошерстный);;;
собаки;метис;Собаки;Метис;;;
собаки;миниатюрный ксолойтцкуинтли;Собаки;Мексиканская голая собака (миниатюрная);;;
собаки;миттельшнауцер;Собаки;Миттельшнауцер;;;
собаки;мопс;Собаки;МОПС ;;;
собаки;московская сторожевая;Собаки;Московская сторожевая;;;
собаки;московский длинношерстный той-терьер;Собаки;Русский той-терьер длинношерстный;;;
собаки;московский дракон;Собаки;Московский дракон;нет в справочнике AnimalID;;
собаки;московский короткошерстный той-терьер;Собаки;Русский той-терьер;;;
собаки;немецкая овчарка;Собаки;НЕМЕЦКАЯ ОВЧАРКА ;;;
собаки;немецкий вахтельхунд;Собаки;Немецкая перепелиная собаки;;;
собаки;немецкий вольфшпиц;Собаки;Вольфшпиц;;;
собаки;немецкий дог;Собаки;НЕМЕЦКИЙ ДОГ ;;;
собаки;немецкий карликовый шпиц;Собаки;НЕМЕЦКИЙ ШПИЦ ;;;
собаки;немецкий шпиц;Собаки;НЕМЕЦКИЙ ШПИЦ ;;;
собаки;нивернейский гриффон;Собаки;Нивернесский гриффон;;;
собаки;новошотландский ретривер;Собаки;Новошотландский утиный ретривер;;;
собаки;норботтен шпиц;Собаки;Норботеншпиц;;;
собаки;норвежский элкхаунд;Собаки;НОРВЕЖСКИЙ ЭЛЬГХУНД ;;;
собаки;норвич-терьер;Собаки;НОРВИЧ ТЕРЬЕР ;;;
собаки;норфолк терьер;Собаки;НОРФОЛК ТЕРЬЕР ;;;
собаки;ньюфаундленд;Собаки;НЬЮФАУНДЛЕНД ;;;
собаки;орхидея петербургская;Собаки;Петербургская орхидея;;;
собаки;палевый бретонский бассет-гриффо;Собаки;Бретонский рыжеватый гриффон;;;
собаки;папильон;Собаки;Папильон (папийон) ;;;
собаки;паттердейл-терьер;Собаки;Паттердейл-терьер;;;
собаки;пекинес;Собаки;ПЕКИНЕС ;;;
собаки;пекиньу поденгу португезу;Собаки;Португальский поденго (гладкошерстный);;;
собаки;перуанская орхидея инков;Собаки;Перуанская голая собака (средняя);;;
собаки;пинчер;Собаки;Пинчер (черноподпалый);;;
собаки;пинчер миниатюрный;Собаки;Карликовый пинчер;;;
собаки;пиринейская овчарка;Собаки;Пиренейская овчарка длинношерстная;;;
собаки;пиринейский мастиф;Собаки;Мастин де лос пиренеос;;;
собаки;подгальянская овчарка;Собаки;Польская подгалянская овчарка (Podhalaner);;;
собаки;поденгу ибисенко, ибисская собака;Собаки;ПОДЕНКО ИБИЦЕНКО Г-Ш ;;;
собаки;помераниан;Собаки;Померанский шпиц ;;;
собаки;померанский шпиц;Собаки;Померанский шпиц ;;;
собаки;пражский крысарик;Собаки;Пражский крысарик;;;
собаки;пудель;Собаки;ПУДЕЛЬ ;;;
собаки;пудель миниатюрный;Собаки;Пудель миниатюрный;;;
собаки;пудель-пойнтер;Собаки;Пудель-пойнтер;;;
собаки;пудель стандартный;Собаки;ПУДЕЛЬ ;;;
собаки;пули;Собаки;ПУЛИ ;;;
собаки;пуми;Собаки;Пуми;;;
собаки;пшеничный мягкошерстный терьер;Собаки;ИРЛАНДСКИЙ МЯГКОШЕРСТНЫЙ ПШЕНИЧНЫЙ ТЕРЬЕР ;;;
собаки;ретривер;Собаки;Ретривер;нет в справочнике AnimalID;;
собаки;Риджбек;Собаки;Родезийский риджбек (rhodesian ridgeback);;;
собаки;ризеншнауцер;Собаки;РИЗЕНШНАУЦЕР ;;;
собаки;родезийский риджбек;Собаки;Родезийский риджбек (rhodesian ridgeback);;;
собаки;ротвейлер;Собаки;РОТВЕЙЛЕР ;;;
собаки;румынская овчарка;Собаки;Румынская карпатская овчарка;нет в справочнике AnimalID;;
собаки;русская гончая;Собаки;Русская гончая;;;
собаки;русская пегая гончая;Собаки;Русская пегая гончая;нет в справочнике AnimalID;;
собаки;русский спаниель;Собаки;Русский спаниель;;;
собаки;русский той-терьер;Собаки;Русский той-терьер;;;
собаки;русский черный терьер;Собаки;Русский черный терьер;;;
собаки;русско-европейская лайка;Собаки;Русско-европейская лайка;;;
собаки;рэт-терьер;Собаки;Рэт-терьер;нет в справочнике AnimalID;;
собаки;салюки, персидская гончая;Собаки;САЛЮКИ ;;;
собаки;самоедская лайка;Собаки;САМОЕД ;;;
собаки;сегуджио итальяно;Собаки;Итальянская гончая (Сегуджио итальяно);нет в справочнике AnimalID;;
собаки;сенбернар;Собаки;СЕНБЕРНАР ;;;
собаки;сеттер-гордон;Собаки;СЕТТЕР ГОРДОН ;;;
собаки;сиба-ину;Собаки;Сиба-Ину;;;
собаки;сибирская хаски;Собаки;СИБИРСКИЙ ХАСКИ ;;;
собаки;сибирский хаски;Собаки;СИБИРСКИЙ ХАСКИ ;;;
собаки;сийлихам терьер;Собаки;СИЛИХЕМ ТЕРЬЕР ;;;
собаки;сикоку;Собаки;Сикоку (Коти-ину);нет в справочнике AnimalID;;
собаки;силки терьер;Собаки;Австралийский силки (шелковистый) терьер;;;
собаки;скай терьер;Собаки;СКАЙ ТЕРЬЕР ;;;
собаки;скотч терьер;Собаки;СКОТЧ ТЕРЬЕР ;;;
собаки;смаусхонд;Собаки;Голландский смаусхонд;;;
собаки;смешанная;Собаки;Метис;;;
собаки;смитфильд-колли;Собаки;Смитфилд (Колли Смитфилда);;;
собаки;спиноне;Собаки;ИТАЛЬЯНСКИЙ СПИНОНЕ ;;;
собаки;среднеазиатская овчарка;Собаки;Среднеазиатская овчарка;;;
собаки;средний шнауцер;Собаки;Средний шнауцер (черный);;;
собаки;стародатская легавая;Собаки;Гаммель данск хонсехунд;;;
собаки;стафордширский бультерьер;Собаки;СТАФФОРДШИРСКИЙ БУЛЬТЕРЬЕР ;;;
собаки;суссекс-спаниель;Собаки;САССЕКС СПАНИЕЛЬ ;;;
собаки;тазы (среднеазиатская борзая);Собаки;Тазы (Казахская борзая);;;
собаки;тайган, киргизская борзая;Собаки;Тайган (Киргизская борзая);;;
собаки;тай риджбек;Собаки;Тайский риджбек;;;
собаки;такса гладкошерстная;Собаки;Такса гладкошерстная;нет в справочнике AnimalID;;
собаки;такса длинношерстная;Собаки;Такса длинношерстная;нет в справочнике AnimalID;;
собаки;такса жесткошерстная;Собаки;Такса жесткошерстная;нет в справочнике AnimalID;;
собаки;такса кроличья;Собаки;Такса кроличья;нет в справочнике AnimalID;;
собаки;такса миниатюрная;Собаки;Такса миниатюрная г;;;
собаки;такса стандартная;Собаки;ТАКСА ;;;
собаки;тибетский мастиф;Собаки;Тибетский мастиф (до-хи, тибетский дог);;;
собаки;тибетский спаниель;Собаки;ТИБЕТСКИЙ СПАНИЕЛЬ ;;;
собаки;тибетский терьер;Собаки;ТИБЕТСКИЙ ТЕРЬЕР ;;;
собаки;той-пудель;Собаки;ТОЙ ПУДЕЛЬ ;;;
собаки;той-терьер;Собаки;Той терьер;;;
собаки;тоса ину;Собаки;Тоcа-Ину;;;
собаки;уест-хайланд-уайт-терьер;Собаки;ВЕСТ ХАЙЛЕНД ВАЙТ ТЕРЬЕР ;;;
собаки;уипет;Собаки;УИППЕТ ;;;
собаки;фален, континентальный той-спаниель;Собаки;КОНТИНЕНТАЛЬНЫЙ ТОЙ СПАНИЕЛЬ ФАЛЕН;;;
собаки;фараоновая собака;Собаки;ФАРАОНОВА СОБАКА ;;;
собаки;фила бразилейру (бразильский мастиф);Собаки;Фила бразилейро;;;
собаки;фильд спаниель;Собаки;ФИЛД СПАНИЕЛЬ ;;;
собаки;финская лайка;Собаки;Карело-Финская лайка;;;
собаки;финский шпиц;Собаки;ФИНСКИЙ ШПИЦ ;;;
собаки;фландрский бувье;Собаки;ФЛАНДЕРСКИЙ БУВЬЕ ;;;
собаки;фокстерьер гладкошерстный;Собаки;ФОКСТЕРЬЕР ГЛАДКОШЕРСТНЫЙ ;;;
собаки;фокстерьер жесткошерстный;Собаки;ФОКСТЕРЬЕР ЖЕСТКОШЕРСТНЫЙ ;;;
собаки;французская гончая;Собаки;Французская черно-пегая гончая;;;
собаки;французский бульдог;Собаки;Французский бульдог;;;
собаки;французский эпаньоль;Собаки;Французский спаниель;;;
собаки;француский бульдог;Собаки;Французский бульдог;;;
собаки;ханаанская собака;Собаки;Ханаанская собака;;;
собаки;хаски антарктическая;Собаки;ХАСКИ;;;
собаки;ховаварт;Собаки;Ховаварт;;;
собаки;хорватская овчарка;Собаки;Хорватская овчарка;;;
собаки;хортая;Собаки;Хортая борзая;нет в справочнике AnimalID;;
собаки;цвергпинчер;Собаки;ЦВЕРГПИНЧЕР ;;;
собаки;цвергшнауцер;Собаки;ЦВЕРГШНАУЦЕР ;;;
собаки;цвергшпиц ;Собаки;Цвергшпиц;нет в справочнике AnimalID;;
собаки;чау-чау;Собаки;ЧАУ ЧАУ ;;;
собаки;черный терьер;Собаки;Русский черный терьер;;;
собаки;чесапик бей ретривер;Собаки;ЧЕСАПИК БЭЙ РЕТРИВЕР ;;;
собаки;чехословацкий влчак;Собаки;Чехословацкий влчак;;;
собаки;чешский терьер;Собаки;Чешский терьер;;;
собаки;чинук;Собаки;Чинук (chinook);;;
собаки;чихуахуа;Собаки;ЧИХУАХУА ;;;
собаки;чи-хуа-хуа;Собаки;ЧИХУАХУА ;;;
собаки;шарпей;Собаки;ШАР ПЕЙ ;;;
собаки;шарпланинская овчарка;Собаки;Шарпланинская овчарка (Македонская овчарка);;;
собаки;швейцарская овчарка;Собаки;Белая швейцарская овчарка;;;
собаки;шелти;Собаки;ШЕЛТИ ;;;
собаки;шельти;Собаки;ШЕЛТИ ;;;
собаки;шиллерстёваре;Собаки;Гончая шиллера;;;
собаки;шипперке;Собаки;Шипперке (3-5 кг);;;
собаки;ши-тцу;Собаки;ШИ ТЦУ;;;
собаки;шотландский терьер;Собаки;СКОТЧ ТЕРЬЕР ;;;
собаки;шпиц;Собаки;Шпиц;нет в справочнике AnimalID;;
собаки;Щвейцарский зенненхунд;Собаки;Большой швейцарский зенненхунд;;;
собаки;энтлебухер зенненхунд;Собаки;Эллинский икнилатис (энтлебухер зенненхунд);;;
собаки;эрдельтерьер;Собаки;ЭРДЕЛЬТЕРЬЕР ;;;
собаки;эскимосская лайка;Собаки;Канадская эскимосская собака (Эскимосская лайка);нет в справочнике AnimalID;;
собаки;эстонская гончая;Собаки;Эстонская гончая;;;
собаки;югославская грехцветная гончая;Собаки;Югославский трехцветный гонич;;;
собаки;южнорусская овчарка;Собаки;Южнорусская овчарка;;;
собаки;ягдтерьер;Собаки;Ягд-терьер;;;
собаки;японский стерьер;Собаки;Японский терьер (Нихон терьер);;;
собаки;японский хин;Собаки;Японский Хин;;;
собаки;японский шпиц;Собаки;Японский шпиц;;;
собаки;;Собаки;;;;
тигр;амурский;Хищные;Амурский тигр (Panthera tigris altaica);;;
улитки;;Моллюски;;Нет обмена с AnimalID;;
хомяки;бежевый (кремовый) золотистый хомяк;Грызуны;Хомяк золотистый, бежевый, кремовый (Cricetinae);;;
хомяки;джунгарский карликовый хомяк;Грызуны;Джунгарский хомяк (Phodopus sungorus);;;
хомяки;длинношерстный золотистый хомяк (ангорский тип);Грызуны;Хомяк золотистый, длинношерстный, ангорский (Cricetinae);;;
хомяки;обычный золотистый хомяк;Грызуны;Хомяк золотистый, обыкновенный (Cricetinae);;;
хомяки;русский хомяк;Грызуны;Хомяк русский (Cricetinae);;;
хомяки;;Грызуны;Хомяк (Cricetinae);;;
хорьки;домашний;Хорьки;Хорек домашний;;;
хорьки;;Хорьки;;;;
шиншила;короткошерстная;Грызуны;Шиншиллы короткошёрстные (Chinchilla);;;
шиншила;;Грызуны;Шиншиллы (Chinchilla);;;
