ID;NameClinic;AdmArea;District;Address;AssignedRegistrationNumberCertificate;ValidityCertificate;Comments;global_id
1;ООО «Ветеринарная клиника»;Юго-Западный административный округ;район Зюзино;город Москва, Болотниковская улица, дом 53, корпус 3;77-10-461;19.01.2040;;903868950
2;Ветеринарный центр «МЕДВЕТ на Ленинском»;Юго-Западный административный округ;район Тёплый Стан;город Москва, Ленинский проспект, дом 123;77-10-199;28.03.2040;;903869042
3;ООО «Центр здоровья животных»;Северо-Восточный административный округ;район Южное Медведково;город Москва, проезд Дежнёва, дом 19, корпус 1;77-05-212;29.06.2040;;903869044
5;ООО «ВЕГА»;Юго-Западный административный округ;район Черёмушки;город Москва, Новочерёмушкинская улица, дом 66, корпус 1;77-10-220;01.01.2040;;903869046
6;ООО «Беланта»;Новомосковский административный округ;поселение Щербинка;город Москва, город Щербинка, Спортивная улица, дом 12А;77-11-221;28.05.2027;;903869047
8;ООО «АВАНТАЖ»;Центральный административный округ;район Замоскворечье;город Москва, Климентовский переулок, дом 12, строение 14;77-07-230;18.12.2022;;903869052
10;ООО «ГаВ»;Западный административный округ;район Солнцево;город Москва, улица Главмосстроя, дом 10;77-03-480;01.01.2040;;903869431
11;ООО «ВЕГА»;Северный административный округ;район Ховрино;город Москва, Петрозаводская улица, дом 15, корпус 5;77-04-330;17.05.2040;;903869434
12;ИП Лебедева М.О.;Троицкий административный округ;поселение Троицк;Российская Федерация, город Москва, городской округ Троицк, город Троицк, Комсомольский проезд, дом 2Б;77-12-445;20.12.2040;;903869437
13;ООО «Шанс Био»;Южный административный округ;Нагорный район;город Москва, Электролитный проезд, дом 3, строение 12;77-08-236;07.02.2023;;903869439
14;ООО «Лимарта»;Южный административный округ;район Бирюлёво Восточное;город Москва, Ряжская улица, дом 13, корпус 1;77-08-241;14.03.2040;;903869441
15;ООО «Служба ветеринарной помощи № 1»;Новомосковский административный округ;поселение Сосенское;город Москва, поселение Сосенское, посёлок Коммунарка, Лазурная улица, дом 7;77-12-261;25.07.2041;;903869445
16;ООО «Юнивет»;Новомосковский административный округ;поселение Сосенское;город Москва, поселение Сосенское, деревня Сосенки, Ясеневая улица, дом 5, корпус 2;77-12-265;06.12.2040;;903869447
17;ООО «ВЕТГРАД»;Новомосковский административный округ;поселение Московский;город Москва, город Московский, Радужная улица, дом 10;77-12-269;12.03.2040;;903869451
18;ООО «Клиник Про» Умка;Северо-Восточный административный округ;Бутырский район;Российская Федерация, город Москва, внутригородская территория муниципальный округ Бутырский, улица Руставели, дом 1/2;77-05-358;29.11.2040;;903871181
20;Центр экстренной ветеринарной медицины «БЕМБИ»;Юго-Западный административный округ;район Черёмушки;город Москва, улица Цюрупы, дом 3;77-10-067;08.06.2040;;903871197
21;ООО «Надежда и Компания»;Юго-Западный административный округ;район Ясенево;город Москва, Вильнюсская улица, дом 5;77-10-224;29.10.2040;;903871200
22;«ВЕТСТЭЙТ»;Юго-Западный административный округ;Академический район;город Москва, Новочерёмушкинская улица, дом 16;77-10-244;13.02.2041;;903871201
23;Ласка ВЦ;Юго-Западный административный округ;Обручевский район;город Москва, улица Новаторов, дом 16, корпус 1;77- 10-134;02.06.2021;;903871202
24;Прод К;Юго-Западный административный округ;район Ясенево;город Москва, Новоясеневский проспект, дом 38, корпус 1;77-10-285;02.09.2041;;903871214
25;Близнецы – А;Юго-Западный административный округ;район Северное Бутово;город Москва, улица Грина, дом 22А;77-10-013;08.03.2040;;903871250
26;ВЕТЗдоровье;Юго-Западный административный округ;район Тёплый Стан;город Москва, Ленинский проспект, дом 123;77- 10-199;27.04.2040;;903871351
27;Доктор Хвост;Юго-Западный административный округ;район Тёплый Стан;город Москва, Профсоюзная улица, дом 144;77-10-283;06.08.2040;;903871352
28;ЗООСИТИ;Юго-Западный административный округ;Ломоносовский район;город Москва, улица Гарибальди, дом 4Г;77- 10-159;18.10.2040;;903871353
29;Центр ветеринарной инновационной медицины РУДН;Юго-Западный административный округ;Обручевский район;город Москва, улица Миклухо-Маклая, дом 8, корпус 2;77-10-474;01.01.2040;;903871354
30;Центр экстренной ветеринарной медицины «БЕМБИ-ВЕТ»;Юго-Западный административный округ;район Ясенево;город Москва, Тарусская улица, дом 22, корпус 2;77- 10-217;23.08.2040;;903871355
31;Мир Милли;Юго-Западный административный округ;район Зюзино;город Москва, Болотниковская улица, дом 23;77-10-318;07.07.2044;;903871356
32;Ветеринарная клиника «Алисавет»;Юго-Западный административный округ;район Южное Бутово;город Москва, аллея Витте, дом 2;77- 10-218;29.08.2040;;903871358
33;Ветеринарная лаборатория медикобиологического центра «Пастер»;Юго-Западный административный округ;Академический район;город Москва, Большая Черёмушкинская улица, дом 28, строение 6;77-10-420;22.11.2022;;903871361
34;Лебен;Юго-Западный административный округ;район Котловка;город Москва, Нагорный бульвар, дом 9;77- 10-123;19.12.2040;;903871363
35;03 Вет;Западный административный округ;район Тропарёво-Никулино;город Москва, Ленинский проспект, дом 150;77-10-040;04.12.2040;;903871364
36;Клиника ветеринарной медицины «Юниор»;Юго-Западный административный округ;район Ясенево;город Москва, Литовский бульвар, дом 7;77-10-002;18.07.2040;;903871366
37;ООО «БЕЛАЯ МЕДВЕДИЦА»;Юго-Западный административный округ;район Южное Бутово;город Москва, Южнобутовская улица, дом 117;77-10-277;16.09.2042;;903871368
38;Ветеринарная клиника «Био-вет»;Юго-Западный административный округ;Обручевский район;город Москва, улица Воронцовские Пруды, дом 3;77-10-398;20.01.2040;;903871371
39;Паллада;Юго-Западный административный округ;район Тёплый Стан;город Москва, улица Академика Виноградова, дом 4, корпус 2;77-10-065;26.12.2039;;903871372
40;АО «Медико-биологический центр «ПАСТЕР»;Северный административный округ;район Коптево;город Москва, Большая Академическая улица, дом 28;77-10-420;22.11.2022;;903871374
41;ВетЛекарь;Юго-Западный административный округ;район Южное Бутово;город Москва, Южнобутовская улица, дом 53;77-10-256;28.08.2040;;903871377
42;Артемон;Зеленоградский административный округ;район Матушкино;город Москва, город Зеленоград, Панфиловский проспект, дом 10;77-02-044;11.04.2047;;903871378
43;Фунтик-Вет;Зеленоградский административный округ;район Савёлки;город Москва, город Зеленоград, корпус 330;77-02-300;18.10.2040;;903871640
45;Свой Доктор;Юго-Восточный административный округ;район Печатники;город Москва, улица Гурьянова, дом 67;77-09-227;01.01.2040;;903871642
46;ООО «Мобидок»;Юго-Восточный административный округ;Нижегородский район;город Москва, 2-я Карачаровская улица, дом 6/16;77-09-341;01.01.2040;;903871643
49;Валента;Юго-Восточный административный округ;район Люблино;город Москва, Краснодарская улица, дом 57, корпус 1;77-09-311;17.04.2042;;903871646
50;Ветер-Ок;Юго-Восточный административный округ;район Текстильщики;город Москва, улица Шкулёва, дом 5;77-09-248;03.05.2040;;903871671
51;Время Вет;Юго-Восточный административный округ;район Марьино;город Москва, Братиславская улица, дом 32;77-09-004;16.03.2023;;903871672
52;ПетРус;Юго-Восточный административный округ;район Люблино;Российская Федерация, город Москва, внутригородская территория муниципальный округ Люблино, Краснодонская улица, дом 16А;77-09-019;07.06.2041;;903871673
53;«Артемида» Ветеринарное общество;Юго-Восточный административный округ;район Марьино;город Москва, Марьинский бульвар, дом 7;77-09-018;07.10.2038;;903871674
54;НПП Мосзооветснаб;Юго-Восточный административный округ;Южнопортовый район;город Москва, 5-я Кожуховская улица, дом 16;77-09-020;19.04.2045;;903871675
55;ВетВелс;Юго-Восточный административный округ;район Лефортово;город Москва, Самокатная улица, дом 2А, строение 1;77- 09-168;15.02.2041;;903871678
56;Ветеринарный пункт Лидер Вет;Юго-Восточный административный округ;Рязанский район;город Москва, улица Васильцовский Стан, дом 5, корпус 2;77- 09-118;16.12.2044;;903871680
58;ФГБНУ ВИЭВ;Юго-Восточный административный округ;Рязанский район;Российская Федерация, город Москва, внутригородская территория муниципальный округ Рязанский, Рязанский проспект, дом 24, корпус 1;77-09-057;12.09.2040;;903871744
59;Инновет;Юго-Восточный административный округ;район Выхино-Жулебино;город Москва, улица Генерала Кузнецова, дом 12;77- 09-164;12.12.2040;;903871884
61;ВЕЛЕС;Юго-Восточный административный округ;район Текстильщики;город Москва, 11-я улица Текстильщиков, дом 7;77-09-167;19.10.2040;;903872069
63;Ветеринарный центр «Доверие»;Юго-Восточный административный округ;район Некрасовка;город Москва, улица Льва Яшина, дом 9;77-09-458;01.01.2040;;903872219
64;ООО «Санта-Вет»;Юго-Восточный административный округ;район Марьино;город Москва, Люблинская улица, дом 171, корпус 1А;77-09-436;07.03.2040;;903872297
65;ООО «МиГ»;Северо-Восточный административный округ;район Ростокино;город Москва, Сельскохозяйственная улица, дом 16А, строение 3;77-05-091;23.11.2040;;903872355
66;Ахилл;Северо-Восточный административный округ;район Бибирево;город Москва, Белозерская улица, дом 17Г;77-05-079;06.12.2040;;903872375
67;Кот Филимон;Северо-Восточный административный округ;район Отрадное;город Москва, Каргопольская улица, дом 18, строение 1;77-05-303;19.03.2042;;903872396
68;Зооцентр Марфино;Северо-Восточный административный округ;район Марфино;Российская Федерация, город Москва, внутригородская территория муниципальный округ Марфино, Ботаническая улица, дом 19, корпус 2;77- 05-193;12.12.2041;;903872410
69;Веттест;Северо-Восточный административный округ;район Марьина Роща;город Москва, улица Сущёвский Вал, дом 5, строение 15;77- 05-204;15.03.2040;;903872430
70;Ветеринарный центр «ВетПоинт»;Северо-Восточный административный округ;Бутырский район;Российская Федерация, город Москва, внутригородская территория муниципальный округ Бутырский, Складочная улица, дом 1, строение 5;77-05-258;19.04.2045;;903872486
71;Ветпомощь Оберег;Северо-Восточный административный округ;район Лианозово;город Москва, Илимская улица, дом 5;77-05-055;26.12.2040;;903872523
72;КИБЕЛА;Северо-Восточный административный округ;Алексеевский район;город Москва, проспект Мира, дом 186, корпус 1;77-05-115;12.07.2022;;903872542
73;Тим 99;Северо-Восточный административный округ;район Марфино;Российская Федерация, город Москва, внутригородская территория муниципальный округ Марфино, Большая Марфинская улица, дом 4А;77-05-336;14.03.2041;;903872551
74;Клиника в Северном МиСта;Северо-Восточный административный округ;район Северный;город Москва, Челобитьевское шоссе, дом 10, корпус 1;77-05-369;12.12.2040;;903872552
75;АкваЗооВетЦентр ПЛЮС;Северо-Восточный административный округ;Останкинский район;город Москва, проспект Мира, дом 95, строение 2;77- 05-210;09.05.2040;;903872553
76;Тамсан;Северо-Восточный административный округ;район Отрадное;город Москва, Северный бульвар, дом 7Б;77-05-392;01.01.2040;;903872554
77;МОВЕТ;Западный административный округ;район Филёвский Парк;город Москва, улица Василисы Кожиной, дом 23;77-03-048;14.03.2040;;903872656
78;Крылатская Ветеринарная Клиника;Западный административный округ;район Крылатское;город Москва, Осенняя улица, дом 23;77-03-077;10.05.2040;;903872658
79;Клиника ветеринарной медицины «Лебеди»;Западный административный округ;район Тропарёво-Никулино;Российская Федерация, город Москва, внутригородская территория муниципальный округ Тропарево-Никулино, улица Мичуринский Проспект, Олимпийская Деревня, дом 4, корпус 2;77-03-083;12.09.2045;;903872661
80;ПКФ «МЕДЕЯ»;Западный административный округ;район Ново-Переделкино;город Москва, Чоботовская улица, дом 17, корпус 1;77- 03-162;12.12.2040;;903872665
81;АЛЫЙ ПЕС;Западный административный округ;район Очаково-Матвеевское;город Москва, Веерная улица, дом 3, корпус 3;77-03-183;13.06.2046;;903872706
82;Медвет;Западный административный округ;район Тропарёво-Никулино;город Москва, проспект Вернадского, дом 89, корпус 6;77-10-233;27.04.2040;;903872837
83;ветеринарная клиника «СанаВет»;Западный административный округ;район Тропарёво-Никулино;город Москва, улица Академика Анохина, дом 9;77-10-040;20.12.2040;;903872839
84;Чеширский кот;Западный административный округ;район Кунцево;город Москва, Полоцкая улица, дом 8;77-03-368;21.12.2045;;903873166
85;ООО «БЕЛАДОННА»;Западный административный округ;район Очаково-Матвеевское;город Москва, Рябиновая улица, дом 69, строение 1;77-03-009;03.03.2022;;903873169
87;ГБУК «Театр кошек Куклачева»;Западный административный округ;район Дорогомилово;город Москва, Кутузовский проспект, дом 25;77-03-433;12.02.2023;;903873176
88;ООО «Доктор Панда»;Западный административный округ;район Тропарёво-Никулино;город Москва, улица 26-ти Бакинских Комиссаров, дом 12, корпус 2;77-03-457;01.01.2040;;903873197
89;Ветеринарная клиника «Центр»;Центральный административный округ;Тверской район;город Москва, Цветной бульвар, дом 11, строение 1;77-07-025;15.03.2040;;903873279
90;«Сопико и Ко»;Центральный административный округ;Тверской район;Российская Федерация, город Москва, внутригородская территория муниципальный округ Тверской, улица Достоевского, дом 3;77-07-468;17.04.2041;;903873280
91;«Альта-Вита»;Центральный административный округ;Басманный район;город Москва, Рубцовская набережная, дом 4, корпус 3;77- 07-214;29.05.2040;;903873283
92;Ветеринарная клиника «ЭлитаВет»;Центральный административный округ;Таганский район;Российская Федерация, город Москва, внутригородская территория муниципальный округ Таганский, Новорогожская улица, дом 6, строение 1;77-07-366;12.12.2045;;903873289
93;Ветеринарная клиника «Чеширский кот»;Центральный административный округ;Басманный район;город Москва, Большая Почтовая улица, дом 34, строение 12;77-07-345;14.06.2046;;903873292
95;Альбетта;Северный административный округ;Войковский район;город Москва, улица Клары Цеткин, дом 31;77-04-021;19.12.2040;;903873348
96;Респект;Северный административный округ;Головинский район;город Москва, Смольная улица, дом 10, строение 2;77-04-026;01.01.2040;;903873349
97;ЗООЦЕНТР ГРУМИНГ СЕРВИС;Северный административный округ;район Коптево;город Москва, 3-й Михалковский переулок, дом 15;77-04-027;15.10.2042;;903873350
98;БИЛЛЛ;Северный административный округ;район Восточное Дегунино;город Москва, Дубнинская улица, дом 32;77-04-042;31.03.2022;;903873351
99;Зоовет;Северный административный округ;Хорошёвский район;город Москва, 2-я Магистральная улица, дом 16, строение 7;77-04-061;11.04.2022;;903873353
100;Игуана;Северный административный округ;район Ховрино;город Москва, Смольная улица, дом 26;77-04-096;23.05.2022;;903873354
101;Шанс-ВЕТ;Северный административный округ;район Сокол;город Москва, улица Панфилова, дом 6Б;77- 04-130;22.11.2040;;903873355
102;Рыжий лис;Северный административный округ;район Ховрино;город Москва, Петрозаводская улица, дом 34;77- 04-131;12.11.2019;;903873382
103;Ветлайф;Северный административный округ;Бескудниковский район;город Москва, Бескудниковский бульвар, дом 12;77- 04-327;16.02.2040;;903873463
104;ЗЕВС-ВЕТ;Северный административный округ;Хорошёвский район;город Москва, улица Полины Осипенко, дом 10, корпус 1;77-04-275;18.06.2040;;903873481
106;Государственная ветеринарная онкологическая клиника ФГБУ «МНИОИ им.П.А. Герцена»;Северный административный округ;район Беговой;город Москва, 2-й Боткинский проезд, дом 3;77- 04-279;18.06.2040;;903873484
107;Вет-Доктор;Северный административный округ;Хорошёвский район;город Москва, проезд Берёзовой Рощи, дом 4;77-06-213;06.06.2022;;903873485
108;Филин;Северный административный округ;район Западное Дегунино;город Москва, улица Ивана Сусанина, дом 4, корпус 7;77-04-331;13.06.2044;;903873486
109;ООО «НьюВетПро»;Северный административный округ;Хорошёвский район;город Москва, Хорошёвское шоссе, дом 38, строение 3;77-04-456;01.01.2040;;903873488
110;ОРИКС;Северо-Западный административный округ;район Щукино;город Москва, улица Расплетина, дом 32, корпус 1;77-06-378;03.02.2022;;903873489
111;Белый Клык;Северо-Западный административный округ;район Митино;город Москва, Митинская улица, дом 55;77-06-053;03.02.2040;;903873500
112;Кентавр;Северо-Западный административный округ;район Куркино;Российская Федерация, город Москва, внутригородская территория муниципальный округ Куркино, Куркинское шоссе, дом 30;77-06-016;19.09.2040;;903873558
113;Том и Джерри;Северо-Западный административный округ;район Северное Тушино;город Москва, улица Героев Панфиловцев, дом 35;77-06-101;08.03.2041;;903873559
114;Вет-КЭТ;Северо-Западный административный округ;район Строгино;город Москва, улица Кулакова, дом 10, корпус 1;77-06-379;10.02.2022;;903873560
115;ВК Эсперанс;Северо-Западный административный округ;район Хорошёво-Мнёвники;город Москва, 3-й Силикатный проезд, дом 4, корпус 1, строение 6;77-06-304;08.03.2041;;903873561
116;Иваланта;Северо-Западный административный округ;район Куркино;город Москва, Новокуркинское шоссе, дом 33;77-06-375;31.01.2022;;903873562
117;Ветер-Ок;Северо-Западный административный округ;район Митино;город Москва, Уваровский переулок, дом 3;77-06-276;24.04.2040;;903873563
118;Ветеринарная клиника Вет Плюс;Северо-Западный административный округ;район Щукино;город Москва, улица Берзарина, дом 34, строение 12;77-06-292;14.12.2044;;903873564
119;ВетЗабота;Северо-Западный административный округ;район Покровское-Стрешнево;город Москва, улица Свободы, дом 6/3;77-06-409;25.09.2022;;903873566
120;«Биосинтез»;Северо-Западный административный округ;район Щукино;город Москва, Авиационная улица, дом 63;77-06-262;15.02.2039;;903873569
122;Близнецы-Север-Митино;Северо-Западный административный округ;район Митино;город Москва, Дубравная улица, дом 38;77-06-014;01.01.2040;;903873573
123;Белый Клык-М;Северо-Западный административный округ;район Строгино;город Москва, улица Исаковского, дом 2;77-06-059;10.05.2040;;903873580
124;ООО «ВЕТСЕРВИС»;Северо-Западный административный округ;район Строгино;город Москва, улица Исаковского, дом 2;77-06-434;08.02.2040;;903873678
125;ООО «Доктор ДиК»;Северо-Западный административный округ;район Южное Тушино;город Москва, Новопоселковая улица, дом 6;77-06-479;01.01.2040;;903873679
126;"Первомайский
ветеринарный центр";Восточный административный округ;район Измайлово;город Москва, Сиреневый бульвар, дом 8А;77-01-005;27.12.2039;;903873680
127;Ветеринарная клиника «Акелла»;Восточный административный округ;район Вешняки;город Москва, Вешняковская улица, дом 12Ж;77-01-080;19.09.2040;;903873681
128;Фауна;Восточный административный округ;район Северное Измайлово;город Москва, Сиреневый бульвар, дом 83Б;77-01-116;18.04.2040;;903873682
129;Фауна;Восточный административный округ;район Вешняки;город Москва, улица Красный Казанец, дом 1Г;77-01-095;11.01.2040;;903873683
130;Ветеринарная клиника «Каштанка»;Восточный административный округ;район Перово;город Москва, улица Металлургов, дом 60, корпус 1;77-01-114;24.02.2040;;903873685
131;АДИ-Вед;Восточный административный округ;район Косино-Ухтомский;Российская Федерация, город Москва, внутригородская территория муниципальный округ Косино-Ухтомский, улица Дмитриевского, дом 1;77-01-109;15.04.2043;;903873688
132;Ветклиника «Оберег»;Восточный административный округ;район Гольяново;город Москва, Курганская улица, дом 1;77-01-086;26.12.2040;;903873693
133;ООО «ВИТАВЕТ», ветеринарная клиника;Восточный административный округ;район Северное Измайлово;город Москва, Щёлковский проезд, дом 2;77-01-178;27.12.2039;;903873727
134;Ветеринарный кабинет при зоомагазине «Динозврик»;Восточный административный округ;район Северное Измайлово;город Москва, Щёлковское шоссе, дом 86;77-01-147;18.10.2040;;903873779
135;«Веста»;Восточный административный округ;район Преображенское;город Москва, Буженинова улица, дом 2;77-01-089;10.09.2043;;903873794
136;Лотос-фарма;Восточный административный округ;район Новогиреево;город Москва, Кусковская улица, дом 16;77-01-239;06.03.2040;;903873796
137;ветеринарная клиника «Ремонт животных»;Восточный административный округ;район Новогиреево;город Москва, Кусковская улица, дом 16;77-01-201;17.02.2040;;903873797
138;Ветеринарный кабинет;Восточный административный округ;район Перово;город Москва, 2-я Владимирская улица, дом 37, корпус 1;77-01-192;13.12.2040;;903873799
139;Ветеринарный кабинет;Восточный административный округ;район Перово;Российская Федерация, город Москва, внутригородская территория муниципальный округ Перово, Новогиреевская улица, дом 29, корпус 1;77-01-346;12.06.2042;;903873800
140;ВетЛекар;Восточный административный округ;район Новокосино;город Москва, Салтыковская улица, дом 51;77-01-282;08.07.2041;;903873865
141;ООО МЕРУНГ;Восточный административный округ;район Северное Измайлово;город Москва, улица Константина Федина, дом 11;77-01-321;17.08.2040;;903874107
142;Ветеринарная клиника «Дай Лапу»;Восточный административный округ;район Перово;город Москва, Зелёный проспект, дом 5/12, строение 2;77-01-324;20.02.2042;;903874272
143;Шанс Био Восток;Восточный административный округ;район Измайлово;город Москва, 10-я Парковая улица, дом 3;77-01-342;18.05.2040;;903874348
144;Аленвет;Восточный административный округ;район Перово;город Москва, шоссе Энтузиастов, дом 76А;77-01-347;18.06.2040;;903874349
145;МАРТИН;Восточный административный округ;район Богородское;город Москва, Краснобогатырская улица, дом 42;77-01-388;26.04.2022;;903874350
146;ООО «Велес»;Восточный административный округ;район Восточное Измайлово;город Москва, Нижняя Первомайская улица, дом 50;77-01-428;25.01.2023;;903874351
147;ветеринарная клиника Дарвин;Южный административный округ;район Чертаново Центральное;город Москва, Чертановская улица, дом 45А, корпус 1;77-08-085;12.12.2040;;903874398
148;Альбета А;Южный административный округ;район Чертаново Северное;город Москва, Сумской проезд, дом 5, корпус 4;77-08-473;01.01.2040;;903874407
149;ветеринарная клиника ООО ТИБЕТ МЕД;Южный административный округ;район Чертаново Северное;город Москва, Варшавское шоссе, дом 122;77-08-449;01.01.2040;;903874424
150;ООО «Биоконтроль»;Южный административный округ;район Москворечье-Сабурово;город Москва, Каширское шоссе, дом 24;77-08-017;08.02.2040;;903874426
151;ООО «Ветеринарная клиника МиВ»;Южный административный округ;район Нагатино-Садовники;город Москва, 1-й Нагатинский проезд, дом 5, корпус 1;77-08-024;10.10.2022;;903874477
152;ООО «Дженк»;Южный административный округ;район Бирюлёво Восточное;город Москва, 6-я Радиальная улица, дом 5, корпус 4;77-08-320;13.08.2042;;903874494
153;ООО «Тигренок-Вет»;Южный административный округ;район Нагатинский Затон;город Москва, Судостроительная улица, дом 18, корпус 5;77- 08-190;17.10.2040;;903874496
154;ООО «Зоосити-5»;Южный административный округ;район Орехово-Борисово Южное;Российская Федерация, город Москва, внутригородская территория муниципальный округ Орехово-Борисово Южное, Воронежская улица, дом 7;77-08-182;14.09.2044;;903874497
155;ООО «Дельта-Вет»;Южный административный округ;район Бирюлёво Западное;город Москва, Булатниковский проезд, дом 14, корпус 7;77-08-305;11.04.2040;;903874523
157;АрсВит;Южный административный округ;Даниловский район;Российская Федерация, город Москва, внутригородская территория муниципальный округ Даниловский, Хавская улица, дом 24;77-08-097;12.10.2040;;903874526
158;ООО «БелАнта»;Южный административный округ;район Братеево;город Москва, Братеевская улица, дом 16, корпус 3;77-08-001;14.12.2040;;903874529
159;ООО «ВЕТМИР»;Южный административный округ;район Зябликово;город Москва, улица Мусы Джалиля, дом 7, корпус 1;77-08-117;18.12.2022;;903874563
160;ООО Центр ветеринарной медицины «АВЕТУРА»;Южный административный округ;район Москворечье-Сабурово;город Москва, Кантемировская улица, дом 16, корпус 1;77-08-437;22.03.2023;;903874633
161;ООО «Гав здрав»;Южный административный округ;район Чертаново Центральное;город Москва, Днепропетровская улица, дом 14;77-08-124;29.08.2040;;903874635
162;ООО Сеть ветеринарных клиник Свой Доктор Филиал Чертаново;Южный административный округ;район Чертаново Южное;город Москва, Россошанская улица, дом 4, корпус 1;77-08-281;19.10.2040;;903874637
163;ООО «Зоостатус»;Южный административный округ;район Чертаново Северное;город Москва, Варшавское шоссе, дом 125, строение 1;77-08-294;14.12.2040;;903874641
164;Близнецы-Вет;Юго-Восточный административный округ;район Выхино-Жулебино;город Москва, улица Авиаконструктора Миля, дом 2, корпус 1;77-09-011;01.01.2040;;903874700
165;ДоггиДок;Юго-Восточный административный округ;район Выхино-Жулебино;город Москва, Привольная улица, дом 2, строение 1;77-09-133;12.12.2041;;903874798
166;ООО «Арс медика»;Северо-Восточный административный округ;Алтуфьевский район;город Москва, Бибиревская улица, дом 17Б;77-05-120;20.04.2040;;903874896
167;ЗооВетЦентр «ЛЕБЕДИ»;Западный административный округ;район Раменки;Российская Федерация, город Москва, внутригородская территория муниципальный округ Раменки, улица Раменки, дом 23;77-03-186;12.10.2040;;903874899
168;А.М.Вет;Западный административный округ;район Очаково-Матвеевское;город Москва, улица Наташи Ковшовой, дом 3;77-03-194;09.02.2022;;903874900
169;Сеть Ветеринарных Клиник Свой Доктор;Западный административный округ;район Кунцево;город Москва, Ярцевская улица, дом 34, корпус 1;77-03-249;01.01.2040;;903874905
170;Сеть Ветеринарных Клиник Свой Доктор;Западный административный округ;район Раменки;город Москва, Мичуринский проспект, дом 7, корпус 1;77-03-317;18.07.2040;;903874911
171;СанПэт;Западный административный округ;район Проспект Вернадского;город Москва, улица Лобачевского, дом 8;77-03-315;12.06.2040;;903874939
172;«Издательство «Ниаландо»;Западный административный округ;Можайский район;город Москва, Гродненская улица, дом 10;77-03-393;22.06.2022;;903874943
173;А.М.Вет;Западный административный округ;район Раменки;город Москва, улица Пудовкина, дом 3;77-03-194;09.02.2022;;903874944
174;Ямская слобода 19;Центральный административный округ;Таганский район;город Москва, Школьная улица, дом 19;77-07-094;14.09.2039;;903875039
175;«Белый клык»;Центральный административный округ;Пресненский район;город Москва, улица Красная Пресня, дом 6/2, строение 2;77-07-059;16.02.2040;;903876364
176;ФГБУ «ВГНКИ»;Центральный административный округ;Пресненский район;город Москва, Звенигородское шоссе, дом 5, строение 1;77-07-354;14.11.2046;;903880833
177;Кинологический Центр «БИС»;Зеленоградский административный округ;район Савёлки;город Москва, город Зеленоград, проезд № 4807, дом 1, строение 1;77-02-039;05.04.2040;;903892895
178;ТиМ 99;Северный административный округ;район Ховрино;город Москва, улица Лавочкина, дом 32;77-04-028;29.03.2044;;903892914
179;ВГОУ ВПО «Московская сельскохозяйственная Академия им. К.А. Тимирязева»;Северный административный округ;Тимирязевский район;город Москва, Пасечная улица, дом 2;77-04-047;01.01.2040;;903892922
180;Международный ветеринарный центр репродукции и искусственного осеменения мелких животных;Северный административный округ;Тимирязевский район;город Москва, улица Прянишникова, дом 19А, строение 9;77- 04-138;19.04.2044;;903893076
181;Мода Сервис;Северо-Западный административный округ;район Строгино;город Москва, улица Маршала Катукова, дом 17, корпус 1;77-06-488;01.01.2040;;903893318
182;Ветландия;Северо-Западный административный округ;район Куркино;город Москва, Родионовская улица, дом 2, корпус 1;77-06-410;17.10.2022;;903893330
183;Сэнди;Восточный административный округ;район Вешняки;город Москва, Косинская улица, дом 7;77-01-068;15.03.2040;;903893342
184;Ветеринарный Центр «МЕДВЕТ»;Троицкий административный округ;поселение Троицк;город Москва, город Троицк, Калужское шоссе, дом 17;77-11-254;30.03.2023;;903896617
185;ООО «Кот Бегемот»;Новомосковский административный округ;поселение Воскресенское;город Москва, поселение Воскресенское, посёлок Воскресенское, дом 39;77-11-219;01.01.2040;;903896855
186;ООО «Ветеринарная Ассоциация Нижегородской Области»;Новомосковский административный округ;поселение Московский;город Москва, город Московский, 1-й микрорайон, дом 36;77-11-382;07.03.2022;;903896991
187;ООО Ветеринарная клиника «ДЖУНГЛИ»;Южный административный округ;район Нагатинский Затон;Российская Федерация, город Москва, внутригородская территория муниципальный округ Нагатинский Затон, Нагатинская набережная, дом 54, строение 2;77-08-323;13.12.2040;;903896997
188;ВК «Монморанси»;Южный административный округ;район Чертаново Южное;город Москва, улица Газопровод, дом 6Б;77-08-090;01.01.2040;;903896999
189;ООО «Баймед»;Восточный административный округ;район Перово;город Москва, 2-я Владимирская улица, дом 7;77-01-192;01.01.2040;;903897001
190;Альбетта (Филлиал);Юго-Западный административный округ;Ломоносовский район;город Москва, Ленинский проспект, дом 90;77-10-007;01.01.2040;;903897310
191;ООО «Мишель МВ»;Северный административный округ;Тимирязевский район;город Москва, Тимирязевская улица, дом 10/12;77-04-481;01.01.2040;;903897757
192;Ветеринарная клиника «Фунтик-Вет»;Зеленоградский административный округ;район Крюково;город Москва, город Зеленоград, Заводская улица, дом 16А;77-02-328;06.02.2043;;903897866
194;Ветеринарная клиника «Солнцево Парк»;Новомосковский административный округ;поселение Внуковское;город Москва, поселение Внуковское, улица Авиаконструктора Петлякова, дом 5;77-11-252;01.01.2040;;903899469
195;ИП Васильева В.С.;Новомосковский административный округ;поселение Московский;город Москва, город Московский, 1-й микрорайон, дом 23;77-12-231;03.03.2039;;903899543
196;«Свой Доктор»;Западный административный округ;Можайский район;город Москва, улица Маршала Неделина, дом 16, строение 5;77-03-353;22.08.2046;;903899544
197;Оптима Вет;Юго-Западный административный округ;район Южное Бутово;Российская Федерация, город Москва, внутригородская территория муниципальный округ Южное Бутово, Южнобутовская улица, дом 55;77-10-104;11.07.2040;;903899545
198;Черемушки;Юго-Западный административный округ;Академический район;город Москва, улица Шверника, дом 13, корпус 1;77-10-185;01.01.2040;;903899546
199;Ветеринарная клиника Берлога;Юго-Западный административный округ;Обручевский район;город Москва, улица Архитектора Власова, дом 41, строение 1;77-10-342;13.04.2039;;903899547
200;Ветеринарный кабинет «Зоомедик»;Юго-Западный административный округ;Гагаринский район;город Москва, улица Дмитрия Ульянова, дом 4, корпус 1;77- 10-160;01.01.2040;;903900365
201;Ветеринарная клиника «Центр плюс»;Юго-Западный административный округ;район Черёмушки;город Москва, улица Цюрупы, дом 13;77-10-308;18.04.2041;;903900366
202;ИП Баляба П.А.;Юго-Западный административный округ;район Коньково;город Москва, Профсоюзная улица, дом 98, корпус 1;77-10-471;01.01.2040;;903900372
203;ИП Гапоненко Галина Викторовна;Юго-Западный административный округ;район Южное Бутово;город Москва, Венёвская улица, дом 3А;77-10-247;27.02.2042;;903900416
204;ОПТИМА Вет;Юго-Западный административный округ;район Южное Бутово;город Москва, Чечёрский проезд, дом 62;77-10-267;01.01.2040;;903900474
205;ИП Елашкина «Сфинкс»;Юго-Западный административный округ;район Южное Бутово;город Москва, Изюмская улица, дом 43;77-10-257;01.01.2040;;903900480
206;ИП Егошина К.Л.;Юго-Западный административный округ;район Тёплый Стан;город Москва, улица Академика Варги, дом 20А;77-10-422;18.12.2022;;903900489
207;ИП Юшкова Т.В.;Юго-Западный административный округ;Ломоносовский район;город Москва, Ленинский проспект, дом 82/2;77-10-423;18.12.2022;;903900496
208;Ветеринарная клиника «Аура»;Юго-Восточный административный округ;район Марьино;город Москва, улица Верхние Поля, дом 36, корпус 1;77-09-125;05.04.2039;;903900499
209;ИП Останин О.А.;Юго-Восточный административный округ;Южнопортовый район;город Москва, улица Сайкина, дом 9/1;77-09-396;01.01.2040;;903900550
211;ИП Павловская Е.А.;Юго-Восточный административный округ;район Марьино;город Москва, Новочеркасский бульвар, дом 13;77-09-411;01.01.2040;;903900679
213;АйлендВет;Юго-Восточный административный округ;район Марьино;Российская Федерация, город Москва, внутригородская территория муниципальный округ Марьино, улица Перерва, дом 38;77-09-099;22.06.2039;;903901586
214;Герстендорф В.А.;Юго-Восточный административный округ;район Выхино-Жулебино;Российская Федерация, город Москва, внутригородская территория муниципальный округ Выхино-Жулебино, Моршанская улица, дом 6;77-09-034;08.02.2045;;903901591
215;Ветеринарный центр «Золотое Руно»;Юго-Восточный административный округ;район Выхино-Жулебино;город Москва, Рязанский проспект, дом 93, корпус 2;77-09-062;29.06.2039;;903901593
216;ИП Бычков А.К.;Юго-Восточный административный округ;район Марьино;Российская Федерация, город Москва, внутригородская территория муниципальный округ Марьино, Братиславская улица, дом 22;77-09-359;23.11.2050;;903901595
217;ИП Жиленкова А.Ю.;Юго-Восточный административный округ;район Текстильщики;город Москва, Люблинская улица, дом 39/2;77- 09-187;04.09.2041;;903901596
218;Ветеринарная клиника «ПАНВЕТ»;Юго-Восточный административный округ;Южнопортовый район;Российская Федерация, город Москва, внутригородская территория муниципальный округ Южнопортовый, 1-я Дубровская улица, дом 8/12;77- 09-216;13.03.2041;;903901597
219;Ветеринарный кабинет «Стелла»;Юго-Восточный административный округ;Рязанский район;город Москва, Окская улица, дом 3, корпус 1;77- 09-203;01.01.2040;;903901677
220;ИП Ларионова Е.В.;Юго-Восточный административный округ;район Кузьминки;город Москва, улица Маршала Чуйкова, дом 7, корпус 4;77-09-253;01.01.2040;;903901698
221;ИП Авдохина Е.С.;Юго-Восточный административный округ;район Люблино;город Москва, улица Марьинский Парк, дом 35;77-09-363;26.12.2040;;903901699
222;Веттал;Юго-Восточный административный округ;район Кузьминки;Российская Федерация, город Москва, внутригородская территория муниципальный округ Кузьминки, Волгоградский проспект, дом 60, корпус 3;77-09-003;24.09.2041;;903901700
223;ИП Бирюкова М.С.;Юго-Восточный административный округ;район Люблино;город Москва, Краснодарская улица, дом 57, корпус 1;77-02-016;01.01.2040;;903901701
224;ИП Кавалеров Д.П.;Юго-Восточный административный округ;район Некрасовка;Российская Федерация, город Москва, внутригородская территория муниципальный округ Некрасовка, проспект Защитников Москвы, дом 1;77-09-316;12.06.2040;;903901702
225;ИП Киласония Т.Г.;Юго-Восточный административный округ;район Выхино-Жулебино;город Москва, Ташкентская улица, дом 18, корпус 1;77-09-215;01.01.2040;;903901703
226;ИП Волкова Е.М.;Юго-Восточный административный округ;район Текстильщики;город Москва, Люблинская улица, дом 39/2;77-09-439;01.01.2040;;903901704
227;ИП Кубатин И.А.;Юго-Восточный административный округ;район Текстильщики;город Москва, Грайвороновская улица, дом 12, корпус 1;77-09-481;01.01.2040;;903901705
228;ИП Семченко Р.А.;Юго-Восточный административный округ;район Кузьминки;город Москва, Жигулёвская улица, дом 6, корпус 2;77-09-146;01.01.2040;;903901706
229;ИП Нерсисян Н.А.;Юго-Восточный административный округ;район Текстильщики;город Москва, улица Малышева, дом 24;77-09-415;15.11.2022;;903901742
230;ИП Синельников И.В.;Юго-Восточный административный округ;район Марьино;город Москва, улица Верхние Поля, дом 18;77-09-417;04.12.2022;;903901749
231;ИП Шарашкина Т.В.;Юго-Восточный административный округ;Южнопортовый район;город Москва, Шарикоподшипниковская улица, дом 32;77-09-427;01.01.2040;;903901765
232;Ветеринарная клиника «Эскулап»;Северо-Восточный административный округ;Бабушкинский район;город Москва, Староватутинский проезд, дом 12, строение 2;77-05-060;17.05.2040;;903901768
233;ЗООЛЕКАРЬ;Северо-Восточный административный округ;район Свиблово;Российская Федерация, город Москва, внутригородская территория муниципальный округ Свиблово, Снежная улица, дом 13, корпус 1;77-05-151;23.05.2040;;903901769
234;Зоодоктор;Северо-Восточный административный округ;район Отрадное;Российская Федерация, город Москва, внутригородская территория муниципальный округ Отрадное, Алтуфьевское шоссе, дом 16;77-05-152;17.05.2041;;903901771
235;Ветеринарная клиника «Созвездие»;Северо-Восточный административный округ;Алексеевский район;город Москва, Ярославская улица, дом 12, строение 2;77-05-325;16.02.2040;;903901773
236;«Спектр-Вет»;Северо-Восточный административный округ;Лосиноостровский район;город Москва, Изумрудная улица, дом 3, строение 3;77-05-266;01.01.2040;;903901775
237;ИП Бугаенко С.Е.;Северо-Восточный административный округ;район Марьина Роща;город Москва, улица Образцова, дом 14;77-05-355;17.10.2040;;903901776
238;Ветта-Клиник;Северо-Восточный административный округ;Бабушкинский район;город Москва, улица Менжинского, дом 29;77-05-320;02.09.2020;;903901777
240;ИП Дизевич О.С.;Северо-Восточный административный округ;район Лианозово;город Москва, Алтуфьевское шоссе, дом 89;77-05-459;02.07.2023;;903901783
241;Ветеринарная служба «Симба»;Северо-Восточный административный округ;район Свиблово;город Москва, Снежная улица, дом 17, корпус 2;77-05-173;01.01.2040;;903901784
242;ИП Усачев С.Н.;Северо-Восточный административный округ;район Марьина Роща;город Москва, Октябрьская улица, дом 89;77-05-098;01.01.2040;;903901885
243;ИП Оныщук И.А.;Северо-Восточный административный округ;район Северное Медведково;город Москва, улица Молодцова, дом 4А;77-05-063;21.08.2041;;903901886
244;Королёва А.А.;Северо-Восточный административный округ;Бутырский район;город Москва, улица Яблочкова, дом 35;77-05-076;01.01.2040;;903901887
245;Авет;Северо-Восточный административный округ;Алексеевский район;город Москва, улица Бориса Галушкина, дом 17;77-05-387;01.01.2040;;903901888
246;Веткруг;Северо-Восточный административный округ;район Отрадное;город Москва, улица Пестеля, дом 6;77-05-212;01.01.2040;;903901889
247;Ветеринарная клиника «Спутник»;Северо-Восточный административный округ;район Марьина Роща;город Москва, Шереметьевская улица, дом 34;77-05-467;01.01.2040;;903901891
248;ИП Челышева М.Б.;Северо-Восточный административный округ;Ярославский район;город Москва, Ярославское шоссе, дом 109, корпус 2;77-05-432;12.02.2023;;903901892
249;ИП Карпова Елена Аркадьевна;Северо-Восточный административный округ;Ярославский район;город Москва, Ярославское шоссе, дом 142;77-05-166;01.01.2040;;903901893
251;Астин;Северо-Восточный административный округ;район Бибирево;город Москва, улица Лескова, дом 30, строение 2;77-05-402;01.01.2040;;903901895
252;Ветеринарный диагностический центр имени св. Фрола и Лавра и св. Власия;Северо-Восточный административный округ;район Северное Медведково;город Москва, улица Грекова, дом 11;77-05-148;01.01.2040;;903901941
253;ветеринарная клиника «УНИВЕР» - запад;Западный административный округ;Можайский район;Российская Федерация, город Москва, внутригородская территория муниципальный округ Можайский, Сколковское шоссе, дом 32;77-03-142;06.03.2041;;903901987
254;Ветеринарная Клиника «Матроскин»;Западный административный округ;Можайский район;город Москва, улица Толбухина, дом 10, корпус 1;77-03-166;25.10.2040;;903902028
255;Ветеринарная клиника «Ак Барс»;Западный административный округ;район Филёвский Парк;город Москва, 2-я Филёвская улица, дом 13;77- 03-205;01.01.2040;;903902029
256;Ветеринарная клиника Ниоландо-Вет;Западный административный округ;район Фили-Давыдково;город Москва, Кастанаевская улица, дом 58;77-03-211;01.01.2040;;903902030
257;Ветеринарнгая клиника Центр ветеринарной хирургии «ВетПрофАльянс»;Западный административный округ;район Тропарёво-Никулино;город Москва, улица Академика Анохина, дом 58, корпус 2;77-03-246;14.06.2040;;903902032
258;Ветеринарная клиника 03 Вет;Западный административный округ;район Тропарёво-Никулино;город Москва, Ленинский проспект, дом 150;77-03-169;14.02.2041;;903902034
259;Ветеринарная клиника Алиса вет;Западный административный округ;район Раменки;город Москва, улица Лобачевского, дом 100;77-03-090;24.01.2022;;903902135
260;ИП ВасинВ.В.;Западный административный округ;район Очаково-Матвеевское;город Москва, улица Наташи Ковшовой, дом 27;77-03-291;01.01.2040;;903902136
261;Ветеринарная клиника «ШарБо»;Западный административный округ;район Ново-Переделкино;город Москва, Чоботовская улица, дом 1;77-03-448;01.01.2040;;903902137
262;ИП Бодрягина Елена Сергеевна;Западный административный округ;район Ново-Переделкино;город Москва, улица Скульптора Мухиной, дом 13;77-03-443;01.01.2040;;903902138
263;ИП Бодрягина Е.С.;Западный административный округ;район Ново-Переделкино;город Москва, Боровское шоссе, дом 20;77-03-119;01.01.2040;;903902139
264;ИП Зубов И.В.;Западный административный округ;район Крылатское;город Москва, Рублёвское шоссе, дом 40, корпус 2;77-03-435;12.03.2023;;903902140
265;ИП Рукавишников Д.Ю.;Западный административный округ;район Солнцево;город Москва, Солнцевский проспект, дом 12;77-03-421;20.11.2022;;903902141
266;ИП Щербак В.Л.;Западный административный округ;район Солнцево;город Москва, улица Главмосстроя, дом 7;77-03-441;01.01.2040;;903902142
267;Ветеринарный кабинет «Джамбо»;Центральный административный округ;Таганский район;город Москва, улица Талалихина, дом 3, строение 2;77-07-286;12.12.2040;;903902143
268;ИП Коптева В.Н. ветеринарная клиника «ВиВ»;Центральный административный округ;район Хамовники;Российская Федерация, город Москва, внутригородская территория муниципальный округ Хамовники, Малый Лёвшинский переулок, дом 3;77-07-326;14.02.2040;;903902161
269;ИП Петрова А.В. ветеринарная клиника «Династия»;Центральный административный округ;Таганский район;город Москва, улица Талалихина, дом 1, корпус 1;77-07-340;24.04.2041;;903902245
270;ИП Соломатникова А.И.;Центральный административный округ;Басманный район;город Москва, Большой Спасоглинищевский переулок, дом 9/1, строение 10;77-07-344;01.01.2040;;903902296
271;Ветеринарная клиника «Манол»;Северный административный округ;Головинский район;город Москва, Онежская улица, дом 18;77- 04-207;11.04.2022;;903902343
272;Ветеринарная клиника «Апогей»;Северный административный округ;район Аэропорт;город Москва, Часовая улица, дом 10/1;77-04-035;01.01.2040;;903902345
273;Ветеринарная клиника «От носа до хвоста»;Северный административный округ;Тимирязевский район;город Москва, Ивановская улица, дом 23;77-04-238;01.01.2040;;903902348
274;Ветеринарная клиника «На Беговой»;Северный административный округ;Хорошёвский район;город Москва, улица Розанова, дом 10, строение 1;77- 04-113;17.02.2040;;903902349
275;Ветеринарная клиника «НИКО -1»;Северный административный округ;Дмитровский район;город Москва, Клязьминская улица, дом 15;77-04-082;22.03.2022;;903902353
276;Ветеринарная клиника «Хелппет»;Северный административный округ;Бескудниковский район;город Москва, Бескудниковский бульвар, дом 21, корпус 2;77-04-338;14.03.2040;;903902358
277;Ветеринарная клиника «Львенок»;Северный административный округ;район Коптево;город Москва, Михалковская улица, дом 26, корпус 2;77-04-333;15.03.2040;;903902360
278;ИП Мартынова Т.А.;Северный административный округ;Дмитровский район;город Москва, Учинская улица, дом 6;77-04-450;01.01.2040;;903902361
279;ИП Бутырин Федор Вадимович;Северный административный округ;район Западное Дегунино;город Москва, улица Ивана Сусанина, дом 4, корпус 7;77-04-484;01.01.2049;;903902446
280;ИП Сорокина Юлия Эдуардовна;Северный административный округ;район Аэропорт;город Москва, улица 8 Марта, дом 15А;77-04-477;01.01.2040;;903902462
281;ИП Гестендорф Виктор Альбертович;Северный административный округ;район Западное Дегунино;город Москва, Коровинское шоссе, дом 1, корпус 2;77-04-455;01.01.2040;;903902463
282;Ветцентр ПБОЮЛ Герстендорф В.А.;Северо-Западный административный округ;район Южное Тушино;город Москва, улица Свободы, дом 29;77-06-032;14.02.2041;;903902464
283;Ветеринарная клиника «Апогей»;Северо-Западный административный округ;район Митино;город Москва, улица Генерала Белобородова, дом 16, корпус 2;77-06-132;01.01.2040;;903902465
284;К-9;Северо-Западный административный округ;район Северное Тушино;город Москва, улица Героев Панфиловцев, дом 13, корпус 3;77-06-301;15.03.2040;;903902467
285;К-9;Северо-Западный административный округ;район Северное Тушино;город Москва, улица Свободы, дом 59;77-06-416;21.03.2040;;903902469
286;Ветеринарная клиника «Хатико»;Северо-Западный административный округ;район Щукино;город Москва, Авиационная улица, дом 70, корпус 1;77-06-163;01.01.2040;;903902471
287;Ветеринарная клиника «Водолей»;Северо-Западный административный округ;район Хорошёво-Мнёвники;город Москва, улица Генерала Глаголева, дом 9, корпус 2;77-06-232;01.01.2040;;903902473
288;Ветеринарная клиника «Аист-Вет»;Северо-Западный административный округ;район Строгино;город Москва, улица Твардовского, дом 18, корпус 5;77-06-371;26.12.2040;;903902477
289;ИП Брэдис Е.Н.;Северо-Западный административный округ;район Митино;город Москва, 3-й Митинский переулок, дом 4, корпус 1;77-06-419;16.11.2022;;903902479
290;Ветеринарная клиника «Био-Вет»;Северо-Западный административный округ;район Хорошёво-Мнёвники;город Москва, улица Народного Ополчения, дом 28, корпус 2;77-01-401;29.08.2022;;903902481
291;Ветеринарная клиника «Вет-мед»;Северо-Западный административный округ;район Хорошёво-Мнёвники;город Москва, Карамышевская набережная, дом 48, корпус 1;77-06-408;28.09.2022;;903902485
292;ИП Хуторянская Галина Григорьевна;Северо-Западный административный округ;район Северное Тушино;город Москва, улица Свободы, дом 65;77-06-447;01.01.2040;;903902487
293;ИП Евдокимов А.В.;Восточный административный округ;район Богородское;город Москва, Краснобогатырская улица, дом 2, строение 86;77-01-566;22.03.2041;;903904903
294;ИП Ульянова Т.В.;Восточный административный округ;район Новокосино;город Москва, Суздальская улица, дом 42;77-01-150;01.01.2040;;903904955
295;ИП Барничев А.М.;Восточный административный округ;район Соколиная Гора;город Москва, Семёновская площадь, дом 1;77-01-121;17.10.2040;;903905012
296;ИП Герстендорф В.А.;Восточный административный округ;район Ивановское;Российская Федерация, город Москва, внутригородская территория муниципальный округ Ивановское, шоссе Энтузиастов, дом 98Б;77-01-222;13.12.2040;;903905179
297;Ветеринарная клиника «Добрый мир»;Восточный административный округ;район Косино-Ухтомский;город Москва, улица Руднёвка, дом 19;77-01-092;01.01.2040;;903905185
298;Ветеринарный центр «Северное Сияние»;Восточный административный округ;район Сокольники;город Москва, Большая Остроумовская улица, дом 12;77-01-188;01.01.2040;;903905189
299;Ветеринарная клиника «Вет Хаус»;Восточный административный округ;район Северное Измайлово;город Москва, 13-я Парковая улица, дом 36;77-01-139;29.06.2022;;903905282
300;Ветеринарная клиника «Тяпа»;Восточный административный округ;район Вешняки;город Москва, Снайперская улица, дом 8;77-01-196;09.02.2022;;903905286
301;Ветеринарная клиника «Ветеринарный центр Новокосино»;Восточный административный округ;район Новокосино;город Москва, Суздальская улица, дом 12А;77-01-196;09.02.2022;;903905293
302;Ветеринарная клиника «Благодел-вет»;Восточный административный округ;район Перово;город Москва, Кусковская улица, дом 1;77-01-195;01.01.2040;;903905298
303;Ветеринарная клиника «В мире животных»;Восточный административный округ;район Косино-Ухтомский;город Москва, Святоозерская улица, дом 22;77-01-260;01.01.2040;;903905303
304;ИП Алямовская И.В.;Восточный административный округ;район Гольяново;город Москва, Алтайская улица, дом 33/7;77-01-273;01.01.2040;;903905308
305;ИП Ветеринарная клиника «ВетВелес»;Восточный административный округ;район Северное Измайлово;город Москва, Щёлковское шоссе, дом 18, корпус 1;77-01-280;01.01.2040;;903905315
306;Ветеринарная клиника «Богородский Ветеринарный Центр»;Восточный административный округ;район Богородское;Российская Федерация, город Москва, внутригородская территория муниципальный округ Богородское, Ивантеевская улица, дом 3, корпус 2;77-01-122;14.02.2041;;903905318
307;ИП Кабанов Д.А.;Восточный административный округ;район Гольяново;город Москва, Чусовская улица, дом 5, корпус 2;77 -01-335;17.03.2044;;903905320
308;ИП Центр репродукции и здоровья животных «Ковчег»;Восточный административный округ;район Соколиная Гора;город Москва, Большая Семёновская улица, дом 10, строение 11;77-01-351;18.07.2041;;903905323
310;ИП Шилкина Е.И.;Восточный административный округ;район Измайлово;город Москва, 5-я Парковая улица, дом 6;77-01-362;25.12.2042;;903905325
311;ИП Подобедов А.А.;Восточный административный округ;район Сокольники;Российская Федерация, город Москва, внутригородская территория муниципальный округ Сокольники, Большая Остроумовская улица, дом 12;77-01-188;14.06.2040;;903905334
312;ИП Калеменева С.А.;Восточный административный округ;район Косино-Ухтомский;город Москва, улица Руднёвка, дом 15;77-01-424;18.12.2022;;903905374
313;ИП Тарарин А.В.;Восточный административный округ;район Северное Измайлово;Российская Федерация, город Москва, внутригородская территория муниципальный округ Северное Измайлово, Сиреневый бульвар, дом 15;77-01-476;01.01.2040;;903905419
314;ИП Колядина Н.И.;Восточный административный округ;район Соколиная Гора;город Москва, Большая Семёновская улица, дом 10, строение 11;77-01-413;23.10.2022;;903905464
315;Ветеринарная клиника «Патрик»;Троицкий административный округ;поселение Щаповское;город Москва, поселение Щаповское, посёлок Щапово, дом 59;77-12-453;01.01.2040;;903905569
316;Ветеринарная клиника «Усатый полосатый»;Новомосковский административный округ;поселение Десеновское;город Москва, поселение Десеновское, 2-я Нововатутинская улица, дом 5;77-12-350;26.07.2040;;903905570
317;Ветеринарный центр доктора Соколовой;Новомосковский административный округ;поселение Десеновское;город Москва, поселение Десеновское, 6-я Нововатутинская улица, дом 5;77-11-377;27.01.2022;;903905578
319;Ветеринарная клиника «Зооцентр на Cадовой»;Новомосковский административный округ;поселение Щербинка;город Москва, город Щербинка, Садовая улица, дом 4/7;77-11-237;01.01.2040;;903905674
320;Ветеринарный центр «Ветхелп»;Новомосковский административный округ;поселение Рязановское;"город Москва, поселение Рязановское, посёлок Знамя Октября, микрорайон ""Родники"", дом 2";77-11-240;01.01.2040;;903905675
321;ИП Беспалова М.Н.;Южный административный округ;район Бирюлёво Восточное;город Москва, Бирюлёвская улица, дом 49, корпус 4;77-08-446;01.01.2040;;903905676
322;ИП Седельников;Южный административный округ;район Орехово-Борисово Южное;город Москва, Елецкая улица, дом 4, корпус 1;77-08-260;01.01.2040;;903905677
324;ИП Суровьев Н.А. Вет кабинет Загорье;Южный административный округ;район Бирюлёво Восточное;город Москва, Лебедянская улица, дом 38;77-08-361;01.01.2040;;903905679
325;Ветеринарная клиника «Универ»;Южный административный округ;район Орехово-Борисово Северное;город Москва, улица Генерала Белова, дом 19, корпус 4;77-08-058;10.04.2022;;903905680
326;Ветеринарная клиника «Котофеич»;Южный административный округ;Даниловский район;Российская Федерация, город Москва, внутригородская территория муниципальный округ Даниловский, 1-й Автозаводский проезд, дом 4, корпус 1, строение 3;77-08-337;26.06.2040;;903905681
327;Ветеринарная клиника «АбсолютВет»;Южный административный округ;Даниловский район;Российская Федерация, город Москва, внутригородская территория муниципальный округ Даниловский, Дербеневская набережная, дом 13/17, корпус 1;77-08-370;09.07.2042;;903905682
328;Ветеринарная клиника «Биовет»;Южный административный округ;район Зябликово;город Москва, улица Мусы Джалиля, дом 27, корпус 2, строение 2;77-08-399;01.01.2040;;903905684
329;ИП Крюкова Т.В.;Южный административный округ;район Бирюлёво Западное;город Москва, Медынская улица, дом 5А, корпус 1;77-08-478;01.01.2040;;903905688
330;ИП Мамаев Андрей Владимирович;Юго-Восточный административный округ;район Марьино;город Москва, Перервинский бульвар, дом 22, корпус 3;77-09-357;01.01.2040;;903905802
331;Ветеринарная клиника Айболит плюс;Западный административный округ;район Проспект Вернадского;город Москва, улица Удальцова, дом 75;77-10-128;01.01.2040;;903906260
332;ИП Останин О.А.;Юго-Восточный административный округ;район Печатники;город Москва, улица Гурьянова, дом 4, корпус 1;77-09-397;20.07.2022;;903906274
333;ИП Останин О.А.;Юго-Восточный административный округ;район Марьино;город Москва, Перервинский бульвар, дом 21, корпус 1;77-09-395;01.01.2040;;903906275
334;ИП Черкасова Е.М. Ветеринарная клиника «Клосо»;Юго-Восточный административный округ;район Некрасовка;город Москва, улица Ухтомского Ополчения, дом 5;77-09-231;01.01.2040;;903906276
335;Верный друг;Юго-Восточный административный округ;Нижегородский район;город Москва, Нижегородская улица, дом 29-33, строение 1;77- 09-046;01.01.2040;;903906295
336;УМКАПЛЮС;Северо-Восточный административный округ;район Отрадное;город Москва, улица Мусоргского, дом 3;77-05-334;01.01.2040;;903906366
338;ИП Зубов И.В.;Западный административный округ;район Солнцево;город Москва, Боровское шоссе, дом 2, строение 4;77-03-435;01.01.2040;;903906666
339;Ветеринарная клиника «Пеликан»;Центральный административный округ;район Хамовники;город Москва, улица Доватора, дом 3;77-07-364;01.01.2040;;903906702
340;Ветеринарная клиника «Ветеринарный центр №1»;Восточный административный округ;район Соколиная Гора;город Москва, проспект Будённого, дом 33;77-01-293;01.01.2040;;903906703
341;ИП Абасалиева ВТС «ВИТА»;Южный административный округ;район Царицыно;город Москва, Кантемировская улица, дом 3, корпус 6;77-08-075;01.01.2040;;903906705
343;Ветеринарный центр «Высота»;Северо-Восточный административный округ;Бутырский район;город Москва, улица Фонвизина, дом 11А;77-05-181;01.01.2040;;903907049
344;Ветеринарная клиника Нико-2;Северо-Восточный административный округ;Лосиноостровский район;город Москва, улица Малыгина, дом 5, корпус 1;77-05-383;01.01.2040;;903907052
346;ИП Цыгман М.Н. ветклиника «Соколиная гора»;Восточный административный округ;район Соколиная Гора;город Москва, Щербаковская улица, дом 50, строение 1;77-01-054;10.01.2041;;903907054
347;Ветеринарная клиника «БИО-ВЕТ»;Новомосковский административный округ;поселение Щербинка;город Москва, город Щербинка, улица Индустриальная, дом 11;77-12-313;30.05.2041;;903940989
348;ИП Максименко С.А.;Центральный административный округ;Красносельский район;город Москва, Леснорядский переулок, дом 2;77-07-022;01.01.2040;;903941006
349;Ветеринарная клиника ВетОК;Юго-Восточный административный округ;район Люблино;город Москва, Люблинская улица, дом 59;77-02-202;01.01.2040;;903941007
350;ООО «Центр Ветеринарной Медицины»;Южный административный округ;район Орехово-Борисово Северное;город Москва, улица Маршала Захарова, дом 6, корпус 1, строение 2;77-08-490;29.06.2040;;912579708
351;ИП Бурцева А.Ю.;Новомосковский административный округ;поселение Воскресенское;город Москва, поселение Воскресенское, посёлок Воскресенское, дом 39;77-11-491;14.03.2040;;912579839
352;ИП Останин А.О.;Юго-Западный административный округ;район Зюзино;город Москва, Болотниковская улица, дом 21, строение 1;77-10-492;07.03.2040;;912579840
353;ИП Останин О.А.;Западный административный округ;район Раменки;город Москва, улица Столетова, дом 15;77-03-493;06.03.2040;;912579841
354;Останин О.А.;Южный административный округ;район Орехово-Борисово Южное;город Москва, Елецкая улица, дом 11, корпус 2;77-08-494;07.03.2040;;912579842
355;ИП Баляба П.А.;Северо-Восточный административный округ;Алтуфьевский район;город Москва, Алтуфьевское шоссе, дом 56;77-05-495;14.03.2040;;912579843
356;ИП Мамедов З.С.;Южный административный округ;Нагорный район;город Москва, Варшавское шоссе, дом 56, строение 2;77-08-497;13.03.2040;;912579870
357;ООО «ЛЮБИМЫЙ НОСИК»;Юго-Восточный административный округ;Южнопортовый район;город Москва, 6-я Кожуховская улица, дом 6, строение 2;77-09-498;06.03.2040;;912579887
358;ИП Левина А.В.;Восточный административный округ;район Преображенское;город Москва, Большая Черкизовская улица, дом 9, корпус 1;77-01-499;06.03.2040;;912579900
359;ИП Черных Н.С.;Западный административный округ;район Тропарёво-Никулино;город Москва, Ленинский проспект, дом 150;77-03-500;21.03.2040;;912579908
360;ООО «Скорая Ветеринарная Помощь»;Северный административный округ;Тимирязевский район;город Москва, Дмитровское шоссе, дом 51, корпус 1;77-04-501;28.12.2039;;912579909
361;ООО «Скорая Ветеринарная Помощь»;Центральный административный округ;Таганский район;город Москва, улица Сергия Радонежского, дом 15-17, строение 1;77-07-502;07.03.2040;;912579910
362;ООО ВЕТЕРИНАРНАЯ КЛИНИКА ГАВЗДРАВ;Южный административный округ;район Чертаново Центральное;город Москва, Днепропетровская улица, дом 14;77-08-485;21.11.2040;;920026966
363;ИП Кумбов П.К.;Северо-Восточный административный округ;район Марьина Роща;город Москва, улица Образцова, дом 14;77-05-486;08.11.2040;;920027015
364;ООО Мода Сервис;Северо-Западный административный округ;район Строгино;город Москва, улица Маршала Катукова, дом 17, корпус 1;77-06-488;11.05.2040;;920027018
365;ООО ВЕТМАРКЕТ;Новомосковский административный округ;поселение Московский;город Москва, город Московский, 3-й микрорайон, владение 22А, строение 20;77-11-503;27.01.2040;;920027028
366;ИП Маслов А.С.;Северо-Восточный административный округ;Бутырский район;город Москва, улица Добролюбова, дом 18;77-05-504;27.02.2040;;920027031
367;ИП Бобрышова Н.И.;Новомосковский административный округ;поселение Сосенское;город Москва, поселение Сосенское, посёлок Коммунарка, улица Липовый Парк, дом 7, корпус 1;77-11-505;27.02.2040;;920027034
368;ИП Салихова Е.В.;Восточный административный округ;район Богородское;город Москва, 4-я Гражданская улица, дом 36;77-01-506;16.03.2040;;920027036
369;ООО ЗООГАЛЕРЕЯ 3;Северный административный округ;район Аэропорт;город Москва, Часовая улица, дом 18, строение 3;77-04-507;05.03.2040;;920027038
370;ИП Дух С.Ю.;Северный административный округ;район Сокол;город Москва, Новопесчаная улица, дом 21, корпус 1;77-04-509;13.03.2040;;920027040
371;ИП Мухина М.Ю.;Юго-Западный административный округ;район Тёплый Стан;город Москва, улица Академика Виноградова, дом 1, корпус 1;77-10-510;16.03.2040;;920027044
372;ИП Нескород Н.Н.;Восточный административный округ;район Северное Измайлово;город Москва, Щёлковское шоссе, дом 54;77-01-511;20.03.2040;;920027046
373;ИП Евстигнеева Ю.А.;Северо-Восточный административный округ;Алексеевский район;город Москва, улица Павла Корчагина, дом 2;77-05-512;21.03.2040;;920027047
374;ИП Беспалова М.Н.;Юго-Восточный административный округ;район Марьино;город Москва, Батайский проезд, дом 25;77-09-513;09.04.2040;;920027049
375;ООО ГУД ВЕТ;Восточный административный округ;район Новогиреево;город Москва, Фрязевская улица, дом 4;77-01-514;10.04.2040;;920027052
376;ИП Полянский А.Н.;Юго-Восточный административный округ;Южнопортовый район;город Москва, 1-я Дубровская улица, дом 8/12;77-09-515;10.04.2040;;920027055
377;ООО ВЦ ВАШ ДОБРЫЙ ДОКТОР;Восточный административный округ;район Богородское;город Москва, Погонный проезд, дом 1, корпус 9;77-01-516;23.04.2040;;920027065
378;ООО ПАРОЛЕ;Западный административный округ;район Солнцево;город Москва, улица Терёшково, владение 1;77-03-517;01.06.2040;;927068411
379;ООО Ветеринарная клиника В ДОБРЫЕ РУКИ;Юго-Западный административный округ;Обручевский район;город Москва, улица Намёткина, дом 3;77-10-518;01.06.2040;;927068419
381;ООО Лиман Сервис;Юго-Восточный административный округ;Рязанский район;город Москва, Зарайская улица, владение 48А, строение 1;77-09-520;02.07.2040;;933347014
383;ООО Лиман Сервис;Северо-Западный административный округ;район Южное Тушино;город Москва, улица Свободы, дом 39;77-06-522;02.07.2040;;933347030
384;ИП Садоведов К.П.;Западный административный округ;район Ново-Переделкино;город Москва, Чоботовская улица, дом 17, корпус 1;77-03-523;02.07.2040;;933347057
385;ИП Лукина А.А.;Южный административный округ;район Чертаново Южное;город Москва, Россошанская улица, дом 4, корпус 1;77-08-524;02.07.2040;;933348583
386;ООО ЗЕВС ВЕТ;Северный административный округ;Хорошёвский район;город Москва, улица Полины Осипенко, дом 10, корпус 1;77-04-525;07.07.2042;;933348629
387;ИП Серебряков И.В.;Восточный административный округ;район Гольяново;город Москва, Байкальская улица, дом 13, строение 1;77-01-526;08.07.2041;;933348641
388;ИП Нерсисян Н.А.;Юго-Западный административный округ;район Черёмушки;город Москва, Новочерёмушкинская улица, дом 57;77-10-527;02.07.2040;;933348677
389;ИП Шибитов С.К.;Троицкий административный округ;поселение Вороновское;"город Москва, поселение Вороновское, посёлок ЛМС, микрорайон ""Солнечный городок"", дом 2А";77-12-528;02.07.2040;;933348729
390;ООО ВетСемья;Северо-Восточный административный округ;район Отрадное;город Москва, Алтуфьевское шоссе, дом 40Д;77-05-529;07.08.2040;;1006410946
391;ИП Птицын И.А.;Северо-Восточный административный округ;Ярославский район;город Москва, Палехская улица, дом 21;77-05-530;13.08.2040;;1006411431
392;ИП Лобанов П.С.;Юго-Восточный административный округ;район Лефортово;город Москва, улица Лефортовский Вал, дом 9А, строение 1;77-09-531;07.08.2040;;1006412498
393;ООО Ганбару;Юго-Западный административный округ;район Тёплый Стан;город Москва, Профсоюзная улица, дом 144;77-10-532;07.08.2040;;1006412506
394;ИП Бредис Е.Н.;Северный административный округ;Савёловский район;город Москва, 4-й Вятский переулок, дом 16, корпус 1;77-04-533;07.08.2040;;1006412517
395;ООО АНТА;Центральный административный округ;Басманный район;город Москва, Доброслободская улица, дом 7/1;77-07-534;11.12.2040;;1026489784
396;ООО ЛЕОПОЛЬД И КО;Западный административный округ;район Солнцево;город Москва, улица Терёшково, владение 1;77-03-535;10.12.2041;;1026489785
397;ИП Останина Е А;Юго-Западный административный округ;район Зюзино;город Москва, Болотниковская улица, дом 21, строение 8;77-10-536;16.12.2041;;1026489786
398;ИП Останина Е.А.;Восточный административный округ;район Новогиреево;город Москва, Новогиреевская улица, дом 53;77-10-537;23.12.2042;;1026489787
399;ООО ИВЦ МВА;Западный административный округ;район Раменки;город Москва, Мичуринский проспект, дом 8, строение 2;77-03-538;10.12.2047;;1026489788
400;ООО ВЕТ СИТИ ЦЕНТР;Северо-Восточный административный округ;Алексеевский район;город Москва, Зубарев переулок, дом 7;77-05-539;14.12.2049;;1026489789
401;ИП Шевчченко И.А.;Южный административный округ;район Нагатинский Затон;город Москва, проспект Андропова, дом 15;77-08-540;05.12.2040;;1026489791
402;ИП Соломатникова А.И.;Юго-Восточный административный округ;район Лефортово;город Москва, шоссе Энтузиастов, дом 13, строение 4;77-09-541;30.11.2044;;1026489797
403;ООО ВДМ;Восточный административный округ;район Перово;город Москва, Перовская улица, дом 23;77-01-542;06.12.2046;;1026489799
404;ООО Ветеринарный эксперт;Северо-Западный административный округ;район Хорошёво-Мнёвники;город Москва, набережная Новикова-Прибоя, дом 5, корпус 2;77-06-543;28.11.2046;;1026489802
405;ООО БЕЛЫЙ КЛЫК ВЕТ;Северо-Западный административный округ;район Строгино;город Москва, улица Исаковского, дом 2;77-06-544;18.12.2041;;1026489805
406;ИП Ионичевская Т.В.;Южный административный округ;Даниловский район;город Москва, улица Серпуховский Вал, дом 20;77-08-545;11.12.2046;;1026489809
407;ИП Чухарева О.В.;Юго-Восточный административный округ;район Некрасовка;город Москва, улица Вертолётчиков, дом 11;77-09-546;10.12.2019;;1026489824
408;ИП Чипига Ю.А.;Южный административный округ;район Чертаново Центральное;город Москва, Днепропетровская улица, дом 37, корпус 2;77-08-547;19.12.2046;;1026489835
409;ООО ЗООКлиник;Северо-Западный административный округ;район Покровское-Стрешнево;город Москва, Врачебный проезд, дом 8;77-06-548;16.12.2042;;1026489836
410;ООО Петсервис;Западный административный округ;район Раменки;город Москва, проспект Вернадского, дом 6;77-03-550;03.12.2047;;1026489851
411;ООО Шанс Био Север;Северо-Восточный административный округ;район Марфино;город Москва, Гостиничная улица, дом 10, корпус 5;77-05-551;11.12.2046;;1026489853
412;ООО ЭСПЕРАНС;Северо-Западный административный округ;район Хорошёво-Мнёвники;город Москва, 3-й Силикатный проезд, дом 4, корпус 1, строение 6;77-06-552;08.12.2048;;1026489855
413;ИП Кабанова Е.И.;Юго-Восточный административный округ;район Печатники;город Москва, улица Гурьянова, дом 4, корпус 2;77-09-553;07.12.2050;;1026489856
414;ООО ВЕТМАРКЕТ;Новомосковский административный округ;поселение Московский;город Москва, город Московский, 3-й микрорайон, дом 2;77-11-554;23.01.2043;;1028449088
415;ИП Шилкина Е.И.;Юго-Западный административный округ;район Коньково;город Москва, улица Островитянова, дом 43;77-10-555;23.01.2043;;1028449091
416;ИП Спирин А.С.;Юго-Западный административный округ;район Северное Бутово;город Москва, улица Грина, дом 30;77-10-557;29.01.2043;;1028449134
417;ИП Ульянова М.М.;Юго-Восточный административный округ;район Марьино;город Москва, Белореченская улица, дом 38, корпус 1;77-09-563;15.02.2041;;1029948974
418;ИП Панюхно Е.Г.;Восточный административный округ;район Новогиреево;город Москва, Зелёный проспект, дом 42;77-01-564;15.02.2041;;1029949348
419;Ветеринарный центр ФГБОУ ВО МГАВМиБ-МВА им. К.И. Скрябина;Юго-Восточный административный округ;район Выхино-Жулебино;город Москва, улица Академика Скрябина, дом 23, строение 7;77-09-565;13.02.2043;;1029949471
420;ИП Клевцов-Канарш М.А.;Восточный административный округ;район Косино-Ухтомский;город Москва, Святоозерская улица, дом 22;77-01-567;07.02.2041;;1029949491
421;ИП Евдокимов А.В.;Восточный административный округ;район Богородское;город Москва, Краснобогатырская улица, дом 2, строение 86;77-01-566;19.03.2043;;1031206661
422;ИП Клевцов-Канарш М.А.;Южный административный округ;район Нагатинский Затон;город Москва, Корабельная улица, дом 17, корпус 1;77-08-568;17.03.2044;;1031206662
423;ИП Макарова Е.А.;Южный административный округ;район Нагатинский Затон;город Москва, Нагатинская набережная, дом 54, строение 2;77-08-571;05.03.2042;;1031206986
424;ИП Суаро А.В.;Центральный административный округ;Мещанский район;город Москва, Олимпийский проспект, дом 22, строение 5;77-07-572;15.03.2041;;1031206992
425;ООО Благодел-вет;Восточный административный округ;район Новогиреево;город Москва, Перовская улица, дом 66, корпус 6;77-01-570;21.03.2040;;1031206999
426;ИП Баляба П.А.;Восточный административный округ;район Перово;город Москва, 1-я Владимирская улица, дом 4;77-01-573;13.03.2041;;1031207014
427;ИП Подольский А.А.;Юго-Западный административный округ;район Северное Бутово;город Москва, Куликовская улица, дом 3;77-10-574;13.03.2041;;1031207031
428;ИП Крючков Д.В.;Южный административный округ;район Чертаново Северное;город Москва, Балаклавский проспект, дом 9;77-08-575;21.05.2042;;1031207042
429;ИП Мезин А.В.;Северный административный округ;район Западное Дегунино;город Москва, улица Бусиновская Горка, дом 1, строение 1;77-04-576;30.05.2047;;1044592260
430;ООО ВЕТКАБ;Восточный административный округ;район Ивановское;город Москва, Челябинская улица, дом 21;77-01-578;21.06.2040;;1044592597
431;ООО Арчибальд;Юго-Западный административный округ;Ломоносовский район;город Москва, проспект Вернадского, дом 27, корпус 1;77-10-579;22.06.2045;;1044592684
432;ИП Малежик Е.С.;Юго-Западный административный округ;район Зюзино;город Москва, Болотниковская улица, дом 36, корпус 1;77-10-580;25.06.2048;;1044592785
433;ИП Придатко А.Г.;Северный административный округ;район Сокол;город Москва, улица Панфилова, дом 6Б;77-04-581;14.06.2046;;1044592961
434;ИП Кошкарева О.И.;Восточный административный округ;район Новокосино;город Москва, Салтыковская улица, дом 25А;77-01-582;19.06.2042;;1044593148
435;ООО ВЕТТЕРИТОРИЯ;Центральный административный округ;район Хамовники;город Москва, Большой Саввинский переулок, дом 9, строение 2;77-07-583;29.06.2044;;1044593304
436;ООО ЦВМ;Южный административный округ;район Орехово-Борисово Северное;город Москва, улица Маршала Захарова, дом 6, корпус 1, строение 2;77-08-584;23.06.2044;;1044593466
437;ООО ЛЕОПОЛЬД И КО;Восточный административный округ;район Ивановское;город Москва, Магнитогорская улица, дом 1;77-01-585;21.06.2046;;1044593680
438;ИП Артюков А.В.;Восточный административный округ;район Северное Измайлово;город Москва, Щёлковское шоссе, дом 54;77-01-586;24.06.2048;;1044593819
439;ООО АЛЬФА МЕДИКА;Восточный административный округ;район Северное Измайлово;город Москва, Щёлковское шоссе, дом 54;77-04-587;13.07.2040;;1047350420
440;ИП Зубрилин Д.Ю.;Западный административный округ;район Кунцево;город Москва, Молодогвардейская улица, дом 27, корпус 2;77-03-588;24.07.2042;;1047350704
441;ИП Лабин Д.К.;Зеленоградский административный округ;район Крюково;город Москва, город Зеленоград, Георгиевский проспект, дом 37, корпус 3;77-02-589;19.07.2040;;1047350790
442;ООО АЛЬФА-ВЕТ;Южный административный округ;район Чертаново Южное;город Москва, улица Газопровод, дом 6, корпус 2;77-11-590;18.07.2042;;1047350831
443;ООО ФРИСТАЙЛ;Новомосковский административный округ;поселение Московский;город Москва, город Московский, 3-й микрорайон, дом 8;77-11-591;01.11.2040;;1062238371
444;ИП Милованов Г.В.;Центральный административный округ;Таганский район;город Москва, Большая Андроньевская улица, дом 11/13;77-07-592;04.10.2041;;1062238427
445;ООО ВЕТОКЛИНИКА;Северный административный округ;Дмитровский район;город Москва, Ангарская улица, дом 51, корпус 2;77-04-593;21.10.2042;;1062238457
446;ИП Рябокуль А.И.;Северо-Восточный административный округ;район Северное Медведково;город Москва, Осташковская улица, дом 30;77-05-595;24.10.2040;;1062238477
447;ООО ПЕТ ВЕТ СЕРВИСЕЗ;Северный административный округ;Головинский район;город Москва, Головинское шоссе, дом 5, корпус 1;77-04-596;23.10.2041;;1062238678
448;ООО ВЕТФЕНИКС;Северо-Западный административный округ;район Южное Тушино;город Москва, улица Свободы, дом 35;77-06-597;23.10.2041;;1062239319
449;ИП Белоусов К.В.;Южный административный округ;район Чертаново Южное;город Москва, Кировоградская улица, дом 44Б, строение 2;77-08-598;25.10.2040;;1062239644
450;ИП Стененко Ю.С.;Центральный административный округ;Таганский район;город Москва, улица Сергия Радонежского, дом 23-25, строение 1;77-07-599;23.10.2041;;1062239705
451;ИП Стененко Ю.С.;Северо-Восточный административный округ;район Южное Медведково;город Москва, Полярная улица, дом 10, строение 1;77-05-600;17.10.2041;;1062239770
452;ИП Останин О.А.;Юго-Западный административный округ;район Южное Бутово;город Москва, улица Адмирала Лазарева, дом 35;77-06-601;15.12.2044;;1078725620
453;ИП Литвинкова М.Е.;Северо-Восточный административный округ;район Северное Медведково;город Москва, проезд Шокальского, дом 55, корпус 2;77-05-601;20.12.2046;;1078726087
454;ИП Иванькова К.В.;Юго-Западный административный округ;район Южное Бутово;город Москва, Южнобутовская улица, дом 55;77-10-602;19.12.2047;;1078726185
455;ИП Останин А.А.;Восточный административный округ;район Новогиреево;город Москва, Новогиреевская улица, дом 53;77-01-603;13.12.2046;;1078726479
456;ИП Орлова Е.С.;Западный административный округ;район Ново-Переделкино;город Москва, Боровское шоссе, дом 20;77-03-604;07.12.2045;;1078726656
457;ИП Останин О.А.;Северо-Западный административный округ;район Митино;город Москва, улица Генерала Белобородова, дом 30;77-06-604;08.12.2044;;1078726752
458;ИП Орлова Е.С.;Новомосковский административный округ;поселение Внуковское;город Москва, поселение Внуковское, улица Авиаконструктора Петлякова, дом 5;77-11-605;05.12.2047;;1078727035
459;ИП Орлова Е.С.;Новомосковский административный округ;поселение Внуковское;город Москва, поселение Внуковское, улица Бориса Пастернака, дом 23;77-11-606;11.12.2041;;1078727119
460;ООО ПРОЛАПЫ;Восточный административный округ;район Сокольники;город Москва, Стромынский переулок, дом 4;77-01-607;11.12.2042;;1078727272
461;ИП Куликова Г.И.;Юго-Западный административный округ;район Ясенево;город Москва, Литовский бульвар, дом 7;77-10-608;10.12.2047;;1078727364
462;ООО Мяулай;Северо-Западный административный округ;район Митино;город Москва, Уваровский переулок, дом 3;77-06-609;12.12.2045;;1078727503
463;ИП Евдокимова А.Г.;Новомосковский административный округ;поселение Десеновское;город Москва, поселение Десеновское, Нововатутинский проспект, дом 11;77-11-610;05.12.2046;;1078727694
464;ИП Демина Е.Б.;Западный административный округ;район Фили-Давыдково;город Москва, Большая Филёвская улица, дом 57, корпус 1;77-03-611;07.12.2044;;1078736889
465;ИП Стененко Ю.С.;Северо-Западный административный округ;район Северное Тушино;город Москва, Туристская улица, дом 10, корпус 1;77-06-612;12.12.2040;;1078737276
466;ИП Угнивенко А.А.;Северо-Восточный административный округ;Алтуфьевский район;город Москва, Путевой проезд, дом 52;77-06-613;14.12.2040;;1080813647
467;ООО ЗОО-ВЕТ-МАГ;Центральный административный округ;Басманный район;город Москва, Покровский бульвар, дом 16/10, строение 1;77-07-614;06.12.2040;;1080813669
468;ИП Шумкова К.М.;Северо-Восточный административный округ;Бабушкинский район;город Москва, Ленская улица, дом 2/21;77-05-615;11.12.2041;;1080813688
469;ООО ЗООГАЛЕРЕЯ 18;Северный административный округ;район Аэропорт;город Москва, Часовая улица, дом 18, строение 3;77-04-616;13.12.2041;;1080813709
470;ИП Куцына О.А.;Восточный административный округ;район Гольяново;город Москва, Хабаровская улица, дом 4, корпус 1;77-01-617;10.12.2042;;1080813726
471;Ип Останин А.А.;Юго-Западный административный округ;район Зюзино;город Москва, Болотниковская улица, дом 21, строение 8;77-10-618;18.12.2040;;1080813750
472;ИП Подольский А.А.;Юго-Западный административный округ;район Северное Бутово;город Москва, Куликовская улица, дом 3;77-10-619;13.12.2040;;1080813765
473;ИП Останин О.А.;Юго-Западный административный округ;район Тёплый Стан;город Москва, улица Тёплый Стан, дом 5, корпус 4;77-10-620;06.12.2045;;1080813785
474;ООО ВЕТПРАКТИК;Юго-Восточный административный округ;район Выхино-Жулебино;город Москва, Ташкентская улица, дом 29/179;77-09-620;24.12.2042;;1080813789
475;ООО Седофф;Троицкий административный округ;поселение Первомайское;город Москва, поселение Первомайское, квартал № 328, дом 87, строение 6;77-12-622;06.12.2046;;1080813790
476;ИП Веберг А.Б.;Северо-Западный административный округ;район Хорошёво-Мнёвники;город Москва, Карамышевская набережная, дом 2А;77-06-623;13.12.2044;;1080813793
477;ИП Рабинович Г.Б.;Северо-Восточный административный округ;район Северный;город Москва, Дмитровское шоссе, дом 165Д, корпус 6;77-05-624;13.12.2041;;1080813796
478;ИП Вилковыский И.Ф.;Троицкий административный округ;поселение Троицк;город Москва, город Троицк, Физическая улица, дом 13;77-12-625;14.02.2041;;1089475098
479;ИП Амосова Т.Б.;Северо-Восточный административный округ;район Марфино;Российская Федерация, город Москва, внутригородская территория муниципальный округ Марфино, Большая Марфинская улица, дом 4А;77-06-626;14.02.2046;;1089475141
480;ИП Амосова Т.Б.;Северный административный округ;Дмитровский район;город Москва, Клязьминская улица, дом 8, корпус 2;77-04-627;17.02.2044;;1089475171
481;ИП Амосова Т.Б.;Северный административный округ;район Ховрино;город Москва, улица Лавочкина, дом 32;77-04-628;20.02.2041;;1089475195
482;ИП Золотарев А.Ю.;Новомосковский административный округ;поселение Сосенское;город Москва, поселение Сосенское, бульвар Веласкеса, дом 7, корпус 1;77-11-629;12.02.2043;;1089475245
483;ИП Белобрагина В.С.;Новомосковский административный округ;поселение Московский;город Москва, город Московский, 1-й микрорайон, дом 23;77-11-631;13.02.2041;;1089475301
484;ИП Волчкова К.А.;Южный административный округ;район Орехово-Борисово Южное;город Москва, Каширское шоссе, дом 65, корпус 1;77-08-632;03.02.2043;;1089475356
485;ИП Вельмискин Д.В.;Северный административный округ;Бескудниковский район;город Москва, Дмитровское шоссе, дом 97, корпус 1;77-04-633;11.02.2043;;1089475434
486;ИП Засыпкин О.Ю.;Новомосковский административный округ;поселение Сосенское;город Москва, поселение Сосенское, деревня Сосенки, дом 126;77-11-635;17.04.2042;;1103689658
487;ООО ГРУМ-ПРОФИ;Юго-Западный административный округ;район Зюзино;город Москва, Симферопольский бульвар, дом 16, корпус 2;77-08-636;14.04.2044;;1103689775
488;ООО НЬЮВЕТПРО ФИЛИ;Западный административный округ;район Фили-Давыдково;Российская Федерация, город Москва, внутригородская территория муниципальный округ Фили-Давыдково, Малая Филёвская улица, дом 12, корпус 1;77-03-637;19.04.2041;;1103689871
489;ИП Бредис Е.Н.;Юго-Западный административный округ;район Южное Бутово;город Москва, улица Маршала Савицкого, дом 18, корпус 1;77-10-638;20.04.2040;;1103689981
490;ИП Милованов Г.В.;Западный административный округ;район Фили-Давыдково;город Москва, Кастанаевская улица, дом 55, корпус 1;77-03-639;26.04.2041;;1103690057
491;ИП Фликов А.Г.;Восточный административный округ;район Соколиная Гора;город Москва, Малая Семёновская улица, дом 28, строение 4;77-01-640;09.04.2043;;1103690156
492;ИП Быценко Ю.Н.;Юго-Западный административный округ;район Северное Бутово;Российская Федерация, город Москва, внутригородская территория муниципальный округ Северное Бутово, бульвар Дмитрия Донского, домовладение 17А;77-10-642;05.04.2041;;1103690878
493;ИП Стененко В.А.;Юго-Восточный административный округ;Рязанский район;город Москва, Зарайская улица, владение 48А, строение 1;77-09-643;19.04.2041;;1103691579
494;ИП Дятлов Д.А.;Северный административный округ;район Ховрино;город Москва, Зеленоградская улица, дом 17, корпус 4;77-04-644;18.04.2042;;1103691688
495;ИП Мягков И.И.;Северный административный округ;район Восточное Дегунино;город Москва, Дубнинская улица, дом 50;77-04-645;18.04.2041;;1103691793
496;Белый Клык ООО АЛЬФА БК;Центральный административный округ;Пресненский район;город Москва, улица Красная Пресня, дом 6/2, строение 2;77-07-646;18.04.2042;;1103692462
497;Белый Клык ООО АЛЬФА БК;Северо-Западный административный округ;район Митино;город Москва, Митинская улица, дом 55, корпус 1;77-06-647;19.07.2040;;1103692640
498;Белый Клык ООО АЛЬФА БК;Северо-Западный административный округ;район Строгино;город Москва, Неманский проезд, дом 1А;77-06-648;16.04.2048;;1103693786
499;ООО Зумик;Восточный административный округ;район Гольяново;город Москва, Уссурийская улица, дом 9;77-01-649;17.04.2042;;1103695084
500;ИП Садин С.М.;Северный административный округ;Савёловский район;город Москва, Полтавская улица, дом 33;77-04-650;19.04.2041;;1103695455
501;ООО Пет Ритейл;Центральный административный округ;Таганский район;Российская Федерация, город Москва, внутригородская территория муниципальный округ Таганский, Нижегородская улица, дом 2, корпус 1;77-07-641;19.04.2041;;1103695726
502;ИП Кошкарева О.И.;Восточный административный округ;район Перово;Российская Федерация, город Москва, внутригородская территория муниципальный округ Перово, улица Металлургов, дом 11;77-01-651;15.05.2041;;1103695878
503;ИП Клименко Р.В.;Центральный административный округ;район Хамовники;город Москва, Малая Пироговская улица, дом 25;77-07-652;22.04.2043;;1103696012
504;ООО ВЕТЭМБУЛАНС.РУ;Новомосковский административный округ;поселение Московский;город Москва, поселение Московский, Киевское шоссе, 22-й километр, домовладение 4, строение 5;77-11-653;18.04.2041;;1103696607
505;ООО Ветеринарная клиника ВЕСТА;Северо-Восточный административный округ;район Марьина Роща;Российская Федерация, город Москва, внутригородская территория муниципальный округ Марьина Роща, 3-й проезд Марьиной Рощи, дом 5;77-05-654;18.04.2041;;1103696695
506;ИП Сергеева А.Г.;Северный административный округ;район Коптево;город Москва, улица Зои и Александра Космодемьянских, дом 30/32, корпус 1;77-04-656;12.04.2040;;1103696783
507;ООО АММ;Южный административный округ;Донской район;город Москва, Севастопольский проспект, 13А;77-10-569;22.04.2049;;1103709633
508;ООО ВЕТЭНИМАЛС;Восточный административный округ;район Гольяново;Российская Федерация, город Москва, внутригородская территория муниципальный округ Гольяново, Уральская улица, дом 5;77-01-268;25.04.2041;;1111213261
509;ООО ЛДВЦ МВА;Юго-Восточный административный округ;район Выхино-Жулебино;город Москва, улица Академика Скрябина, дом 23, строение 7;77-09-655;25.04.2040;;1111213912
510;ООО Свой доктор плюс;Восточный административный округ;район Ивановское;Российская Федерация, город Москва, внутригородская территория муниципальный округ Ивановское, улица Сталеваров, дом 22, корпус 2;77-01-657;25.04.2040;;1111214149
511;ООО Торговый Дом Киселева;Восточный административный округ;район Перово;город Москва, Перовская улица, дом 22, корпус 1;77-01-658;24.04.2040;;1111214237
512;ООО Зооветцентр БАЛТО;Северный административный округ;Дмитровский район;город Москва, Долгопрудная улица, дом 8, строение 3;77-04-659;25.04.2040;;1111214268
513;ООО А М Вет;Западный административный округ;район Солнцево;город Москва, улица Авиаторов, дом 13, строение 1;77-03-660;19.04.2040;;1111214310
514;ИП Колпиков Д.А.;Юго-Западный административный округ;Гагаринский район;город Москва, Ленинский проспект, дом 36;77-10-661;23.04.2042;;1111214361
515;ИП Борзенко Е.В.;Юго-Западный административный округ;район Северное Бутово;Российская Федерация, город Москва, внутригородская территория муниципальный округ Северное Бутово, Куликовская улица, дом 7;77-10-662;28.04.2042;;1111214399
516;ИП Захаренко Д.А.;Северо-Западный административный округ;район Хорошёво-Мнёвники;город Москва, Карамышевская набережная, дом 48, корпус 1;77-06-663;10.04.2045;;1111214418
517;ООО ВЕТАМ СВ;Центральный административный округ;Басманный район;город Москва, Бауманская улица, дом 54, строение 3;77-07-664;18.04.2040;;1111214439
518;ИП Лобанов П.С.;Восточный административный округ;район Перово;город Москва, 1-я улица Энтузиастов, дом 4;77-01-667;21.06.2040;;1126065636
519;ООО Альянс М;Юго-Восточный административный округ;Рязанский район;город Москва, Зеленодольская улица, дом 18, корпус 1;77-09-668;20.06.2041;;1126065927
520;ИП Мезин А.В.;Северный административный округ;Головинский район;город Москва, Ленинградское шоссе, дом 80, строение 1;77-04-672;13.06.2040;;1126066469
521;ИП Останин О.А.;Северо-Восточный административный округ;Лосиноостровский район;Российская Федерация, город Москва, внутригородская территория муниципальный округ Лосиноостровский, улица Малыгина, дом 9, строение 2;77-05-669;21.06.2040;;1126066471
522;ИП Белова А.В.;Западный административный округ;район Филёвский Парк;город Москва, Филёвский бульвар, дом 1;77-03-671;24.06.2043;;1126066484
523;ИП Юшкова Т.В.;Северный административный округ;Головинский район;город Москва, Смольная улица, дом 10, строение 2;77-04-670;13.06.2041;;1126066594
-1;Другая государственная клиника;;;;;;;
-1;Другая коммерческая клиника;;;;;;;
-1;Зарубежная клиника;;;;;;;
