1,Консультация ветспециалиста,Терапия,Анамнез,необязательное
1,,,Дата заболевания,необязательное
1,,,Заключительный диагноз,необязательное
1,,,Клинические признаки,необязательное
1,,,Предварительный диагноз,необязательное
1,,,Рекомендации,необязательное
1,,,Симптомы,необязательное
1,,,Схема лечения,необязательное
2,Фиксация животного,Терапия,Анамнез,необязательное
2,,,Дата заболевания,необязательное
2,,,Заключительный диагноз,необязательное
2,,,Клинические признаки,необязательное
2,,,Предварительный диагноз,необязательное
2,,,Рекомендации,необязательное
2,,,Симптомы,необязательное
2,,,Схема лечения,необязательное
3,Первичный клинический осмотр,Терапия,Анамнез,обязательное
3,,,Дата заболевания,обязательное
3,,,Заключительный диагноз,обязательное
3,,,Клинические признаки,обязательное
3,,,Предварительный диагноз,обязательное
3,,,Рекомендации,необязательное
3,,,Симптомы,обязательное
3,,,Схема лечения,обязательное
4,Повторный клинический осмотр,Терапия,Анамнез,необязательное
4,,,Дата заболевания,необязательное
4,,,Заключительный диагноз,обязательное
4,,,Клинические признаки,необязательное
4,,,Предварительный диагноз,необязательное
4,,,Рекомендации,обязательное
4,,,Симптомы,необязательное
4,,,Схема лечения,необязательное
5,"Вакцинация животных с проведением клинического осмотра, консультации, инъекции",Вакцинация,Анамнез,необязательное
5,,,Дата заболевания,необязательное
5,,,Клинические признаки,необязательное
5,,,Рекомендации,необязательное
5,,,Симптомы,необязательное
6,"Введение лекарственных препаратов: внутримышечное, подкожное, внутрикожное, пероральное, глазное капельное, внутривенное через катетер",Терапия,Анамнез,необязательное
6,,,Дата заболевания,необязательное
6,,,Заключительный диагноз,необязательное
6,,,Клинические признаки,необязательное
6,,,Предварительный диагноз,необязательное
6,,,Рекомендации,необязательное
6,,,Симптомы,необязательное
6,,,Схема лечения,необязательное
7,Внутривенное введение лекарственных препаратов,Терапия,Анамнез,необязательное
7,,,Дата заболевания,необязательное
7,,,Заключительный диагноз,необязательное
7,,,Клинические признаки,необязательное
7,,,Предварительный диагноз,необязательное
7,,,Рекомендации,необязательное
7,,,Симптомы,необязательное
7,,,Схема лечения,необязательное
8,Внутривенное капельное введение лекарственных препаратов,Терапия,Анамнез,необязательное
8,,,Дата заболевания,необязательное
8,,,Заключительный диагноз,необязательное
8,,,Клинические признаки,необязательное
8,,,Предварительный диагноз,необязательное
8,,,Рекомендации,необязательное
8,,,Симптомы,необязательное
8,,,Схема лечения,необязательное
9,Внутрисуставное введение лекарственных препаратов,Терапия,Анамнез,необязательное
9,,,Дата заболевания,необязательное
9,,,Заключительный диагноз,необязательное
9,,,Клинические признаки,необязательное
9,,,Предварительный диагноз,необязательное
9,,,Рекомендации,необязательное
9,,,Симптомы,необязательное
9,,,Схема лечения,необязательное
10,Внутрикостное введение лекарственных препаратов,Терапия,Анамнез,необязательное
10,,,Дата заболевания,необязательное
10,,,Заключительный диагноз,необязательное
10,,,Клинические признаки,необязательное
10,,,Предварительный диагноз,необязательное
10,,,Рекомендации,необязательное
10,,,Симптомы,необязательное
10,,,Схема лечения,необязательное
11,"Установка внутривенного катетера - кошки, собаки",Терапия,Анамнез,необязательное
11,,,Дата заболевания,необязательное
11,,,Заключительный диагноз,необязательное
11,,,Клинические признаки,необязательное
11,,,Предварительный диагноз,необязательное
11,,,Рекомендации,необязательное
11,,,Симптомы,необязательное
11,,,Схема лечения,необязательное
12,"Установка внутривенного катетера - декоративные животные (хорьки, норки, морские свинки, лисы и другие животные)",Терапия,Анамнез,необязательное
12,,,Дата заболевания,необязательное
12,,,Заключительный диагноз,необязательное
12,,,Клинические признаки,необязательное
12,,,Предварительный диагноз,необязательное
12,,,Рекомендации,необязательное
12,,,Симптомы,необязательное
12,,,Схема лечения,необязательное
13,Снятие внутривенного катетера,Терапия,Анамнез,необязательное
13,,,Дата заболевания,необязательное
13,,,Заключительный диагноз,необязательное
13,,,Клинические признаки,необязательное
13,,,Предварительный диагноз,необязательное
13,,,Рекомендации,необязательное
13,,,Симптомы,необязательное
13,,,Схема лечения,необязательное
14,Ректальное введение препаратов,Терапия,Анамнез,необязательное
14,,,Дата заболевания,необязательное
14,,,Заключительный диагноз,необязательное
14,,,Клинические признаки,необязательное
14,,,Предварительный диагноз,необязательное
14,,,Рекомендации,необязательное
14,,,Симптомы,необязательное
14,,,Схема лечения,необязательное
15,Расчистка и обрезка копыт с/х животного,Груминг,Анамнез,необязательное
15,,,Дата заболевания,необязательное
15,,,Клинические признаки,необязательное
15,,,Рекомендации,необязательное
15,,,Симптомы,необязательное
16,Обрезка рогов с/х животного,Груминг,Анамнез,необязательное
16,,,Дата заболевания,необязательное
16,,,Клинические признаки,необязательное
16,,,Рекомендации,необязательное
16,,,Симптомы,необязательное
17,Обрезка рогов с/х животного - обезроживание телят,Груминг,Анамнез,необязательное
17,,,Дата заболевания,необязательное
17,,,Клинические признаки,необязательное
17,,,Рекомендации,необязательное
17,,,Симптомы,необязательное
18,Обрезка когтей,Груминг,Анамнез,необязательное
18,,,Дата заболевания,необязательное
18,,,Клинические признаки,необязательное
18,,,Рекомендации,необязательное
18,,,Симптомы,необязательное
19,Обрезка клюва,Груминг,Анамнез,необязательное
19,,,Дата заболевания,необязательное
19,,,Клинические признаки,необязательное
19,,,Рекомендации,необязательное
19,,,Симптомы,необязательное
20,Удаление колтунов,Груминг,Анамнез,необязательное
20,,,Дата заболевания,необязательное
20,,,Клинические признаки,необязательное
20,,,Рекомендации,необязательное
20,,,Симптомы,необязательное
21,Удаление иксодовых клещей,Груминг,Анамнез,необязательное
21,,,Дата заболевания,необязательное
21,,,Клинические признаки,необязательное
21,,,Рекомендации,необязательное
21,,,Симптомы,необязательное
22,Санация ушных раковин,Груминг,Анамнез,необязательное
22,,,Дата заболевания,необязательное
22,,,Клинические признаки,необязательное
22,,,Рекомендации,необязательное
22,,,Симптомы,необязательное
23,Очистка параанальных желез,Груминг,Анамнез,необязательное
23,,,Дата заболевания,необязательное
23,,,Клинические признаки,необязательное
23,,,Рекомендации,необязательное
23,,,Симптомы,необязательное
24,Промывание параанальных желез,Груминг,Анамнез,необязательное
24,,,Дата заболевания,необязательное
24,,,Клинические признаки,необязательное
24,,,Рекомендации,необязательное
24,,,Симптомы,необязательное
25,Очистительная клизма,Терапия,Анамнез,необязательное
25,,,Дата заболевания,необязательное
25,,,Заключительный диагноз,необязательное
25,,,Клинические признаки,необязательное
25,,,Предварительный диагноз,необязательное
25,,,Рекомендации,необязательное
25,,,Симптомы,необязательное
25,,,Схема лечения,необязательное
27,Взятие проб крови из вены,Лабораторные исследования,Анамнез,необязательное
27,,,Дата заболевания,необязательное
27,,,Заключение,необязательное
27,,,Клинические признаки,необязательное
28,Взятие проб крови из капилляра,Лабораторные исследования,Анамнез,необязательное
28,,,Дата заболевания,необязательное
28,,,Заключение,необязательное
28,,,Клинические признаки,необязательное
29,Физиопроцедура,Терапия,Анамнез,необязательное
29,,,Дата заболевания,необязательное
29,,,Заключительный диагноз,необязательное
29,,,Клинические признаки,необязательное
29,,,Предварительный диагноз,необязательное
29,,,Рекомендации,необязательное
29,,,Симптомы,необязательное
29,,,Схема лечения,необязательное
30,Оксигенотерапия,Терапия,Анамнез,необязательное
30,,,Дата заболевания,необязательное
30,,,Заключительный диагноз,необязательное
30,,,Клинические признаки,необязательное
30,,,Предварительный диагноз,необязательное
30,,,Рекомендации,необязательное
30,,,Симптомы,необязательное
30,,,Схема лечения,необязательное
31,Взятие мазка отпечатка на цитологический анализ,Лабораторные исследования,Анамнез,необязательное
31,,,Дата заболевания,необязательное
31,,,Заключение,необязательное
31,,,Клинические признаки,необязательное
32,Пункционная биопсия на цитологический анализ,Лабораторные исследования,Анамнез,необязательное
32,,,Дата заболевания,необязательное
32,,,Заключение,необязательное
32,,,Клинические признаки,необязательное
33,"Взятие соскобов, мазков, смывов для диагностических исследований",Лабораторные исследования,Анамнез,необязательное
33,,,Дата заболевания,необязательное
33,,,Заключение,необязательное
33,,,Клинические признаки,необязательное
34,Консилиум ветеринарных специалистов,Терапия,Анамнез,обязательное
34,,,Дата заболевания,обязательное
34,,,Заключительный диагноз,обязательное
34,,,Клинические признаки,обязательное
34,,,Предварительный диагноз,обязательное
34,,,Рекомендации,обязательное
34,,,Симптомы,обязательное
34,,,Схема лечения,обязательное
36,Считывание номера микрочипа (сканирование),Терапия,Анамнез,необязательное
36,,,Дата заболевания,необязательное
36,,,Заключительный диагноз,необязательное
36,,,Клинические признаки,необязательное
36,,,Предварительный диагноз,необязательное
36,,,Рекомендации,необязательное
36,,,Симптомы,необязательное
36,,,Схема лечения,необязательное
38,Обработка против эктопаразитов,Груминг,Анамнез,необязательное
38,,,Дата заболевания,необязательное
38,,,Клинические признаки,необязательное
38,,,Рекомендации,необязательное
38,,,Симптомы,необязательное
39,Удаление мочи путем непрямого массажа брюшной стенки,Терапия,Анамнез,необязательное
39,,,Дата заболевания,необязательное
39,,,Заключительный диагноз,необязательное
39,,,Клинические признаки,необязательное
39,,,Предварительный диагноз,необязательное
39,,,Рекомендации,необязательное
39,,,Симптомы,необязательное
39,,,Схема лечения,необязательное
40,Обработка кожного покрова с санацией (туалетом) раневой поверхности,Терапия,Анамнез,необязательное
40,,,Дата заболевания,необязательное
40,,,Заключительный диагноз,необязательное
40,,,Клинические признаки,необязательное
40,,,Предварительный диагноз,необязательное
40,,,Рекомендации,необязательное
40,,,Симптомы,необязательное
40,,,Схема лечения,необязательное
41,Общий наркоз для проведения оперативных вмешательств и манипуляций а) 1-ой категории сложности,Хирургия,Анамнез,необязательное
41,,,Дата заболевания,необязательное
41,,,Заключительный диагноз,необязательное
41,,,Клинические признаки,необязательное
41,,,Предварительный диагноз,необязательное
41,,,Рекомендации,необязательное
41,,,Симптомы,необязательное
41,,,Схема лечения,необязательное
42,Общий наркоз для проведения оперативных вмешательств и манипуляций б) 2-ой категории сложности,Хирургия,Анамнез,необязательное
42,,,Дата заболевания,необязательное
42,,,Заключительный диагноз,необязательное
42,,,Клинические признаки,необязательное
42,,,Предварительный диагноз,необязательное
42,,,Рекомендации,необязательное
42,,,Симптомы,необязательное
42,,,Схема лечения,необязательное
43,Общий наркоз для проведения оперативных вмешательств и манипуляций в) 3-ей категории сложности,Хирургия,Анамнез,необязательное
43,,,Дата заболевания,необязательное
43,,,Заключительный диагноз,необязательное
43,,,Клинические признаки,необязательное
43,,,Предварительный диагноз,необязательное
43,,,Рекомендации,необязательное
43,,,Симптомы,необязательное
43,,,Схема лечения,необязательное
44,Общий наркоз для проведения оперативных вмешательств и манипуляций г) 4-ой категории сложности,Хирургия,Анамнез,необязательное
44,,,Дата заболевания,необязательное
44,,,Заключительный диагноз,необязательное
44,,,Клинические признаки,необязательное
44,,,Предварительный диагноз,необязательное
44,,,Рекомендации,необязательное
44,,,Симптомы,необязательное
44,,,Схема лечения,необязательное
45,Общий наркоз для проведения оперативных вмешательств и манипуляций д) 5-ой категории сложности,Хирургия,Анамнез,необязательное
45,,,Дата заболевания,необязательное
45,,,Заключительный диагноз,необязательное
45,,,Клинические признаки,необязательное
45,,,Предварительный диагноз,необязательное
45,,,Рекомендации,необязательное
45,,,Симптомы,необязательное
45,,,Схема лечения,необязательное
46,Интубация при введении наркоза для проведения компьютерной томографии,Хирургия,Анамнез,необязательное
46,,,Дата заболевания,необязательное
46,,,Заключительный диагноз,необязательное
46,,,Клинические признаки,необязательное
46,,,Предварительный диагноз,необязательное
46,,,Рекомендации,необязательное
46,,,Симптомы,необязательное
46,,,Схема лечения,необязательное
47,Обработка ран,Хирургия,Анамнез,необязательное
47,,,Дата заболевания,необязательное
47,,,Заключительный диагноз,необязательное
47,,,Клинические признаки,необязательное
47,,,Предварительный диагноз,необязательное
47,,,Рекомендации,необязательное
47,,,Симптомы,необязательное
47,,,Схема лечения,необязательное
48,Перевязка ран,Хирургия,Анамнез,необязательное
48,,,Дата заболевания,необязательное
48,,,Заключительный диагноз,необязательное
48,,,Клинические признаки,необязательное
48,,,Предварительный диагноз,необязательное
48,,,Рекомендации,необязательное
48,,,Симптомы,необязательное
48,,,Схема лечения,необязательное
49,"Наблюдение за функциональными параметрами жизненно важных органов в ходе оперативных вмешательств или реанимационных мероприятий (ЭКГ, пульсоксиметрия, давление, температура) с интубацией, оксигенотерапией",Хирургия,Анамнез,необязательное
49,,,Дата заболевания,необязательное
49,,,Заключительный диагноз,необязательное
49,,,Клинические признаки,необязательное
49,,,Предварительный диагноз,необязательное
49,,,Рекомендации,необязательное
49,,,Симптомы,необязательное
49,,,Схема лечения,необязательное
50,Оперативное вмешательство а) 1-ой категории сложности,Хирургия,Анамнез,необязательное
50,,,Дата заболевания,необязательное
50,,,Заключительный диагноз,необязательное
50,,,Клинические признаки,необязательное
50,,,Предварительный диагноз,необязательное
50,,,Рекомендации,необязательное
50,,,Симптомы,необязательное
50,,,Схема лечения,необязательное
51,Оперативное вмешательство б) 2-ой категории сложности,Хирургия,Анамнез,необязательное
51,,,Дата заболевания,необязательное
51,,,Заключительный диагноз,необязательное
51,,,Клинические признаки,необязательное
51,,,Предварительный диагноз,необязательное
51,,,Рекомендации,необязательное
51,,,Симптомы,необязательное
51,,,Схема лечения,необязательное
52,Оперативное вмешательство в) 3-ей категории сложности,Хирургия,Анамнез,необязательное
52,,,Дата заболевания,необязательное
52,,,Заключительный диагноз,необязательное
52,,,Клинические признаки,необязательное
52,,,Предварительный диагноз,необязательное
52,,,Рекомендации,необязательное
52,,,Симптомы,необязательное
52,,,Схема лечения,необязательное
53,Оперативное вмешательство г) 4-ой категории сложности,Хирургия,Анамнез,необязательное
53,,,Дата заболевания,необязательное
53,,,Заключительный диагноз,необязательное
53,,,Клинические признаки,необязательное
53,,,Предварительный диагноз,необязательное
53,,,Рекомендации,необязательное
53,,,Симптомы,необязательное
53,,,Схема лечения,необязательное
54,Оперативное вмешательство д) 5-ой категории сложности,Хирургия,Анамнез,необязательное
54,,,Дата заболевания,необязательное
54,,,Заключительный диагноз,необязательное
54,,,Клинические признаки,необязательное
54,,,Предварительный диагноз,необязательное
54,,,Рекомендации,необязательное
54,,,Симптомы,необязательное
54,,,Схема лечения,необязательное
55,"Кастрация, стерилизация (оперативное вмешательство) - с/х ж-ые до 2-х месяцев, коты, самцы декоративных животных (хорьки, норки, морские свинки, лисы и другие животные)",Хирургия,Анамнез,необязательное
55,,,Дата заболевания,необязательное
55,,,Заключительный диагноз,необязательное
55,,,Клинические признаки,необязательное
55,,,Предварительный диагноз,необязательное
55,,,Рекомендации,необязательное
55,,,Симптомы,необязательное
55,,,Схема лечения,необязательное
56,"Кастрация, стерилизация (оперативное вмешательство) - кошки, самки декоративных животных (хорьки, норки, морские свинки, лисы и другие животные)",Хирургия,Анамнез,необязательное
56,,,Дата заболевания,необязательное
56,,,Заключительный диагноз,необязательное
56,,,Клинические признаки,необязательное
56,,,Предварительный диагноз,необязательное
56,,,Рекомендации,необязательное
56,,,Симптомы,необязательное
56,,,Схема лечения,необязательное
57,"Кастрация, стерилизация (оперативное вмешательство) - с/х животные от 2-х месяцев и кобели: до 5 кг",Хирургия,Анамнез,необязательное
57,,,Дата заболевания,необязательное
57,,,Заключительный диагноз,необязательное
57,,,Клинические признаки,необязательное
57,,,Предварительный диагноз,необязательное
57,,,Рекомендации,необязательное
57,,,Симптомы,необязательное
57,,,Схема лечения,необязательное
58,"Кастрация, стерилизация (оперативное вмешательство) - с/х животные от 2-х месяцев и кобели: свыше 5 кг до 15 кг",Хирургия,Анамнез,необязательное
58,,,Дата заболевания,необязательное
58,,,Заключительный диагноз,необязательное
58,,,Клинические признаки,необязательное
58,,,Предварительный диагноз,необязательное
58,,,Рекомендации,необязательное
58,,,Симптомы,необязательное
58,,,Схема лечения,необязательное
59,"Кастрация, стерилизация (оперативное вмешательство) - с/х животные от 2-х месяцев и кобели: свыше 15 кг",Хирургия,Анамнез,необязательное
59,,,Дата заболевания,необязательное
59,,,Заключительный диагноз,необязательное
59,,,Клинические признаки,необязательное
59,,,Предварительный диагноз,необязательное
59,,,Рекомендации,необязательное
59,,,Симптомы,необязательное
59,,,Схема лечения,необязательное
60,"Кастрация, стерилизация (оперативное вмешательство) - суки: до 5 кг",Хирургия,Анамнез,необязательное
60,,,Дата заболевания,необязательное
60,,,Заключительный диагноз,необязательное
60,,,Клинические признаки,необязательное
60,,,Предварительный диагноз,необязательное
60,,,Рекомендации,необязательное
60,,,Симптомы,необязательное
60,,,Схема лечения,необязательное
61,"Кастрация, стерилизация (оперативное вмешательство) - суки: свыше 5 кг до 15 кг",Хирургия,Анамнез,необязательное
61,,,Дата заболевания,необязательное
61,,,Заключительный диагноз,необязательное
61,,,Клинические признаки,необязательное
61,,,Предварительный диагноз,необязательное
61,,,Рекомендации,необязательное
61,,,Симптомы,необязательное
61,,,Схема лечения,необязательное
62,"Кастрация, стерилизация (оперативное вмешательство) - суки: свыше 15 кг до 25 кг",Хирургия,Анамнез,необязательное
62,,,Дата заболевания,необязательное
62,,,Заключительный диагноз,необязательное
62,,,Клинические признаки,необязательное
62,,,Предварительный диагноз,необязательное
62,,,Рекомендации,необязательное
62,,,Симптомы,необязательное
62,,,Схема лечения,необязательное
63,"Кастрация, стерилизация (оперативное вмешательство) - суки: свыше 25 кг",Хирургия,Анамнез,необязательное
63,,,Дата заболевания,необязательное
63,,,Заключительный диагноз,необязательное
63,,,Клинические признаки,необязательное
63,,,Предварительный диагноз,необязательное
63,,,Рекомендации,необязательное
63,,,Симптомы,необязательное
63,,,Схема лечения,необязательное
64,Ампутация рудиментарных фаланг у собак - до 2-х недельного возраста (с местным обезболиванием),Хирургия,Анамнез,необязательное
64,,,Дата заболевания,необязательное
64,,,Заключительный диагноз,необязательное
64,,,Клинические признаки,необязательное
64,,,Предварительный диагноз,необязательное
64,,,Рекомендации,необязательное
64,,,Симптомы,необязательное
64,,,Схема лечения,необязательное
65,Ампутация рудиментарных фаланг у собак - от 2-х до 4-х недельного возраста,Хирургия,Анамнез,необязательное
65,,,Дата заболевания,необязательное
65,,,Заключительный диагноз,необязательное
65,,,Клинические признаки,необязательное
65,,,Предварительный диагноз,необязательное
65,,,Рекомендации,необязательное
65,,,Симптомы,необязательное
65,,,Схема лечения,необязательное
66,Ампутация рудиментарных фаланг у собак - свыше 4-х недельного возраста,Хирургия,Анамнез,необязательное
66,,,Дата заболевания,необязательное
66,,,Заключительный диагноз,необязательное
66,,,Клинические признаки,необязательное
66,,,Предварительный диагноз,необязательное
66,,,Рекомендации,необязательное
66,,,Симптомы,необязательное
66,,,Схема лечения,необязательное
67,Ампутация хвоста у собак - до 10-ти дневного возраста (с местным обезболиванием),Хирургия,Анамнез,необязательное
67,,,Дата заболевания,необязательное
67,,,Заключительный диагноз,необязательное
67,,,Клинические признаки,необязательное
67,,,Предварительный диагноз,необязательное
67,,,Рекомендации,необязательное
67,,,Симптомы,необязательное
67,,,Схема лечения,необязательное
68,Ампутация хвоста у собак - от 10-ти дневного до 2-х месячного возраста,Хирургия,Анамнез,необязательное
68,,,Дата заболевания,необязательное
68,,,Заключительный диагноз,необязательное
68,,,Клинические признаки,необязательное
68,,,Предварительный диагноз,необязательное
68,,,Рекомендации,необязательное
68,,,Симптомы,необязательное
68,,,Схема лечения,необязательное
69,Ампутация хвоста у собак - свыше 2-х месячного возраста,Хирургия,Анамнез,необязательное
69,,,Дата заболевания,необязательное
69,,,Заключительный диагноз,необязательное
69,,,Клинические признаки,необязательное
69,,,Предварительный диагноз,необязательное
69,,,Рекомендации,необязательное
69,,,Симптомы,необязательное
69,,,Схема лечения,необязательное
70,Купирование ушных раковин у собак - до 10-ти дневного возраста (с местным обезболиванием),Хирургия,Анамнез,необязательное
70,,,Дата заболевания,необязательное
70,,,Заключительный диагноз,необязательное
70,,,Клинические признаки,необязательное
70,,,Предварительный диагноз,необязательное
70,,,Рекомендации,необязательное
70,,,Симптомы,необязательное
70,,,Схема лечения,необязательное
71,Купирование ушных раковин у собак - от 10-ти дневного до 3-х месячного возраста,Хирургия,Анамнез,необязательное
71,,,Дата заболевания,необязательное
71,,,Заключительный диагноз,необязательное
71,,,Клинические признаки,необязательное
71,,,Предварительный диагноз,необязательное
71,,,Рекомендации,необязательное
71,,,Симптомы,необязательное
71,,,Схема лечения,необязательное
72,Купирование ушных раковин у собак - свыше 3-х месячного возраста,Хирургия,Анамнез,необязательное
72,,,Дата заболевания,необязательное
72,,,Заключительный диагноз,необязательное
72,,,Клинические признаки,необязательное
72,,,Предварительный диагноз,необязательное
72,,,Рекомендации,необязательное
72,,,Симптомы,необязательное
72,,,Схема лечения,необязательное
73,"Удаление параанальных желез у декоративных животных (хорьки, норки и другие животные)",Хирургия,Анамнез,необязательное
73,,,Дата заболевания,необязательное
73,,,Заключительный диагноз,необязательное
73,,,Клинические признаки,необязательное
73,,,Предварительный диагноз,необязательное
73,,,Рекомендации,необязательное
73,,,Симптомы,необязательное
73,,,Схема лечения,необязательное
74,"Катетеризация мочевого пузыря - кошек, котов",Хирургия,Анамнез,необязательное
74,,,Дата заболевания,необязательное
74,,,Заключительный диагноз,необязательное
74,,,Клинические признаки,необязательное
74,,,Предварительный диагноз,необязательное
74,,,Рекомендации,необязательное
74,,,Симптомы,необязательное
74,,,Схема лечения,необязательное
75,"Катетеризация мочевого пузыря - сук, кобелей",Хирургия,Анамнез,необязательное
75,,,Дата заболевания,необязательное
75,,,Заключительный диагноз,необязательное
75,,,Клинические признаки,необязательное
75,,,Предварительный диагноз,необязательное
75,,,Рекомендации,необязательное
75,,,Симптомы,необязательное
75,,,Схема лечения,необязательное
76,"Санация мочевого пузыря, промывание полости матки",Хирургия,Анамнез,необязательное
76,,,Дата заболевания,необязательное
76,,,Заключительный диагноз,необязательное
76,,,Клинические признаки,необязательное
76,,,Предварительный диагноз,необязательное
76,,,Рекомендации,необязательное
76,,,Симптомы,необязательное
76,,,Схема лечения,необязательное
77,Блокады - инфильтрационная,Хирургия,Анамнез,необязательное
77,,,Дата заболевания,необязательное
77,,,Заключительный диагноз,необязательное
77,,,Клинические признаки,необязательное
77,,,Предварительный диагноз,необязательное
77,,,Рекомендации,необязательное
77,,,Симптомы,необязательное
77,,,Схема лечения,необязательное
78,"Блокады - проводниковая, нервного ганглия",Хирургия,Анамнез,необязательное
78,,,Дата заболевания,необязательное
78,,,Заключительный диагноз,необязательное
78,,,Клинические признаки,необязательное
78,,,Предварительный диагноз,необязательное
78,,,Рекомендации,необязательное
78,,,Симптомы,необязательное
78,,,Схема лечения,необязательное
79,Блокады - эпидуральная,Хирургия,Анамнез,необязательное
79,,,Дата заболевания,необязательное
79,,,Заключительный диагноз,необязательное
79,,,Клинические признаки,необязательное
79,,,Предварительный диагноз,необязательное
79,,,Рекомендации,необязательное
79,,,Симптомы,необязательное
79,,,Схема лечения,необязательное
80,Наложение гипсовой повязки (без репозиции) - мелкие породы собак и кошки,Хирургия,Анамнез,необязательное
80,,,Дата заболевания,необязательное
80,,,Заключительный диагноз,необязательное
80,,,Клинические признаки,необязательное
80,,,Предварительный диагноз,необязательное
80,,,Рекомендации,необязательное
80,,,Симптомы,необязательное
80,,,Схема лечения,необязательное
81,Наложение гипсовой повязки (без репозиции) - крупные породы собак,Хирургия,Анамнез,необязательное
81,,,Дата заболевания,необязательное
81,,,Заключительный диагноз,необязательное
81,,,Клинические признаки,необязательное
81,,,Предварительный диагноз,необязательное
81,,,Рекомендации,необязательное
81,,,Симптомы,необязательное
81,,,Схема лечения,необязательное
82,Снятие гипсовой повязки - мелкие породы собак и кошки,Хирургия,Анамнез,необязательное
82,,,Дата заболевания,необязательное
82,,,Заключительный диагноз,необязательное
82,,,Клинические признаки,необязательное
82,,,Предварительный диагноз,необязательное
82,,,Рекомендации,необязательное
82,,,Симптомы,необязательное
82,,,Схема лечения,необязательное
83,Снятие гипсовой повязки - крупные породы собак,Хирургия,Анамнез,необязательное
83,,,Дата заболевания,необязательное
83,,,Заключительный диагноз,необязательное
83,,,Клинические признаки,необязательное
83,,,Предварительный диагноз,необязательное
83,,,Рекомендации,необязательное
83,,,Симптомы,необязательное
83,,,Схема лечения,необязательное
84,Репозиция кости,Хирургия,Анамнез,необязательное
84,,,Дата заболевания,необязательное
84,,,Заключительный диагноз,необязательное
84,,,Клинические признаки,необязательное
84,,,Предварительный диагноз,необязательное
84,,,Рекомендации,необязательное
84,,,Симптомы,необязательное
84,,,Схема лечения,необязательное
85,Вправление вывиха,Хирургия,Анамнез,необязательное
85,,,Дата заболевания,необязательное
85,,,Заключительный диагноз,необязательное
85,,,Клинические признаки,необязательное
85,,,Предварительный диагноз,необязательное
85,,,Рекомендации,необязательное
85,,,Симптомы,необязательное
85,,,Схема лечения,необязательное
86,Пункция брюшной или грудной полости,Хирургия,Анамнез,необязательное
86,,,Дата заболевания,необязательное
86,,,Заключительный диагноз,необязательное
86,,,Клинические признаки,необязательное
86,,,Предварительный диагноз,необязательное
86,,,Рекомендации,необязательное
86,,,Симптомы,необязательное
86,,,Схема лечения,необязательное
87,Родовспоможение,Хирургия,Анамнез,необязательное
87,,,Дата заболевания,необязательное
87,,,Заключительный диагноз,необязательное
87,,,Клинические признаки,необязательное
87,,,Предварительный диагноз,необязательное
87,,,Рекомендации,необязательное
87,,,Симптомы,необязательное
87,,,Схема лечения,необязательное
88,Снятие швов,Хирургия,Анамнез,необязательное
88,,,Дата заболевания,необязательное
88,,,Заключительный диагноз,необязательное
88,,,Клинические признаки,необязательное
88,,,Предварительный диагноз,необязательное
88,,,Рекомендации,необязательное
88,,,Симптомы,необязательное
88,,,Схема лечения,необязательное
89,"Вскрытие абсцессов, гематом и т.д. - без установки дренажа",Хирургия,Анамнез,необязательное
89,,,Дата заболевания,необязательное
89,,,Заключительный диагноз,необязательное
89,,,Клинические признаки,необязательное
89,,,Предварительный диагноз,необязательное
89,,,Рекомендации,необязательное
89,,,Симптомы,необязательное
89,,,Схема лечения,необязательное
90,"Вскрытие абсцессов, гематом и т.д. - с установкой дренажа",Хирургия,Анамнез,необязательное
90,,,Дата заболевания,необязательное
90,,,Заключительный диагноз,необязательное
90,,,Клинические признаки,необязательное
90,,,Предварительный диагноз,необязательное
90,,,Рекомендации,необязательное
90,,,Симптомы,необязательное
90,,,Схема лечения,необязательное
91,Обработка послеоперационного шва,Хирургия,Анамнез,необязательное
91,,,Дата заболевания,необязательное
91,,,Заключительный диагноз,необязательное
91,,,Клинические признаки,необязательное
91,,,Предварительный диагноз,необязательное
91,,,Рекомендации,необязательное
91,,,Симптомы,необязательное
91,,,Схема лечения,необязательное
92,Снятие зубного камня,Стоматология,Анамнез,необязательное
92,,,Дата заболевания,необязательное
92,,,Заключительный диагноз,необязательное
92,,,Клинические признаки,необязательное
92,,,Предварительный диагноз,необязательное
92,,,Рекомендации,необязательное
92,,,Симптомы,необязательное
92,,,Схема лечения,необязательное
93,Удаление зубов - молочных у кошек,Стоматология,Анамнез,необязательное
93,,,Дата заболевания,необязательное
93,,,Заключительный диагноз,необязательное
93,,,Клинические признаки,необязательное
93,,,Предварительный диагноз,необязательное
93,,,Рекомендации,необязательное
93,,,Симптомы,необязательное
93,,,Схема лечения,необязательное
94,Удаление зубов - постоянных у кошек,Стоматология,Анамнез,необязательное
94,,,Дата заболевания,необязательное
94,,,Заключительный диагноз,необязательное
94,,,Клинические признаки,необязательное
94,,,Предварительный диагноз,необязательное
94,,,Рекомендации,необязательное
94,,,Симптомы,необязательное
94,,,Схема лечения,необязательное
95,"Удаление зубов - молочных и постоянных у собак, грызунов",Стоматология,Анамнез,необязательное
95,,,Дата заболевания,необязательное
95,,,Заключительный диагноз,необязательное
95,,,Клинические признаки,необязательное
95,,,Предварительный диагноз,необязательное
95,,,Рекомендации,необязательное
95,,,Симптомы,необязательное
95,,,Схема лечения,необязательное
96,Обрезка резцов у грызунов,Стоматология,Анамнез,необязательное
96,,,Дата заболевания,необязательное
96,,,Заключительный диагноз,необязательное
96,,,Клинические признаки,необязательное
96,,,Предварительный диагноз,необязательное
96,,,Рекомендации,необязательное
96,,,Симптомы,необязательное
96,,,Схема лечения,необязательное
97,Обрезка моляров у грызунов,Стоматология,Анамнез,необязательное
97,,,Дата заболевания,необязательное
97,,,Заключительный диагноз,необязательное
97,,,Клинические признаки,необязательное
97,,,Предварительный диагноз,необязательное
97,,,Рекомендации,необязательное
97,,,Симптомы,необязательное
97,,,Схема лечения,необязательное
98,Субконъюнктивальная инъекция,Офтальмология,Анамнез,необязательное
98,,,Дата заболевания,необязательное
98,,,Заключительный диагноз,необязательное
98,,,Клинические признаки,необязательное
98,,,Предварительный диагноз,необязательное
98,,,Рекомендации,необязательное
98,,,Симптомы,необязательное
98,,,Схема лечения,необязательное
99,Офтальмоскопия,Офтальмология,Анамнез,необязательное
99,,,Дата заболевания,необязательное
99,,,Заключительный диагноз,необязательное
99,,,Клинические признаки,необязательное
99,,,Предварительный диагноз,необязательное
99,,,Рекомендации,необязательное
99,,,Симптомы,необязательное
99,,,Схема лечения,необязательное
100,Офтальмоскопия - флюоресцииновая проба,Офтальмология,Анамнез,необязательное
100,,,Дата заболевания,необязательное
100,,,Заключительный диагноз,необязательное
100,,,Клинические признаки,необязательное
100,,,Предварительный диагноз,необязательное
100,,,Рекомендации,необязательное
100,,,Симптомы,необязательное
100,,,Схема лечения,необязательное
101,Тонометрия глаза,Офтальмология,Анамнез,необязательное
101,,,Дата заболевания,необязательное
101,,,Заключительный диагноз,необязательное
101,,,Клинические признаки,необязательное
101,,,Предварительный диагноз,необязательное
101,,,Рекомендации,необязательное
101,,,Симптомы,необязательное
101,,,Схема лечения,необязательное
102,Ретробульбарная инъекция,Офтальмология,Анамнез,необязательное
102,,,Дата заболевания,необязательное
102,,,Заключительный диагноз,необязательное
102,,,Клинические признаки,необязательное
102,,,Предварительный диагноз,необязательное
102,,,Рекомендации,необязательное
102,,,Симптомы,необязательное
102,,,Схема лечения,необязательное
103,Определение слезопродукции при диагностике глаз (тест Ширмера),Офтальмология,Анамнез,необязательное
103,,,Дата заболевания,необязательное
103,,,Заключительный диагноз,необязательное
103,,,Клинические признаки,необязательное
103,,,Предварительный диагноз,необязательное
103,,,Рекомендации,необязательное
103,,,Симптомы,необязательное
103,,,Схема лечения,необязательное
104,Химическое прижигание роговичного дефекта,Офтальмология,Анамнез,необязательное
104,,,Дата заболевания,необязательное
104,,,Заключительный диагноз,необязательное
104,,,Клинические признаки,необязательное
104,,,Предварительный диагноз,необязательное
104,,,Рекомендации,необязательное
104,,,Симптомы,необязательное
104,,,Схема лечения,необязательное
105,Биомикроскопия глаза,Офтальмология,Анамнез,необязательное
105,,,Дата заболевания,необязательное
105,,,Заключительный диагноз,необязательное
105,,,Клинические признаки,необязательное
105,,,Предварительный диагноз,необязательное
105,,,Рекомендации,необязательное
105,,,Симптомы,необязательное
105,,,Схема лечения,необязательное
106,Гониоскопия глаза,Офтальмология,Анамнез,необязательное
106,,,Дата заболевания,необязательное
106,,,Заключительный диагноз,необязательное
106,,,Клинические признаки,необязательное
106,,,Предварительный диагноз,необязательное
106,,,Рекомендации,необязательное
106,,,Симптомы,необязательное
106,,,Схема лечения,необязательное
107,Общий анализ мочи,Лабораторные исследования,Анамнез,необязательное
107,,,Дата заболевания,необязательное
107,,,Заключение,необязательное
107,,,Клинические признаки,необязательное
108,Общий анализ кала,Лабораторные исследования,Анамнез,необязательное
108,,,Дата заболевания,необязательное
108,,,Заключение,необязательное
108,,,Клинические признаки,необязательное
109,Общий клинический анализ крови - определение гемоглобина,Лабораторные исследования,Анамнез,необязательное
109,,,Дата заболевания,необязательное
109,,,Заключение,необязательное
109,,,Клинические признаки,необязательное
110,Общий клинический анализ крови - подсчет эритроцитов,Лабораторные исследования,Анамнез,необязательное
110,,,Дата заболевания,необязательное
110,,,Заключение,необязательное
110,,,Клинические признаки,необязательное
111,Общий клинический анализ крови - подсчет лейкоцитов,Лабораторные исследования,Анамнез,необязательное
111,,,Дата заболевания,необязательное
111,,,Заключение,необязательное
111,,,Клинические признаки,необязательное
112,Общий клинический анализ крови - определение СОЭ,Лабораторные исследования,Анамнез,необязательное
112,,,Дата заболевания,необязательное
112,,,Заключение,необязательное
112,,,Клинические признаки,необязательное
113,Общий клинический анализ крови - выведение лейкоцитарной формулы,Лабораторные исследования,Анамнез,необязательное
113,,,Дата заболевания,необязательное
113,,,Заключение,необязательное
113,,,Клинические признаки,необязательное
114,Биохимические исследования крови - определение общего белка,Лабораторные исследования,Анамнез,необязательное
114,,,Дата заболевания,необязательное
114,,,Заключение,необязательное
114,,,Клинические признаки,необязательное
115,Биохимические исследования крови - определение общего билирубина,Лабораторные исследования,Анамнез,необязательное
115,,,Дата заболевания,необязательное
115,,,Заключение,необязательное
115,,,Клинические признаки,необязательное
116,Биохимические исследования крови - определение мочевины,Лабораторные исследования,Анамнез,необязательное
116,,,Дата заболевания,необязательное
116,,,Заключение,необязательное
116,,,Клинические признаки,необязательное
117,Биохимические исследования крови - определение общего холестерина,Лабораторные исследования,Анамнез,необязательное
117,,,Дата заболевания,необязательное
117,,,Заключение,необязательное
117,,,Клинические признаки,необязательное
118,Биохимические исследования крови - определение амилазы,Лабораторные исследования,Анамнез,необязательное
118,,,Дата заболевания,необязательное
118,,,Заключение,необязательное
118,,,Клинические признаки,необязательное
119,Биохимические исследования крови - определение гаммаглутамилтрансферазы,Лабораторные исследования,Анамнез,необязательное
119,,,Дата заболевания,необязательное
119,,,Заключение,необязательное
119,,,Клинические признаки,необязательное
120,Биохимические исследования крови - определение триглицеридов,Лабораторные исследования,Анамнез,необязательное
120,,,Дата заболевания,необязательное
120,,,Заключение,необязательное
120,,,Клинические признаки,необязательное
121,Биохимические исследования крови - определение щелочной фосфатазы,Лабораторные исследования,Анамнез,необязательное
121,,,Дата заболевания,необязательное
121,,,Заключение,необязательное
121,,,Клинические признаки,необязательное
122,Биохимические исследования крови - определение глюкозы,Лабораторные исследования,Анамнез,необязательное
122,,,Дата заболевания,необязательное
122,,,Заключение,необязательное
122,,,Клинические признаки,необязательное
123,Биохимические исследования крови - определение креатинина,Лабораторные исследования,Анамнез,необязательное
123,,,Дата заболевания,необязательное
123,,,Заключение,необязательное
123,,,Клинические признаки,необязательное
124,Биохимические исследования крови - определение АСТ (аспартатаминотрансферазы),Лабораторные исследования,Анамнез,необязательное
124,,,Дата заболевания,необязательное
124,,,Заключение,необязательное
124,,,Клинические признаки,необязательное
125,Биохимические исследования крови - определение АЛТ (аланинаминотрансферазы),Лабораторные исследования,Анамнез,необязательное
125,,,Дата заболевания,необязательное
125,,,Заключение,необязательное
125,,,Клинические признаки,необязательное
126,Биохимические исследования крови - определение лактатдегидрогеназы,Лабораторные исследования,Анамнез,необязательное
126,,,Дата заболевания,необязательное
126,,,Заключение,необязательное
126,,,Клинические признаки,необязательное
127,Биохимические исследования крови - определение железа,Лабораторные исследования,Анамнез,необязательное
127,,,Дата заболевания,необязательное
127,,,Заключение,необязательное
127,,,Клинические признаки,необязательное
128,Биохимические исследования крови - определение кальция,Лабораторные исследования,Анамнез,необязательное
128,,,Дата заболевания,необязательное
128,,,Заключение,необязательное
128,,,Клинические признаки,необязательное
129,Биохимические исследования крови - определение натрия,Лабораторные исследования,Анамнез,необязательное
129,,,Дата заболевания,необязательное
129,,,Заключение,необязательное
129,,,Клинические признаки,необязательное
130,Биохимические исследования крови - определение магния,Лабораторные исследования,Анамнез,необязательное
130,,,Дата заболевания,необязательное
130,,,Заключение,необязательное
130,,,Клинические признаки,необязательное
131,Биохимические исследования крови - определение фосфора неорганического,Лабораторные исследования,Анамнез,необязательное
131,,,Дата заболевания,необязательное
131,,,Заключение,необязательное
131,,,Клинические признаки,необязательное
132,Биохимические исследования крови - определение белковых фракций,Лабораторные исследования,Анамнез,необязательное
132,,,Дата заболевания,необязательное
132,,,Заключение,необязательное
132,,,Клинические признаки,необязательное
133,Биохимические исследования крови - определение липазы,Лабораторные исследования,Анамнез,необязательное
133,,,Дата заболевания,необязательное
133,,,Заключение,необязательное
133,,,Клинические признаки,необязательное
134,Биохимические исследования крови - определение калия,Лабораторные исследования,Анамнез,необязательное
134,,,Дата заболевания,необязательное
134,,,Заключение,необязательное
134,,,Клинические признаки,необязательное
135,Биохимические исследования крови - определение креатинкиназы,Лабораторные исследования,Анамнез,необязательное
135,,,Дата заболевания,необязательное
135,,,Заключение,необязательное
135,,,Клинические признаки,необязательное
136,Биохимические исследования крови - определение мочевой кислоты,Лабораторные исследования,Анамнез,необязательное
136,,,Дата заболевания,необязательное
136,,,Заключение,необязательное
136,,,Клинические признаки,необязательное
137,Биохимические исследования крови - определение гемоглобина,Лабораторные исследования,Анамнез,необязательное
137,,,Дата заболевания,необязательное
137,,,Заключение,необязательное
137,,,Клинические признаки,необязательное
138,Биохимические исследования крови - определение амилазы панкреатической,Лабораторные исследования,Анамнез,необязательное
138,,,Дата заболевания,необязательное
138,,,Заключение,необязательное
138,,,Клинические признаки,необязательное
139,Определение гормонов в сыворотке крови - трийодтиронин,Лабораторные исследования,Анамнез,необязательное
139,,,Дата заболевания,необязательное
139,,,Заключение,необязательное
139,,,Клинические признаки,необязательное
140,Определение гормонов в сыворотке крови - тироксин,Лабораторные исследования,Анамнез,необязательное
140,,,Дата заболевания,необязательное
140,,,Заключение,необязательное
140,,,Клинические признаки,необязательное
141,Определение гормонов в сыворотке крови - кортизол,Лабораторные исследования,Анамнез,необязательное
141,,,Дата заболевания,необязательное
141,,,Заключение,необязательное
141,,,Клинические признаки,необязательное
142,Определение гормонов в сыворотке крови - прогестерон,Лабораторные исследования,Анамнез,необязательное
142,,,Дата заболевания,необязательное
142,,,Заключение,необязательное
142,,,Клинические признаки,необязательное
143,Определение гормонов в сыворотке крови - эстрадиол,Лабораторные исследования,Анамнез,необязательное
143,,,Дата заболевания,необязательное
143,,,Заключение,необязательное
143,,,Клинические признаки,необязательное
144,Определение гормонов в сыворотке крови - тестостерон,Лабораторные исследования,Анамнез,необязательное
144,,,Дата заболевания,необязательное
144,,,Заключение,необязательное
144,,,Клинические признаки,необязательное
145,"Определение электролитов крови (хлоридов, натрия, кальция, калия, водородного показателя (pH))",Лабораторные исследования,Анамнез,необязательное
145,,,Дата заболевания,необязательное
145,,,Заключение,необязательное
145,,,Клинические признаки,необязательное
146,Исследование на кровепаразитарные болезни,Лабораторные исследования,Анамнез,необязательное
146,,,Дата заболевания,необязательное
146,,,Заключение,необязательное
146,,,Клинические признаки,необязательное
147,Гельминтокопрологические исследования,Лабораторные исследования,Анамнез,необязательное
147,,,Дата заболевания,необязательное
147,,,Заключение,необязательное
147,,,Клинические признаки,необязательное
148,"Микроскопические исследования на дерматофиты, демодекоз и эктопаразиты",Лабораторные исследования,Анамнез,необязательное
148,,,Дата заболевания,необязательное
148,,,Заключение,необязательное
148,,,Клинические признаки,необязательное
149,Цитологические исследования,Лабораторные исследования,Анамнез,необязательное
149,,,Дата заболевания,необязательное
149,,,Заключение,необязательное
149,,,Клинические признаки,необязательное
150,Гистологическое исследование биологического материала,Лабораторные исследования,Анамнез,необязательное
150,,,Дата заболевания,необязательное
150,,,Заключение,необязательное
150,,,Клинические признаки,необязательное
151,Экспресс-диагностика с применением тест-систем для определения инфекционных болезней животных,Лабораторные исследования,Анамнез,необязательное
151,,,Дата заболевания,необязательное
151,,,Заключение,необязательное
151,,,Клинические признаки,необязательное
152,Экспресс-диагностика показателей крови на анализаторах IDEXX,Лабораторные исследования,Анамнез,необязательное
152,,,Дата заболевания,необязательное
152,,,Заключение,необязательное
152,,,Клинические признаки,необязательное
153,Экспресс-диагностика глюкозы (с использованием глюкометра),Лабораторные исследования,Анамнез,необязательное
153,,,Дата заболевания,необязательное
153,,,Заключение,необязательное
153,,,Клинические признаки,необязательное
170,Плазмаферез и гемосорбция,Терапия,Анамнез,необязательное
170,,,Дата заболевания,необязательное
170,,,Заключительный диагноз,необязательное
170,,,Клинические признаки,необязательное
170,,,Предварительный диагноз,необязательное
170,,,Рекомендации,необязательное
170,,,Симптомы,необязательное
170,,,Схема лечения,необязательное
171,Выезд для оказания ветеринарной помощи на дому,Оказание услуг на дому,Анамнез,необязательное
171,,,Дата заболевания,необязательное
171,,,Заключительный диагноз,необязательное
171,,,Клинические признаки,необязательное
171,,,Предварительный диагноз,необязательное
171,,,Рекомендации,необязательное
171,,,Симптомы,необязательное
171,,,Схема лечения,необязательное
172,Транспортировка животного,Оказание услуг на дому,Анамнез,необязательное
172,,,Дата заболевания,необязательное
172,,,Заключительный диагноз,необязательное
172,,,Клинические признаки,необязательное
172,,,Предварительный диагноз,необязательное
172,,,Рекомендации,необязательное
172,,,Симптомы,необязательное
172,,,Схема лечения,необязательное
173,Выезд ветврача,Оказание услуг на дому,Анамнез,необязательное
173,,,Дата заболевания,необязательное
173,,,Заключительный диагноз,необязательное
173,,,Клинические признаки,необязательное
173,,,Предварительный диагноз,необязательное
173,,,Рекомендации,необязательное
173,,,Симптомы,необязательное
173,,,Схема лечения,необязательное
177,Взвешивание животных,Терапия,Анамнез,необязательное
177,,,Дата заболевания,необязательное
177,,,Заключительный диагноз,необязательное
177,,,Клинические признаки,необязательное
177,,,Предварительный диагноз,необязательное
177,,,Рекомендации,необязательное
177,,,Симптомы,необязательное
177,,,Схема лечения,необязательное
178,Санитарная стрижка животных - мелкие животные (до 5 кг),Груминг,Анамнез,необязательное
178,,,Дата заболевания,необязательное
178,,,Клинические признаки,необязательное
178,,,Рекомендации,необязательное
178,,,Симптомы,необязательное
179,Санитарная стрижка животных - средние животные (свыше 5 кг до 15 кг),Груминг,Анамнез,необязательное
179,,,Дата заболевания,необязательное
179,,,Клинические признаки,необязательное
179,,,Рекомендации,необязательное
179,,,Симптомы,необязательное
180,Санитарная стрижка животных - крупные животные (свыше 15 кг),Груминг,Анамнез,необязательное
180,,,Дата заболевания,необязательное
180,,,Клинические признаки,необязательное
180,,,Рекомендации,необязательное
180,,,Симптомы,необязательное
181,Санитарная помывка животных - мелкие животные (до 5 кг),Груминг,Анамнез,необязательное
181,,,Дата заболевания,необязательное
181,,,Клинические признаки,необязательное
181,,,Рекомендации,необязательное
181,,,Симптомы,необязательное
182,Санитарная помывка животных - средние животные (свыше 5 кг до 15 кг),Груминг,Анамнез,необязательное
182,,,Дата заболевания,необязательное
182,,,Клинические признаки,необязательное
182,,,Рекомендации,необязательное
182,,,Симптомы,необязательное
183,Санитарная помывка животных - крупные животные (свыше 15 кг),Груминг,Анамнез,необязательное
183,,,Дата заболевания,необязательное
183,,,Клинические признаки,необязательное
183,,,Рекомендации,необязательное
183,,,Симптомы,необязательное
197,Отбор проб для лабораторных исследований,Лабораторные исследования,Анамнез,необязательное
197,,,Дата заболевания,необязательное
197,,,Заключение,необязательное
197,,,Клинические признаки,необязательное
198,Груминг кошек (комплекс),Груминг,Анамнез,необязательное
198,,,Дата заболевания,необязательное
198,,,Клинические признаки,необязательное
198,,,Рекомендации,необязательное
198,,,Симптомы,необязательное
199,Груминг собак (комплекс) до 10 кг - короткошерстные (до 3 см),Груминг,Анамнез,необязательное
199,,,Дата заболевания,необязательное
199,,,Клинические признаки,необязательное
199,,,Рекомендации,необязательное
199,,,Симптомы,необязательное
200,Груминг собак (комплекс) до 10 кг - среднешерстные (до 6 см),Груминг,Анамнез,необязательное
200,,,Дата заболевания,необязательное
200,,,Клинические признаки,необязательное
200,,,Рекомендации,необязательное
200,,,Симптомы,необязательное
201,Груминг собак (комплекс) до 10 кг - длинношерстные (свыше 6 см),Груминг,Анамнез,необязательное
201,,,Дата заболевания,необязательное
201,,,Клинические признаки,необязательное
201,,,Рекомендации,необязательное
201,,,Симптомы,необязательное
202,Груминг собак (комплекс) свыше 10 кг до 20 кг - короткошерстные (до 3см),Груминг,Анамнез,необязательное
202,,,Дата заболевания,необязательное
202,,,Клинические признаки,необязательное
202,,,Рекомендации,необязательное
202,,,Симптомы,необязательное
203,Груминг собак (комплекс) свыше 10 кг до 20 кг - среднешерстные (до 6 см),Груминг,Анамнез,необязательное
203,,,Дата заболевания,необязательное
203,,,Клинические признаки,необязательное
203,,,Рекомендации,необязательное
203,,,Симптомы,необязательное
204,Груминг собак (комплекс) свыше 10 кг до 20 кг - длинношерстные (свыше 6 см),Груминг,Анамнез,необязательное
204,,,Дата заболевания,необязательное
204,,,Клинические признаки,необязательное
204,,,Рекомендации,необязательное
204,,,Симптомы,необязательное
205,Груминг собак (комплекс) свыше 20 кг: - короткошерстные (до 3 см),Груминг,Анамнез,необязательное
205,,,Дата заболевания,необязательное
205,,,Клинические признаки,необязательное
205,,,Рекомендации,необязательное
205,,,Симптомы,необязательное
206,Груминг собак (комплекс) свыше 20 кг: - среднешерстные (до 6 см),Груминг,Анамнез,необязательное
206,,,Дата заболевания,необязательное
206,,,Клинические признаки,необязательное
206,,,Рекомендации,необязательное
206,,,Симптомы,необязательное
207,Груминг собак (комплекс) свыше 20 кг: - длинношерстные (свыше 6 см),Груминг,Анамнез,необязательное
207,,,Дата заболевания,необязательное
207,,,Клинические признаки,необязательное
207,,,Рекомендации,необязательное
207,,,Симптомы,необязательное
208,"Клинический осмотр птиц, рыб, грызунов, рептилий, мелких животных и др.",Терапия,Анамнез,необязательное
208,,,Дата заболевания,необязательное
208,,,Заключительный диагноз,необязательное
208,,,Клинические признаки,необязательное
208,,,Предварительный диагноз,необязательное
208,,,Рекомендации,необязательное
208,,,Симптомы,необязательное
208,,,Схема лечения,необязательное
280,"Общий клинический анализ крови - подсчет форменных элементов крови (эритроцитов, лейкоцитов) с определением гемоглобина",Лабораторные исследования,Анамнез,необязательное
280,,,Дата заболевания,необязательное
280,,,Заключение,необязательное
280,,,Клинические признаки,необязательное
281,Измерение артериального давления (тонометрия),Терапия,Анамнез,необязательное
281,,,Дата заболевания,необязательное
281,,,Заключительный диагноз,необязательное
281,,,Клинические признаки,необязательное
281,,,Предварительный диагноз,необязательное
281,,,Рекомендации,необязательное
281,,,Симптомы,необязательное
281,,,Схема лечения,необязательное
282,Диспансеризация,Терапия,Анамнез,необязательное
282,,,Дата заболевания,необязательное
282,,,Заключительный диагноз,необязательное
282,,,Клинические признаки,необязательное
282,,,Предварительный диагноз,необязательное
282,,,Рекомендации,необязательное
282,,,Симптомы,необязательное
282,,,Схема лечения,необязательное
