"ВетАС Вид id","ВетАС Вид name","ВетАС Порода id","ВетАС Порода","ВетАС pets_count","AnimalId вид id","AnimalId вид name","AnimalId порода id","AnimalId порода","filter","exclude","Комментарий",,"редактировала ","не нашла в AnimalId"
33,"белка",,,7,63,"Грызуны",2114,"Белка (Sciurus)","f","f",,,,
1,"белка летяга",,,51,63,"Грызуны",2141,"Обыкновенная летяга (Pteromys volans)","f","f",,,,
2,"голуби",1,"армавирский белоголовый космач",1,3,"Птицы",2287,"Армавирский белоголовый космач","f","f",,,,
2,"голуби",5,"курский",1,3,"Птицы",2302,"Голубь курский","f","f","в  AnimalID отсутствует порода ",,,
2,"голуби",,,4,3,"Птицы",2142,"Голуби","f","f",,,,
3,"гуси",1048,"китайская",1,3,"Птицы",2303,"Китайский гусь","f","f","в  AnimalID отсутствует порода ",,,
3,"гуси",,,1,3,"Птицы",2143,"Гуси","f","f",,,,
4,"дегу",,,27,63,"Грызуны",2144,"Дегу, кустарниковая белка (Octodon degus)","f","f",,,,
5,"енот",,,12,65,"Хищные",1894,"Енот-полоскун (Procyon lotor)","f","f",,,,
7,"козы",,,5,59,"С/Х животные",2120,"Козы","f","f",,,,
36,"иные животные",1162,"другая",3357,,"Иные животные",,"Другая","t","f","Нет обмена с AnimalID",,,
36,"иные животные",,,41,,"Иные животные",,,"t","f","Нет обмена с AnimalID",,,
9,"кошки",95,"абиссинская",2398,2,"Кошки",333,"Абиссинская короткошёрстная","f","f",,,,
9,"кошки",138,"американская жесткошерстная",49,2,"Кошки",338,"Американская жесткошёрстная","f","f",,,,
9,"кошки",137,"американская короткошерстная",96,2,"Кошки",339,"Американская короткошёрстная","f","f",,,,
9,"кошки",113,"американский бобтейл",62,2,"Кошки",340,"Американский бобтейл длинношёрстный","f","f",,,,
9,"кошки",136,"американский кёрл",52,2,"Кошки",342,"Американский кёрл длинношёрстный","f","f",,,,
9,"кошки",94,"ангорская",674,2,"Кошки",346,"Ангора британская","f","f",,,,
9,"кошки",114,"балинезийская",46,2,"Кошки",349,"Балинезийская","f","f",,,,
9,"кошки",144,"бенгальская",2116,2,"Кошки",350,"Бенгальская короткошёрстная (Бенгал)","f","f",,,,
9,"кошки",146,"беспородная",15378,2,"Кошки",2283,"Беспородная","f","f",,,,
9,"кошки",131,"бирма",140,2,"Кошки",351,"Бирманская (Священная Бирма)","f","f",,,,
9,"кошки",105,"бирманская пятнисто-краповая",18,2,"Кошки",351,"Бирманская (Священная Бирма)","f","f",,,,
9,"кошки",116,"бомбейская",153,2,"Кошки",353,"Бомбей","f","f",,,,
9,"кошки",109,"британская голубая",3752,2,"Кошки",748,"Британская голубая","f","f",,,,
9,"кошки",117,"британская короткошерстная",7075,2,"Кошки",358,"Британская короткошёрстная","f","f",,,,
9,"кошки",97,"бурма",726,2,"Кошки",871,"Бурманская","f","f",,,,
9,"кошки",118,"бурмилла",57,2,"Кошки",360,"Бурмилла","f","f",,,,
9,"кошки",124,"гаванна",14,2,"Кошки",363,"Гавана браун","f","f",,,,
9,"кошки",122,"герман рекс",15,2,"Кошки",364,"Герман-рекс","f","f",,,,
9,"кошки",99,"девон рекс",366,2,"Кошки",366,"Девон-рекс","f","f",,,,
9,"кошки",150,"домашняя",7316,2,"Кошки",332,"Домашние кошки","f","f",,,,
9,"кошки",145,"донский сфинкс",563,2,"Кошки",369,"Донской сфинкс","f","f",,,,
9,"кошки",1044,"другая",6825,2,"Кошки",680,"Другая","f","f",,,,
9,"кошки",101,"европейская короткошерстная",394,2,"Кошки",370,"Европейская короткошёрстная","f","f",,,,
9,"кошки",96,"египетская мау",68,2,"Кошки",371,"Египетский мау","f","f",,,,
9,"кошки",133,"канадский сфинкс",1486,2,"Кошки",375,"Канадский сфинкс","f","f",,,,
9,"кошки",121,"кимрик",9,2,"Кошки",381,"Кимрик (длинношёрстный манкс)","f","f",,,,
9,"кошки",127,"корат",18,2,"Кошки",384,"Корат","f","f",,,,
9,"кошки",120,"корниш-рекс",803,2,"Кошки",385,"Корниш-рекс","f","f",,,,
9,"кошки",148,"курильский бобтейл",848,2,"Кошки",386,"Курильский бобтейл длинношёрстный","f","f",,,,
9,"кошки",107,"манкс",10,2,"Кошки",393,"Манкс (Мэнская бесхвостая)","f","f",,,,
9,"кошки",128,"манчкин",88,2,"Кошки",394,"Манчкин длинношёрстный","f","f",,,,
9,"кошки",152,"мейн кун",3665,2,"Кошки",398,"Мэйн-кун (Мэнская енотовая)","f","f",,,,
9,"кошки",156,"меконгский бобтейл",162,2,"Кошки",436,"Тайский бобтейл","f","f","в  AnimalID отсутствует порода ",,,
9,"кошки",106,"мексиканская",4,2,"Кошки",2304,"Мексиканская кошка","f","f","в  AnimalID отсутствует порода ",,,
9,"кошки",111,"метис",35068,2,"Кошки",697,"Метис","f","f",,,,
9,"кошки",147,"мингонский бобтейл",30,2,"Кошки",396,"Меконг","f","f",,,,
9,"кошки",135,"мэйн кун",556,2,"Кошки",398,"Мэйн-кун (Мэнская енотовая)","f","f",,,,
9,"кошки",154,"невская маскарадная",1179,2,"Кошки",399,"Невская маскарадная","f","f",,,,
9,"кошки",103,"норвежская лесная дымчато-голубая",188,2,"Кошки",401,"Норвежская лесная (Ског кэт)","f","f",,,,
9,"кошки",126,"ориенталская короткошерстная",632,2,"Кошки",402,"Ориентальная длинношёрстная","f","f",,,,
9,"кошки",125,"ориентальская длинношерстная",34,2,"Кошки",403,"Ориентальная короткошёрстная","f","f",,,,
9,"кошки",143,"охос азулес",10,2,"Кошки",404,"Охос азулес","f","f",,,,
9,"кошки",129,"оцикет",16,2,"Кошки",405,"Оцикет","f","f",,,,
9,"кошки",93,"персидская",1390,2,"Кошки",408,"Персидская","f","f",,,,
9,"кошки",157,"пиксибоб",58,2,"Кошки",409,"Пикси-боб","f","f",,,,
9,"кошки",110,"русская голубая",1176,2,"Кошки",415,"Русская голубая","f","f",,,,
9,"кошки",139,"рысь домашняя",13,65,"Хищные",788,"Европейская рысь","f","f","в  AnimalID отсутствует порода ",,,
9,"кошки",130,"рэгдол",221,2,"Кошки",416,"Рэгдолл (Тряпичная кукла)","f","f",,,,
9,"кошки",140,"селкирк-рекс",34,2,"Кошки",849,"Селкирк рекс","f","f",,,,
9,"кошки",92,"сиамская",1006,2,"Кошки",423,"Сиамская короткошёрстная","f","f",,,,
9,"кошки",112,"сибирская",2407,2,"Кошки",424,"Сибирская","f","f",,,,
9,"кошки",98,"сингапура",38,2,"Кошки",425,"Сингапура","f","f",,,,
9,"кошки",151,"скоттиш страйт",1476,2,"Кошки",429,"Скоттиш-страйт (с обычными ушами)","f","f",,,,
9,"кошки",153,"скоттиш фолд",1383,2,"Кошки",427,"Скоттиш-фолд длинношёрстный","f","f",,,,
9,"кошки",141,"сноу-шу",82,2,"Кошки",430,"Сноу-шу","f","f",,,,
9,"кошки",132,"сомали",92,2,"Кошки",431,"Сомали","f","f",,,,
9,"кошки",104,"сфинкс",750,2,"Кошки",369,"Донской сфинкс","f","f",,,,
9,"кошки",149,"тайская",1304,2,"Кошки",694,"Тайская кошка","f","f",,,,
9,"кошки",100,"тифани",24,2,"Кошки",437,"Тиффани (Бурма длинношёрстная)","f","f",,,,
9,"кошки",142,"тонкинез",40,2,"Кошки",440,"Тонкинез (Tonkinese)","f","f",,,,
9,"кошки",134,"турецкий ван",140,2,"Кошки",442,"Турецкий ван","f","f",,,,
9,"кошки",119,"цейлонская",3,2,"Кошки",452,"Цейлон","f","f",,,,
9,"кошки",102,"шартрез",35,2,"Кошки",454,"Шартрез","f","f",,,,
9,"кошки",155,"шиншилла",190,2,"Кошки",456,"Шиншилла","f","f",,,,
9,"кошки",108,"шотландская вислоухая",7517,2,"Кошки",457,"Шотландская вислоухая длинношёрстная","f","f",,,,
9,"кошки",123,"экзотическая короткошерстная",435,2,"Кошки",458,"Экзотическая короткошёрстная","f","f",,,,
9,"кошки",115,"японский бобтейл",42,2,"Кошки",461,"Японский бобтейл длинношёрстный","f","f",,,,
9,"кошки",,,15546,2,"Кошки",680,"Другая","f","f","какую породу указывать при отуствии у животного породы в ВетАС? ",,,
10,"кролики",158,"аляска",3,60,"Кролик домашний",1567,"Аляска","f","f",,,,
10,"кролики",159,"американский",1,60,"Кролик домашний",2284,"Американский кролик","f","f",,,,
10,"кролики",160,"английский баран",1,60,"Кролик домашний",1572,"Баран английский","f","f",,,,
10,"кролики",162,"ангорский",8,60,"Кролик домашний",1566,"Ангорский кролик","f","f",,,,
10,"кролики",170,"бургундский",1,60,"Кролик домашний",1584,"Бургундский кролик","f","f",,,,
10,"кролики",171,"венский белый",1,60,"Кролик домашний",1595,"Венский белый кролик","f","f",,,,
10,"кролики",174,"венский серый",1,60,"Кролик домашний",1594,"Венский кролик","f","f",,,,
10,"кролики",176,"вислоухий баран",13,60,"Кролик домашний",1571,"Баран","f","f",,,,
10,"кролики",180,"голландский",2,60,"Кролик домашний",1600,"Голландский кролик","f","f",,,,
10,"кролики",183,"заячий",2,60,"Кролик домашний",1603,"Заячий кролик","f","f",,,,
10,"кролики",186,"карликовая бабочка",5,60,"Кролик домашний",1570,"Карликовая бабочка","f","f",,,,
10,"кролики",187,"карликовый баран",3,60,"Кролик домашний",1573,"Баран карликовый","f","f",,,,
10,"кролики",188,"карликовый лисий",3,60,"Кролик домашний",1608,"Карликовый лисий кролик","f","f",,,,
10,"кролики",189,"карликовый рекс",13,60,"Кролик домашний",1632,"Рекс карликовый","f","f",,,,
10,"кролики",192,"крупный баран",2,60,"Кролик домашний",1574,"Баран крупный","f","f",,,,
10,"кролики",195,"марбургская белка",1,60,"Кролик домашний",1579,"Марбургская белка","f","f",,,,
10,"кролики",196,"мардер",2,60,"Кролик домашний",1634,"Рекс мардер","f","f",,,,
10,"кролики",197,"мекленбургский пятнистый",1,60,"Кролик домашний",1610,"Макленбургский пятнистый кролик","f","f",,,,
10,"кролики",198,"мелкая шиншилла",2,60,"Кролик домашний",2300,"Шиншилла мелкая","f","f","в  AnimalID отсутствует порода ",,,
10,"кролики",200,"мелкий пятнистый",1,60,"Кролик домашний",1565,"Английский пятнистый кролик","f","f",,,,
10,"кролики",208,"рекс",3,60,"Кролик домашний",1622,"Рекс (коротковолосый кролик)","f","f",,,,
10,"кролики",210,"русский",2,60,"Кролик домашний",1644,"Русский горностаевый кролик (гималайский кролик)","f","f",,,,
10,"кролики",215,"цветной карлик",5,60,"Кролик домашний",2285,"Цветной карликовый кролик (карлик)","f","f","верно ли выбрана порода?","да",,
10,"кролики",,,111,60,"Кролик домашний",,,"f","f",,,,
11,"крысы",,,122,63,"Грызуны",2146,"Крысы (Rattus)","f","f",,,,
12,"курицы",,,1,3,"Птицы",2147,"Домашняя курица (Gallus gallus domesticus)","f","f",,,,
14,"лошадь",246,"англо-арабская порода",1,4,"Лошади",2286,"Англо-арабская порода","f","f",,,,
14,"лошадь",249,"арабская чистокровная лошадь",2,4,"Лошади",470,"Арабская чистокровная порода","f","f",,,,
14,"лошадь",252,"ахалтекинская лошадь (ахалтекинец)",1,4,"Лошади",474,"Ахалтекинская порода","f","f",,,,
14,"лошадь",267,"буденовская лошадь",5,4,"Лошади",482,"Буденновская порода","f","f",,,,
14,"лошадь",274,"вятская лошадь",1,4,"Лошади",490,"Вятская порода","f","f",,,,
14,"лошадь",276,"ганноверская порода",2,4,"Лошади",493,"Ганноверская порода","f","f",,,,
14,"лошадь",281,"голландская упряжная лошадь",1,4,"Лошади",496,"Голландская упряжная порода","f","f",,,,
14,"лошадь",282,"голштинская лошадь",1,4,"Лошади",497,"Голштинская порода","f","f",,,,
14,"лошадь",315,"латвийская упряжная лошадь",2,4,"Лошади",528,"Латвийская порода","f","f",,,,
14,"лошадь",317,"литовская тяжелоупряжная лошадь",1,4,"Лошади",530,"Литовская тяжелоупряжная порода","f","f",,,,
14,"лошадь",339,"ольденбургская лошадь",2,4,"Лошади",547,"Ольденбургская порода","f","f",,,,
14,"лошадь",340,"орловский pысак",2,4,"Лошади",550,"Орловский рысак","f","f",,,,
14,"лошадь",348,"пони",2,4,"Лошади",501,"Дартмурский пони","f","f",,,,
14,"лошадь",351,"русская рысистая лошадь",3,4,"Лошади",563,"Русская рысистая порода","f","f",,,,
14,"лошадь",352,"русская тяжеловозная лошадь",2,4,"Лошади",564,"Русский тяжеловоз","f","f",,,,
14,"лошадь",370,"тракененская лошадь",7,4,"Лошади",574,"Тракененская порода","f","f",,,,
14,"лошадь",390,"шетландский пони",5,4,"Лошади",597,"Шетландские (шетлендские) пони","f","f",,,,
14,"лошадь",392,"эстонская лошадь",1,4,"Лошади",598,"Эстонская местная порода","f","f",,,,
14,"лошадь",,,12,4,"Лошади",,,"f","f",,,,
15,"морские свинки",399,"абиссинцы",2,63,"Грызуны",2153,"Морская свинка (Абиссинская)","f","f",,,,
15,"морские свинки",400,"агути",1,63,"Грызуны",2305,"Агути","f","f","в  AnimalID отсутствует порода ",,,
15,"морские свинки",401,"альпака",6,63,"Грызуны",2154,"Морская свинка (Альпака)","f","f",,,,
15,"морские свинки",402,"американский крестед",3,63,"Грызуны",2155,"Морская свинка (Американский крестед)","f","f",,,,
15,"морские свинки",403,"английский крестед",4,63,"Грызуны",2156,"Морская свинка (Английский крестед)","f","f",,,,
15,"морские свинки",404,"болдуин",1,63,"Грызуны",2157,"Морская свинка (Болдуин)","f","f",,,,
15,"морские свинки",405,"гималайцы",1,63,"Грызуны",2149,"Морская свинка (Гималайцы)","f","f",,,,
15,"морские свинки",407,"двухцветные",3,63,"Грызуны",2150,"Морская свинка (Двухцветные)","f","f",,,,
15,"морские свинки",408,"коронет",1,63,"Грызуны",2159,"Морская свинка (Коронет)","f","f",,,,
15,"морские свинки",409,"куи",1,63,"Грызуны",2172,"Морская свинка (Куи)","f","f",,,,
15,"морские свинки",410,"мерино",4,63,"Грызуны",2161,"Морская свинка (Мерино)","f","f",,,,
15,"морские свинки",1121,"рекс",2,63,"Грызуны",2163,"Морская свинка (Рекс)","f","f",,,,
15,"морские свинки",417,"скинни",4,63,"Грызуны",2168,"Морская свинка (Скинни)","f","f",,,,
15,"морские свинки",418,"тедди",3,63,"Грызуны",685,"Морская свинка (американский тедди)","f","f",,,,
15,"морские свинки",420,"трехцветные",6,63,"Грызуны",2151,"Морская свинка (Трёхцветные)","f","f",,,,
15,"морские свинки",421,"чалые",1,63,"Грызуны",2152,"Морская свинка (Чалые)","f","f",,,,
15,"морские свинки",422,"шелти",2,63,"Грызуны",2169,"Морская свинка (Шелти)","f","f",,,,
15,"морские свинки",,,71,63,"Грызуны",2242,"Морская свинка (Cavia porcellus)","f","f",,,,
16,"мышь",,,9,63,"Грызуны",2173,"Мыши (Muridae)","f","f",,,,
32,"насекомые энтомофаги",,,2,,,,,"t","f","Нет обмена с AnimalID",,,
18,"овцы",,,2,59,"С/Х животные",2121,"Овцы","f","f",,,,
17,"паукообразные",,,3,,,,,"t","f","Нет обмена с AnimalID",,,
35,"Песец",1161,"Обыкновенный песец (полярная лисица)",2,65,"Хищные",1717,"Песец (Alopex lagopus)","f","f",,,,
19,"песчанка",,,6,63,"Грызуны",2175,"Песчанки (Gerbillinae)","f","f",,,,
20,"попугай",459,"волнистый попугай",6,3,"Птицы",2180,"Волнистый попугайчик (Melopsittacus undulatus)","f","f",,,,
20,"попугай",464,"жако",1,3,"Птицы",753,"Жако, серый попугай (Psittacus erithacus)","f","f",,,,
20,"попугай",544,"какарики (cyanoramphus)",1,3,"Птицы",2184,"Какарики, Антиподский прыгающий попугай (Cyanoramphus unicolor)","f","f",,,,
20,"попугай",519,"мускусные лорикеты (glossopsitta)",1,3,"Птицы",2185,"Мускусный лорикет (Glossopsitta concinna)","f","f",,,,
20,"попугай",530,"неразлучники (agapornis)",1,3,"Птицы",2193,"Неразлучники (Agapornis)","f","f",,,,
20,"попугай",532,"нимфа или карелла (nymphicus)",2,3,"Птицы",2203,"Корелла (Nymphicus hollandicus)","f","f",,,,
20,"попугай",,,4,3,"Птицы",2216,"Попугай","f","f",,,,
21,"птицы",560,"ворон",3,3,"Птицы",2217,"Ворон (Corvus corax)","f","f",,,,
21,"птицы",,,7,3,"Птицы",,,"f","f",,,,
22,"рептилии",,,11,64,"Рептилии пресмыкающиеся",,,"f","f",,,,
24,"свиньи",,,1,59,"С/Х животные",2122,"Свиньи","f","f",,,,
25,"собаки",735,"бельгийский брак",1,1,"Собаки",2301,"Бельгийский бракк","f","f","в  AnimalID отсутствует порода ",,,
25,"собаки",739,"бергамаско, бергамская овчарка",1,1,"Собаки",38,"Бергамаскер","f","f",,,,
25,"собаки",741,"бийи",1,1,"Собаки",44,"Бийи","f","f",,,,
25,"собаки",746,"большая голубая гасконская гончая",1,1,"Собаки",52,"Большая голубая гасконская гончая","f","f",,,,
25,"собаки",747,"большая древесная гончая",1,1,"Собаки",2278,"Большая древесная гончая","f","f",,,,
25,"собаки",757,"боснийская грубошерстная гончая",1,1,"Собаки",2313,"Боснийская грубошерстная гончая (Барак)","f","f","в  AnimalID отсутствует порода ",,,
25,"собаки",760,"брандл-брак",1,1,"Собаки",6,"Австрийский гладкошёрстный бракк","f","f","подтвердить","да",,
25,"собаки",761,"бруно-де-юра",1,1,"Собаки",2312,"Швейцарская юрская гончая (Бруно-де-юра)","f","f","в  AnimalID отсутствует порода ",,,
25,"собаки",766,"вельш-спрингер-спаниель",1,1,"Собаки",80,"Вельш-спрингер-спаниель","f","f",,,,
25,"собаки",770,"водяной спаниель",1,1,"Собаки",115,"Ирландский водяной спаниель","f","f","в  AnimalID отсутствует порода ","Есть ""Ирландский водяной спаниель"" и ""Американский водяной спаниель""",,
25,"собаки",771,"водяной твид спаниель",1,1,"Собаки",2314,"Водяной твид спаниель","f","f","в  AnimalID отсутствует порода ",,,
25,"собаки",776,"гавайская собака пои",1,1,"Собаки",2315,"Гавайская собака пои","f","f","в  AnimalID отсутствует порода ",,,
25,"собаки",778,"гамильтонстёваре",1,1,"Собаки",99,"Гончая гамильтона","f","f","верно ли выбрана порода?","да",,
25,"собаки",629,"германский короткошерстный пойнт",1,1,"Собаки",157,"Немецкий курцхаар","f","f","в  AnimalID отсутствует порода ",,,
25,"собаки",783,"глен-оф-имаал-терьер",1,1,"Собаки",121,"Ирландский терьер (глен оф имаал)","f","f","в  AnimalID отсутствует порода ",,,
25,"собаки",786,"голландский смаусхонд",1,1,"Собаки",95,"Голландский смаусхонд","f","f",,,,
25,"собаки",787,"голландский тульпхонд",1,1,"Собаки",2316,"Голландский тульпхонд (Маркизье)","f","f","в  AnimalID отсутствует порода ",,,
25,"собаки",791,"голубой пикардийский эпаньоль",1,1,"Собаки",98,"Голубой пикардийский спаниель","f","f",,,,
25,"собаки",793,"голштинская гончая",1,1,"Собаки",2317,"Голштинская гончая","f","f","верно ли выбрана порода?","нет",,
25,"собаки",838,"джиндо",1,1,"Собаки",151,"Корейский джиндо","f","f","верно ли выбрана порода?","да",,
25,"собаки",805,"древер",1,1,"Собаки",110,"Древер (Шведский таксообразный бракк)","f","f",,,,
25,"собаки",809,"дункер",1,1,"Собаки",112,"Дункер (норвежская гончая)","f","f",,,,
25,"собаки",830,"кан да серра ди эштрела",1,1,"Собаки",619,"Као да серра да эстрела (длинношёрстная)","f","f","верно ли выбрана порода?","да",,
25,"собаки",831,"кан ди агуа",1,1,"Собаки",135,"Португальская водная собака","f","f",,,,
25,"собаки",833,"каролинская собака",1,1,"Собаки",2128,"Каролинская собака (Carolina Dog)","f","f",,,,
25,"собаки",848,"крапчато-голубой кунхаунд",1,1,"Собаки",308,"Черноподпалый кунхаунд (Енотовая собака)","f","f",,,,
25,"собаки",850,"кромфорлендер",1,1,"Собаки",155,"Кромфорлендер","f","f",,,,
25,"собаки",645,"кувас",1,1,"Собаки",156,"Кувас","f","f",,,,
25,"собаки",613,"куунхаунд",1,1,"Собаки",308,"Черно подпалый кунхаунд (Енотовая собака)","f","f","в  AnimalID отсутствует порода ",,,
25,"собаки",859,"лапинкойра, финнский лаппхунд",1,1,"Собаки",269,"Финский лаппхунд (лапинкойра)","f","f","в  AnimalID отсутствует порода ",,,
25,"собаки",882,"медиу поденгу португезу",1,1,"Собаки",643,"Португальский поденго (гладкошёрстный)","f","f",,,,
25,"собаки",900,"немецкая оленегонная лайка",1,1,"Собаки",2266,"Ненецкая лайка (оленегонный шпиц)","f","f","верно ли выбрана порода?","да, вам нужно исправить на ""неНецкая""",,
25,"собаки",912,"ойуки терьер",1,1,"Собаки",191,"Японский терьер (Нихон, микадо, оюки терьер)","f","f","верно ли выбрана порода?","да",,
25,"собаки",894,"пердигеро наварро",1,1,"Собаки",2324,"Наваррская легавая (Пердигеро наварро)","f","f","в  AnimalID отсутствует порода ",,,
25,"собаки",622,"понт-одмерский эпаньоль",1,1,"Собаки",227,"Понт-одемерский спаниель","f","f",,,,
25,"собаки",924,"посавская гончая",1,1,"Собаки",2306,"Посавская гончая","f","f","в  AnimalID отсутствует порода ",,,
25,"собаки",928,"пуми",1,1,"Собаки",238,"Пуми","f","f",,,,
25,"собаки",929,"рампурская борзая",1,1,"Собаки",2307,"Рампурская борзая","f","f","в  AnimalID отсутствует порода ",,,
25,"собаки",930,"румынская овчарка",1,1,"Собаки",2295,"Румынская карпатская овчарка","f","f",,,,
25,"собаки",748,"сабуесо эспаньоле де монте",1,1,"Собаки",263,"Собьезо эспаниоль (Большая испанская гончая)","f","f","верно ли выбрана порода?","да",,
25,"собаки",944,"сика ину",1,1,"Собаки",737,"Сиба-ину","f","f",,,,
25,"собаки",721,"слюги, арабская борзая",1,1,"Собаки",261,"Слюги (Арабская борзая)","f","f",,,,
25,"собаки",663,"солуки",1,1,"Собаки",247,"Салюки","f","f",,,,
25,"собаки",960,"суоменпастикорва, финский шпиц",1,1,"Собаки",270,"Финский шпиц","f","f",,,,
25,"собаки",961,"теломиан",1,1,"Собаки",2308,"Теломиан","f","f","в  AnimalID отсутствует порода ",,,
25,"собаки",617,"фландрский бувье",1,1,"Собаки",775,"Фландрская гончая","f","f",,,,
25,"собаки",968,"французская гончая",1,1,"Собаки",292,"Французская черно-пегая гончая","f","f",,,,
25,"собаки",975,"хортая",1,1,"Собаки",2298,"Хортая борзая","f","f",,,,
25,"собаки",979,"чешский фоусек",1,1,"Собаки",311,"Чешский терьер","f","f",,,,
25,"собаки",785,"шапендус",1,1,"Собаки",314,"Шапендуа","f","f",,,,
25,"собаки",982,"швайсхунд",1,1,"Собаки","?","?","f","t","в  AnimalID отсутствует порода ","ТАКОЙ ПОРОДЫ НЕ СУЩЕСТВУЕТ",,
25,"собаки",797,"шиллерстёваре",1,1,"Собаки",100,"Гончая шиллера","f","f",,,,
25,"собаки",700,"шотландский дирхаунд",1,1,"Собаки",106,"Дирхаунд","f","f",,,,
25,"собаки",988,"югославская грехцветная гончая",1,1,"Собаки",329,"Югославский трехцветный гонич","f","f",,,,
25,"собаки",641,"японский спаниель",1,1,"Собаки",2326,"Японский спаниель","f","f","верно ли выбрана порода?","нет",,
25,"собаки",719,"английский фоксхаунд",2,1,"Собаки",2275,"Английский фоксхаунд","f","f",,,,
25,"собаки",723,"армант, египетская овчарка",2,1,"Собаки",2327,"Египетская овчарка (армант)","f","f","в  AnimalID отсутствует порода ",,,
25,"собаки",725,"артуазская гончая",2,1,"Собаки",325,"Шьен Д'артуа (Артуазская гончая)","f","f",,,,
25,"собаки",732,"баскетмейкер",2,1,"Собаки",2129,"Баскетмейкер","f","f",,,,
25,"собаки",764,"бурбонский брак",2,1,"Собаки",74,"Бурбонский бракк","f","f",,,,
25,"собаки",779,"ганноверская гончая",2,1,"Собаки",91,"Ганноверская гончая","f","f",,,,
25,"собаки",780,"герта пойнтер",2,1,"Собаки",2328,"Герта-пойнтер","f","f","в  AnimalID отсутствует порода ",,,
25,"собаки",794,"гончая плотта",2,1,"Собаки",2265,"Гончая Плотта (кунхаунд Плотта)","f","f",,,,
25,"собаки",799,"греческая заячья гончая",2,1,"Собаки",2329,"Греческая заячья гончая","f","f","в  AnimalID отсутствует порода ",,,
25,"собаки",800,"греческая овчарка",2,1,"Собаки",2330,"Греческая овчарка","f","f","в  AnimalID отсутствует порода ",,,
25,"собаки",807,"древесная тенессийская тигровая",2,1,"Собаки",2310,"Древесная теннессийская тигровая","f","f","в  AnimalID отсутствует порода ",,,
25,"собаки",814,"ирландский красно-белый сеттер",2,1,"Собаки",777,"Ирландский красный и белый сеттер","f","f",,,,
25,"собаки",815,"исландская собака",2,1,"Собаки",122,"Исландская собака","f","f","в  AnimalID отсутствует порода ",,,
25,"собаки",835,"каталонская овчарка",2,1,"Собаки",612,"Каталонская овчарка, Гос д'Атура (гладкошёрстный)","f","f","верно ли выбрана порода?","да",,
25,"собаки",867,"лёвхен, львиная собачка",2,1,"Собаки",209,"Малая львиная собачка (левхен)","f","f",,,,
25,"собаки",873,"малый вандейский бассет-гриффон",2,1,"Собаки",774,"Малый вандейский бассет-грифон","f","f",,,,
25,"собаки",874,"малый мюнстерлендер",2,1,"Собаки",170,"Малая мюнстерлендерская легавая","f","f",,,,
25,"собаки",876,"малый французский брак",2,1,"Собаки",293,"Французский бракк (тип гасконский, большой хвост)","f","f","в  AnimalID отсутствует порода ",,,
25,"собаки",111,"метис",2,1,"Собаки",698,"Метис","f","f",,,,
25,"собаки",901,"нивернейский гриффон",2,1,"Собаки",189,"Нивернесский гриффон","f","f",,,,
25,"собаки",908,"нормандская гончая",2,1,"Собаки",22,"Англо-французская короткохвостая гончая","f","f","в  AnimalID отсутствует порода ",,,
25,"собаки",878,"перро де преса мальоркин",2,1,"Собаки",206,"Перро де пастор маллоркин (короткошёрстный)","f","f","верно ли выбрана порода?","да",,
25,"собаки",627,"средняя англо-французская гончая",2,1,"Собаки",22,"Англо-французская короткохвостая гончая","f","f","в  AnimalID отсутствует порода ",,,
25,"собаки",841,"тайган, киргизская борзая",2,1,"Собаки",2134,"Тайган (Киргизская борзая)","f","f",,,,
25,"собаки",989,"южная гончая",2,1,"Собаки",2331,"Южная желтая гончая","f","f","в  AnimalID отсутствует порода ",,,
25,"собаки",726,"арьежская гончая",3,1,"Собаки",27,"Арьежуа","f","f",,,,
25,"собаки",685,"афганская гончая",3,1,"Собаки",28,"Афганская борзая","f","f",,,,
25,"собаки",737,"бельгийский ловенар",3,,,,,"f","t","в  AnimalID отсутствует порода ","ТАКОЙ ПОРОДЫ НЕ СУЩЕСТВУЕТ",,
25,"собаки",753,"гранди поденгу португезу",3,1,"Собаки",643,"Португальский поденго (гладкошёрстный)","f","f",,,,
25,"собаки",817,"испанский брак, испанская легавая",3,1,"Собаки",75,"Бургосский пойнтер","f","f",,,,
25,"собаки",842,"кисю",3,1,"Собаки",143,"Кишу","f","f",,,,
25,"собаки",858,"ланкаширский хилер",3,1,"Собаки",2293,"Ланкаширский хилер","f","f",,,,
25,"собаки",865,"леопардовая собака катахулы",3,1,"Собаки",2332,"Леопардовая собака катахулы","f","f","в  AnimalID отсутствует порода ",,,
25,"собаки",893,"мууди",3,1,"Собаки",181,"Муди","f","f",,,,
25,"собаки",913,"паттердейл-терьер",3,1,"Собаки",854,"Паттердейл-терьер","f","f",,,,
25,"собаки",875,"пекиньу поденгу португезу",3,1,"Собаки",643,"Португальский поденго (гладкошёрстный)","f","f",,,,
25,"собаки",917,"пиринейский мастиф",3,1,"Собаки",176,"Пиренейский мастиф (Мастин де лос пиренеос)","f","f",,,,
25,"собаки",635,"поденгу ибисенко, ибисская собака",3,1,"Собаки",218,"Поденко ибиценко (ивисская борзая, ибизан)","f","f",,,,
25,"собаки",934,"рэт-терьер",3,1,"Собаки",2297,"Рэт-терьер","f","f",,,,
25,"собаки",945,"сикоку",3,1,"Собаки",321,"Сикоку (Коти-ину, Шикоку)","f","f",,,,
25,"собаки",952,"смоландстёваре, смоландская гончая",3,1,"Собаки",262,"Смоландская гончая","f","f",,,,
25,"собаки",959,"суоменайокойра, финская гончая",3,1,"Собаки",281,"Финская гончая (Суоменайокойра)","f","f","в  AnimalID отсутствует порода ",,,
25,"собаки",674,"суссекс-спаниель",3,1,"Собаки",271,"Сассекс спаниель","f","f",,,,
25,"собаки",969,"французский эпаньоль",3,1,"Собаки",298,"Французский спаниель (Французский эпаньёль)","f","f",,,,
25,"собаки",981,"шарпланинская овчарка",3,1,"Собаки",2136,"Шарпланинская овчарка (Македонская овчарка)","f","f",,,,
25,"собаки",983,"шведский вальхунд",3,1,"Собаки",865,"Шведский вальхунд","f","f",,,,
25,"собаки",984,"швейцарский лауфхунд",3,1,"Собаки",316,"Шведский лаппхунд","f","f",,,,
25,"собаки",717,"английский мастиф",4,1,"Собаки",2127,"Английский мастиф (English Mastiff)","f","f",,,,
25,"собаки",606,"беардед колли (хайланд колли)",4,1,"Собаки",41,"Бородатая колли","f","f",,,,
25,"собаки",742,"блю лейси",4,1,"Собаки",2131,"Блю-лейси (blue lacy)","f","f",,,,
25,"собаки",743,"бойкин спаниель",4,1,"Собаки",2333,"Бойкин-спаниель","f","f","в  AnimalID отсутствует порода ",,,
25,"собаки",750,"большой вандейский гриффон",4,1,"Собаки",55,"Большой вандейский бассет-грифон","f","f",,,,
25,"собаки",769,"ветерхаунд, голландский спаниель",4,1,"Собаки",86,"Веттерхун (голландский водяной спаниель)","f","f",,,,
25,"собаки",637,"ирландский водяной спаниель",4,1,"Собаки",115,"Ирландский водный спаниель","f","f",,,,
25,"собаки",823,"йемтхунд, шведский элкхаунд",4,1,"Собаки",113,"Емтхунд","f","f",,,,
25,"собаки",828,"кангал",4,1,"Собаки",145,"Кобан кёпежи (анатолийская овчарка)","f","f",,,,
25,"собаки",840,"керри-бигль",4,1,"Собаки",2334,"Керри-бигль","f","f","в  AnimalID отсутствует порода ",,,
25,"собаки",904,"норботтен шпиц",4,1,"Собаки",193,"Норботеншпиц","f","f",,,,
25,"собаки",827,"перро де пресса канарио",4,1,"Собаки",888,"Канарский дог","f","f","верно ли выбрана порода?","да",,
25,"собаки",918,"подгальянская овчарка",4,1,"Собаки",224,"Польская подгалянская овчарка (Podhalaner)","f","f",,,,
25,"собаки",921,"польская низинная собака",4,1,"Собаки",223,"Польская низинная овчарка","f","f",,,,
25,"собаки",953,"спиноне",4,1,"Собаки",128,"Итальянский спиноне","f","f",,,,
25,"собаки",954,"стабихаун",4,1,"Собаки",266,"Стабихун","f","f",,,,
25,"собаки",623,"тазы (среднеазиатская борзая)",4,1,"Собаки",736,"Тазы (Казахская борзая)","f","f",,,,
25,"собаки",738,"уест-хайланд-уайт-терьер",4,1,"Собаки",88,"Вест-хайленд-вайт-терьер","f","f",,,,
25,"собаки",985,"эпаньоль нэн",4,1,"Собаки",2335,"Эпаньоль нэн","f","f","в  AnimalID отсутствует порода ",,,
25,"собаки",707,"алапахский чистокровный бульдог",5,1,"Собаки",2336,"Алапахский бульдог","f","f","в  AnimalID отсутствует порода ",,,
25,"собаки",734,"белый английский терьер",5,1,"Собаки",2288,"Белый английский терьер","f","f",,,,
25,"собаки",756,"бородатая колли",5,1,"Собаки",41,"Бородатая колли","f","f",,,,
25,"собаки",832,"карельская медвежья собака",5,1,"Собаки",137,"Карельская медвежья собака","f","f",,,,
25,"собаки",857,"ландсир",5,1,"Собаки",2292,"Ландсир","f","f",,,,
25,"собаки",896,"немецкий вахтельхунд",5,1,"Собаки",183,"Немецкий вахтельхунд (Немецкая перепелиная собака)","f","f",,,,
25,"собаки",949,"словацкий чувач",5,1,"Собаки",260,"Словацкий чувач","f","f",,,,
25,"собаки",964,"тоса ину",5,1,"Собаки",280,"Тоcа-ину","f","f",,,,
25,"собаки",966,"фараоновая собака",5,1,"Собаки",283,"Фараонова собака","f","f",,,,
25,"собаки",690,"фила бразилейру (бразильский мастиф)",5,1,"Собаки",284,"Фила бразилейро","f","f",,,,
25,"собаки",712,"американский фоксхаунд",6,1,"Собаки",16,"Американский фоксхаунд","f","f",,,,
25,"собаки",716,"английский водяной спаниель",6,1,"Собаки",2282,"Английский водяной спаниель","f","f",,,,
25,"собаки",730,"барбе",6,1,"Собаки",31,"Барбе","f","f",,,,
25,"собаки",837,"келпи",6,1,"Собаки",139,"Келпи","f","f",,,,
25,"собаки",845,"коикерхондье",6,1,"Собаки",146,"Кокерхонде","f","f",,,,
25,"собаки",980,"чинук",6,1,"Собаки",312,"Чешский фоусек","f","f",,,,
25,"собаки",990,"японский стерьер",6,1,"Собаки",191,"Японский терьер (Нихон терьер)","f","f",,,,
25,"собаки",704,"аиди, атласская овчарка",7,1,"Собаки",9,"Аиди (атласская овчарка)","f","f",,,,
25,"собаки",688,"американский водяной спаниель",7,1,"Собаки",13,"Американский водяной спаниель","f","f",,,,
25,"собаки",714,"анатолийский карабаш",7,1,"Собаки",145,"Кобан кёпежи (анатолийская овчарка)","f","f",,,,
25,"собаки",724,"артезиано-нормандский бассет",7,1,"Собаки",26,"Артезиано-нормандский бассет","f","f",,,,
25,"собаки",632,"большая пиринейская собака",7,1,"Собаки",214,"Пиренейская горная собака","f","f",,,,
25,"собаки",763,"бульдог англии старого типа",7,1,"Собаки",17,"Английский бульдог","f","f","в  AnimalID отсутствует порода ",,,
25,"собаки",767,"венгерская борзая",7,1,"Собаки",168,"Мадьяр-агар (венгерская борзая)","f","f",,,,
25,"собаки",768,"вестфальский таксообразный брак",7,1,"Собаки",85,"Вестфальский таксообразный бракк","f","f",,,,
25,"собаки",611,"датский брохольмер",7,1,"Собаки",69,"Брохолмер","f","f",,,,
25,"собаки",847,"котон де тулеар",7,1,"Собаки",153,"Котон-де-тулеар (Coton de Tulear)","f","f",,,,
25,"собаки",653,"норвежский элкхаунд",7,1,"Собаки",773,"Норвежский эльгхунд","f","f",,,,
25,"собаки",951,"смитфильд-колли",7,1,"Собаки",2337,"Смитфилд-колли","f","f","в  AnimalID отсутствует порода ",,,
25,"собаки",957,"стародатская легавая",7,1,"Собаки",90,"Гаммель данск хонсехунд (Стародатская легавая)","f","f",,,,
25,"собаки",705,"айну",8,1,"Собаки",304,"Хоккайдо","f","f",,,,
25,"собаки",992,"балканская гончая",8,1,"Собаки",252,"Сербский гонич","f","f",,,,
25,"собаки",991,"каракачанская овчарка",8,1,"Собаки",2291,"Каракачанская собака (Болгарская овчарка)","f","f",,,,
25,"собаки",678,"палевый бретонский бассет-гриффо",8,1,"Собаки",66,"Бретонский рыжеватый гриффон","f","f",,,,
25,"собаки",821,"сегуджио итальяно",8,1,"Собаки",2289,"Итальянская гончая (Сегуджио итальяно)","f","f",,,,
25,"собаки",941,"сеттер-гордон",8,1,"Собаки",253,"Сеттер гордон","f","f",,,,
25,"собаки",667,"сийлихам терьер",8,1,"Собаки",255,"Силихем терьер","f","f",,,,
25,"собаки",650,"чесапик бей ретривер",8,1,"Собаки",309,"Чесапик-бэй-ретривер","f","f",,,,
25,"собаки",706,"акбаш",9,1,"Собаки",2126,"Акбаш","f","f",,,,
25,"собаки",997,"бельгийская лакенуа",9,1,"Собаки",602,"Бельгийская овчарка (лакенуа)","f","f",,,,
25,"собаки",818,"испанский мастиф",9,1,"Собаки",123,"Испанский мастиф","f","f",,,,
25,"собаки",844,"кламбер спаниель",9,1,"Собаки",144,"Кламбер-спаниель","f","f",,,,
25,"собаки",644,"комондор, венгерская овчарка",9,1,"Собаки",149,"Комондор","f","f",,,,
25,"собаки",672,"силки терьер",9,1,"Собаки",4,"Австралийский силки (шелковистый) терьер","f","f",,,,
25,"собаки",974,"хорватская овчарка",9,1,"Собаки",305,"Хорватская овчарка","f","f",,,,
25,"собаки",740,"бернская горная пастушья собака",10,1,"Собаки",40,"Бернский зенненхунд","f","f",,,,
25,"собаки",854,"курчавый ретривер",10,1,"Собаки",158,"Курчавошёрстный ретривер","f","f",,,,
25,"собаки",861,"лапландский шпиц",10,1,"Собаки",316,"Шведский лаппхунд","f","f",,,,
25,"собаки",926,"пудель-пойнтер",10,1,"Собаки",232,"Пудель","f","f",,,,
25,"собаки",927,"пули",10,1,"Собаки",237,"Пули (Венгерская водяная собака)","f","f",,,,
25,"собаки",972,"ханаанская собака",10,1,"Собаки",300,"Ханаанская собака","f","f",,,,
25,"собаки",822,"итальянский брак",11,1,"Собаки",126,"Итальянский бракк (бело-оранжевый)","f","f",,,,
25,"собаки",647,"лейкланд-терьер",11,1,"Собаки",165,"Лейкленд-терьер","f","f",,,,
25,"собаки",909,"норфолк терьер",11,1,"Собаки",199,"Норфолк-терьер","f","f",,,,
25,"собаки",609,"пиринейская овчарка",11,1,"Собаки",215,"Пиренейская овчарка длинношёрстная","f","f",,,,
25,"собаки",1040,"чехословацкий влчак",11,1,"Собаки",310,"Чехословацкий влчак","f","f",,,,
25,"собаки",749,"большая швейцарская горная пасту",12,1,"Собаки",57,"Большой швейцарский зенненхунд","f","f",,,,
25,"собаки",777,"гаванский бишон",12,1,"Собаки",45,"Бишон хаванез (Гаванский бишон)","f","f",,,,
25,"собаки",679,"перуанская орхидея инков",12,1,"Собаки",640,"Перуанская голая собака (средняя)","f","f",,,,
25,"собаки",978,"чешский терьер",12,1,"Собаки",311,"Чешский терьер","f","f",,,,
25,"собаки",708,"альпийский спаниель",13,1,"Собаки",144,"Кламбер-спаниель","f","f",,,,
25,"собаки",727,"аффенпинчер",13,1,"Собаки",29,"Аффенпинчер","f","f",,,,
25,"собаки",792,"голубой хиллер",13,1,"Собаки",3,"Австралийский хилер","f","f",,,,
25,"собаки",625,"денди-динмонт терьер",13,1,"Собаки",105,"Денди-динмонт-терьер","f","f",,,,
25,"собаки",967,"фильд спаниель",13,1,"Собаки",285,"Филд спаниель","f","f",,,,
25,"собаки",715,"английская овчарка",14,1,"Собаки",2281,"Английская овчарка","f","f",,,,
25,"собаки",612,"бладхаунд",14,1,"Собаки",47,"Бладхаунд ( Сент-Юберская собака)","f","f",,,,
25,"собаки",880,"мастино наполетано",14,1,"Собаки",177,"Мастино-наполетано","f","f",,,,
25,"собаки",1011,"орхидея петербургская",14,1,"Собаки",743,"Петербургская орхидея","f","f",,,,
25,"собаки",784,"голландская овчарка",15,1,"Собаки",610,"Голландская овчарка (длинношёрстная)","f","f",,,,
25,"собаки",915,"салюки, персидская гончая",15,1,"Собаки",247,"Салюки","f","f",,,,
25,"собаки",600,"босерон",16,1,"Собаки",289,"Французская гладкошёрстная овчарка (черноподпалый)","f","f",,,,
25,"собаки",673,"скай терьер",16,1,"Собаки",769,"Скайтерьер","f","f",,,,
25,"собаки",594,"германский дратхаар",17,1,"Собаки",109,"Немецкий дратхаар","f","f",,,,
25,"собаки",1019,"финский шпиц",18,1,"Собаки",270,"Финский шпиц","f","f",,,,
25,"собаки",671,"южнорусская овчарка",20,1,"Собаки",330,"Южнорусская овчарка","f","f",,,,
25,"собаки",689,"американский эскимоский шпиц",21,1,"Собаки",2280,"Американский эскимосский шпиц","f","f",,,,
25,"собаки",720,"аппенцеллер",21,1,"Собаки",23,"Аппенцеллер зенненхунд","f","f",,,,
25,"собаки",607,"бедлингтон терьер",21,1,"Собаки",35,"Бедлингтон терьер","f","f",,,,
25,"собаки",631,"гордон-сеттер",21,1,"Собаки",253,"Сеттер гордон","f","f",,,,
25,"собаки",633,"грейхаунд",21,1,"Собаки",102,"Грейхаунд","f","f",,,,
25,"собаки",801,"гриффон кортальса",21,1,"Собаки",759,"Гриффон кортальса","f","f",,,,
25,"собаки",781,"гладкошерстный ретривер",22,1,"Собаки",92,"Прямошёрстный ретривер","f","f",,,,
25,"собаки",986,"эскимосская лайка",22,1,"Собаки",2290,"Канадская эскимосская собака (Эскимосская лайка)","f","f",,,,
25,"собаки",610,"бельгийский тервюрен",23,1,"Собаки",604,"Бельгийская овчарка (тервюрен)","f","f",,,,
25,"собаки",903,"новошотландский ретривер",23,1,"Собаки",192,"Новошотландский утиный ретривер","f","f",,,,
25,"собаки",572,"ховаварт",23,1,"Собаки",303,"Ховаварт","f","f",,,,
25,"собаки",728,"баварская горная гончая",24,1,"Собаки",30,"Баварская следовая гончая","f","f",,,,
25,"собаки",1013,"манчестерский терьер",24,1,"Собаки",174,"Манчестер терьер","f","f",,,,
25,"собаки",846,"фален, континентальный той-спаниель",24,1,"Собаки",885,"Континентальный той-спаниель фален","f","f",,,,
25,"собаки",932,"русская пегая гончая",25,1,"Собаки",2296,"Русская пегая гончая","f","f",,,,
25,"собаки",836,"кеесхонд",26,1,"Собаки",863,"Вольфшпиц","f","f",,,,
25,"собаки",884,"миниатюрный ксолойтцкуинтли",26,1,"Собаки",624,"Мексиканская голая собака (миниатюрная)","f","f",,,,
25,"собаки",1005,"московский дракон",28,1,"Собаки",2294,"Московский дракон","f","f",,,,
25,"собаки",887,"пинчер миниатюрный",28,1,"Собаки",138,"Карликовый пинчер","f","f",,,,
25,"собаки",788,"голая собака инков",29,1,"Собаки",640,"Перуанская голая собака (средняя)","f","f",,,,
25,"собаки",703,"азавак",30,1,"Собаки",8,"Азавак","f","f",,,,
25,"собаки",692,"бретонский эпаньоль",30,1,"Собаки",67,"Бретонский эпаньоль","f","f",,,,
25,"собаки",1151,"Щвейцарский зенненхунд",32,1,"Собаки",57,"Большой швейцарский зенненхунд","f","f",,,,
25,"собаки",659,"английский пойнтер",34,1,"Собаки",221,"Пойнтер","f","f",,,,
25,"собаки",638,"ирландский волкодав (вольфхаунд)",34,1,"Собаки",116,"Ирландский волкодав","f","f",,,,
25,"собаки",582,"сенбернар",34,1,"Собаки",249,"Сенбернар","f","f",,,,
25,"собаки",962,"тибетский спаниель",34,1,"Собаки",277,"Тибетский спаниель","f","f",,,,
25,"собаки",1037,"афганская борзая",35,1,"Собаки",28,"Афганская борзая","f","f",,,,
25,"собаки",931,"русская гончая",36,1,"Собаки",738,"Русская гончая","f","f",,,,
25,"собаки",675,"тибетский терьер",36,1,"Собаки",278,"Тибетский терьер","f","f",,,,
25,"собаки",666,"шотландский терьер",36,1,"Собаки",257,"Скотч-терьер","f","f",,,,
25,"собаки",654,"бобтейл, староанглийская овчарка",41,1,"Собаки",267,"Староанглийская овчарка (Бобтейл)","f","f",,,,
25,"собаки",1041,"лаготто-романьоло",41,1,"Собаки",2245,"Лаготто-романьоло (Итальянская водяная собака)","f","f",,,,
25,"собаки",744,"болонский бишон",43,1,"Собаки",48,"Болонский бишон (Болоньез)","f","f",,,,
25,"собаки",618,"бриар",43,1,"Собаки",68,"Бриар","f","f",,,,
25,"собаки",1036,"аргентинский дог",44,1,"Собаки",24,"Аргентинский дог","f","f",,,,
25,"собаки",1021,"бельгийский грюнендаль",44,1,"Собаки",36,"Бельгийская овчарка (грюнендаль)","f","f",,,,
25,"собаки",597,"маремма",44,1,"Собаки",717,"Маремма-абрутская овчарка","f","f",,,,
25,"собаки",648,"лхасский апсо",46,1,"Собаки",167,"Лхасский апсо","f","f",,,,
25,"собаки",661,"бордер терьер",47,1,"Собаки",59,"Бордер терьер","f","f",,,,
25,"собаки",626,"английский спрингер-спаниель",49,1,"Собаки",20,"Английский спрингер-спаниель","f","f",,,,
25,"собаки",1038,"бурбуль",52,1,"Собаки",733,"Южноафриканский бурбуль","f","f",,,,
25,"собаки",651,"московская сторожевая",55,1,"Собаки",760,"Московская сторожевая","f","f",,,,
25,"собаки",669,"шельти",55,1,"Собаки",318,"Шелти","f","f",,,,
25,"собаки",589,"английский сеттер",57,1,"Собаки",19,"Английский сеттер","f","f",,,,
25,"собаки",897,"немецкий вольфшпиц",57,1,"Собаки",863,"Вольфшпиц","f","f",,,,
25,"собаки",755,"бордосский дог (французский мастифф)",58,1,"Собаки",60,"Бордоский дог","f","f",,,,
25,"собаки",575,"леонбергер",60,1,"Собаки",166,"Леонбергер","f","f",,,,
25,"собаки",774,"восточносибирская лайка",65,1,"Собаки",87,"Восточно-сибирская лайка","f","f",,,,
25,"собаки",640,"пшеничный мягкошерстный терьер",66,1,"Собаки",120,"Ирландский мягкошёрстный пшеничный терьер","f","f",,,,
25,"собаки",1018,"финская лайка",66,1,"Собаки",730,"Карело-финская лайка","f","f",,,,
25,"собаки",713,"американский той-фокстерьер",70,1,"Собаки",872,"Той-фокстерьер","f","f",,,,
25,"собаки",668,"карело-финская лайка",70,1,"Собаки",730,"Карело-финская лайка","f","f",,,,
25,"собаки",701,"немецкий дог",70,1,"Собаки",186,"Немецкий дог","f","f",,,,
25,"собаки",615,"борзой, русская псовая борзая",73,1,"Собаки",243,"Русская псовая борзая","f","f",,,,
25,"собаки",1156,"Риджбек",74,1,"Собаки",241,"Родезийский риджбек (rhodesian ridgeback)","f","f",,,,
25,"собаки",892,"московский длинношерстный той-терьер",83,1,"Собаки",731,"Русский той (длинношёрстный)","f","f","верно ли выбрана порода?","да",,
25,"собаки",665,"шипперке",83,1,"Собаки",322,"Шипперке (Схипперке)","f","f",,,,
25,"собаки",601,"австралийский терьер",84,1,"Собаки",5,"Австралийский терьер","f","f",,,,
25,"собаки",592,"тибетский мастиф",84,1,"Собаки",276,"Тибетский мастиф (до-хи, тибетский дог)","f","f",,,,
25,"собаки",681,"американский бульдог",86,1,"Собаки",729,"Американский бульдог","f","f",,,,
25,"собаки",636,"ирландский терьер",88,1,"Собаки",121,"Ирландский терьер","f","f",,,,
25,"собаки",782,"гладкошерстный фокстерьер",89,1,"Собаки",286,"Фокстерьер гладкошёрстный","f","f",,,,
25,"собаки",619,"бульмастиф",90,1,"Собаки",72,"Бульмастиф","f","f",,,,
25,"собаки",1008,"средний шнауцер",91,1,"Собаки",661,"Средний шнауцер (чёрный)","f","f",,,,
25,"собаки",682,"вельш-терьер",93,1,"Собаки",81,"Вельштерьер","f","f",,,,
25,"собаки",973,"черный терьер",94,1,"Собаки",244,"Русский чёрный терьер","f","f",,,,
25,"собаки",824,"кавказская овчарка",95,1,"Собаки",131,"Кавказская овчарка","f","f",,,,
25,"собаки",660,"помераниан",95,1,"Собаки",699,"Померанский шпиц","f","f",,,,
25,"собаки",676,"выжла, венгерская легавая",101,1,"Собаки",83,"Венгерская короткошёрстная легавая","f","f",,,,
25,"собаки",677,"веймаренер",102,1,"Собаки",77,"Веймаранер","f","f",,,,
25,"собаки",851,"ксолойтцкуинтли",102,1,"Собаки",179,"Мексиканская голая собака (стандартная)","f","f",,,,
25,"собаки",950,"смаусхонд",102,1,"Собаки",95,"Голландский смаусхонд","f","f",,,,
25,"собаки",718,"английский той-терьер",104,1,"Собаки",21,"Английский той-терьер (черно-подпалый)","f","f",,,,
25,"собаки",804,"дратхаар",105,1,"Собаки",109,"Немецкий дратхаар","f","f",,,,
25,"собаки",733,"бассетхаунд",106,1,"Собаки",34,"Бассет-хаунд","f","f",,,,
25,"собаки",643,"керри блю терьер",106,1,"Собаки",140,"Керри-блю-терьер","f","f",,,,
25,"собаки",1159,"русский черный терьер",106,1,"Собаки",244,"Русский чёрный терьер","f","f",,,,
25,"собаки",691,"тай риджбек",106,1,"Собаки",272,"Тайский риджбек","f","f",,,,
25,"собаки",583,"ньюфаундленд",107,1,"Собаки",200,"Ньюфаундленд","f","f",,,,
25,"собаки",593,"хаски антарктическая",108,1,"Собаки",835,"Хаски","f","f",,,,
25,"собаки",872,"малый брабансон",114,1,"Собаки",210,"Пти-брабансон (малый брабансон)","f","f",,,,
25,"собаки",994,"колли, шотландская овчарка",127,1,"Собаки",147,"Колли длинношёрстный","f","f",,,,
25,"собаки",588,"ирландский сеттер",130,1,"Собаки",119,"Ирландский сеттер","f","f",,,,
25,"собаки",683,"эрдельтерьер",131,1,"Собаки",328,"Эрдельтерьер","f","f",,,,
25,"собаки",998,"фокстерьер гладкошерстный",134,1,"Собаки",286,"Фокстерьер гладкошёрстный","f","f",,,,
25,"собаки",1014,"японский шпиц",134,1,"Собаки",190,"Японский шпиц","f","f",,,,
25,"собаки",1154,"Гриффон",139,1,"Собаки",2132,"Гриффон","f","f",,,,
25,"собаки",576,"ризеншнауцер",142,1,"Собаки",240,"Ризеншнауцер","f","f",,,,
25,"собаки",1006,"пражский крысарик",144,1,"Собаки",757,"Пражский крысарик","f","f",,,,
25,"собаки",752,"большой немецкий шпиц",149,1,"Собаки",187,"Немецкий шпиц","f","f",,,,
25,"собаки",595,"ягдтерьер",149,1,"Собаки",188,"Немецкий ягдтерьер","f","f","в  AnimalID отсутствует порода ",,,
25,"собаки",1153,"Акита - ину",156,1,"Собаки",10,"Акита-ину","f","f",,,,
25,"собаки",891,"московский короткошерстный той-терьер",156,1,"Собаки",689,"Русский той","f","f",,,,
25,"собаки",599,"ретривер",156,1,"Собаки",160,"Лабрадор-ретривер","f","f","в  AnimalID отсутствует порода ",,,
25,"собаки",1020,"энтлебухер зенненхунд",158,1,"Собаки",326,"Эллинский икнилатис (Энтлебухер зенненхунд)","f","f",,,,
25,"собаки",608,"бельгийская малинуа",160,1,"Собаки",603,"Бельгийская овчарка (малинуа)","f","f",,,,
25,"собаки",886,"бультерьер миниатюрный",162,1,"Собаки",815,"Бультерьер миниатюрный","f","f",,,,
25,"собаки",591,"чау-чау",162,1,"Собаки",307,"Чау чау","f","f",,,,
25,"собаки",702,"австралийская борзая, кенгуровая",163,1,"Собаки",2279,"Австралийская борзая (Кенгуровая собака)","f","f",,,,
25,"собаки",581,"далматин",165,1,"Собаки",104,"Далматин","f","f",,,,
25,"собаки",758,"брабансон",166,1,"Собаки",210,"Пти-брабансон (малый брабансон)","f","f",,,,
25,"собаки",573,"доберман-пинчер",166,1,"Собаки",108,"Доберман","f","f","в  AnimalID отсутствует порода ",,,
25,"собаки",987,"эстонская гончая",166,1,"Собаки",740,"Эстонская гончая","f","f",,,,
25,"собаки",1003,"уипет",171,1,"Собаки",282,"Уиппет","f","f",,,,
25,"собаки",820,"левретка, итальянская борзая",173,1,"Собаки",164,"Итальянская левретка","f","f",,,,
25,"собаки",642,"русско-европейская лайка",173,1,"Собаки",245,"Русско-европейская лайка","f","f",,,,
25,"собаки",693,"японский хин",175,1,"Собаки",331,"Японский Хин","f","f",,,,
25,"собаки",687,"аляскинский маламут",177,1,"Собаки",12,"Аляскинский маламут","f","f",,,,
25,"собаки",616,"бостон-терьер",177,1,"Собаки",62,"Бостон-терьер","f","f",,,,
25,"собаки",620,"керн-терьер",189,1,"Собаки",855,"Керн-терьер","f","f",,,,
25,"собаки",1010,"ка де бо",192,1,"Собаки",207,"Майорский мастиф (перро дого мальоркин, Ка-де-бо)","f","f","в  AnimalID отсутствует порода ",,,
25,"собаки",1017,"швейцарская овчарка",193,1,"Собаки",691,"Белая швейцарская овчарка","f","f",,,,
25,"собаки",736,"бельгийский гриффон",199,1,"Собаки",37,"Бельгийский гриффон","f","f",,,,
25,"собаки",655,"норвич-терьер",202,1,"Собаки",195,"Норвич терьер","f","f",,,,
25,"собаки",579,"пинчер",204,1,"Собаки",642,"Пинчер (черноподпалый)","f","f",,,,
25,"собаки",947,"скотч терьер",206,1,"Собаки",257,"Скотч-терьер","f","f",,,,
25,"собаки",810,"западно-сибирская лайка",212,1,"Собаки",114,"Западно-сибирская лайка","f","f",,,,
25,"собаки",696,"миттельшнауцер",213,1,"Собаки",706,"Миттельшнауцер","f","f",,,,
25,"собаки",1034,"акита-ину",214,1,"Собаки",10,"Акита-ину","f","f",,,,
25,"собаки",602,"австралийская овчарка",222,1,"Собаки",2,"Австралийская овчарка","f","f",,,,
25,"собаки",1155,"Доберман",224,1,"Собаки",108,"Доберман","f","f",,,,
25,"собаки",1139,"шелти",230,1,"Собаки",318,"Шелти","f","f",,,,
25,"собаки",656,"такса жесткошерстная",231,1,"Собаки",2264,"Такса (жесткошерстная)","f","f",,,,
25,"собаки",628,"фокстерьер жесткошерстный",237,1,"Собаки",287,"Фокстерьер жесткошёрстный","f","f",,,,
25,"собаки",614,"бордер колли",242,1,"Собаки",58,"Бордер колли","f","f",,,,
25,"собаки",584,"бультерьер",242,1,"Собаки",73,"Бультерьер","f","f",,,,
25,"собаки",853,"курцхаар",244,1,"Собаки",157,"Немецкий курцхаар","f","f",,,,
25,"собаки",955,"пудель стандартный",251,1,"Собаки",236,"Пудель-пойнтер","f","f",,,,
25,"собаки",1039,"смешанная",256,1,"Собаки",698,"Метис","f","f",,,,
25,"собаки",662,"родезийский риджбек",270,1,"Собаки",241,"Родезийский риджбек (rhodesian ridgeback)","f","f",,,,
25,"собаки",1007,"карликовый пинчер",271,1,"Собаки",138,"Карликовый пинчер","f","f",,,,
25,"собаки",695,"американский питбультерьер",282,1,"Собаки",708,"Американский питбультерьер","f","f",,,,
25,"собаки",680,"брюссельский гриффон",286,1,"Собаки",70,"Брюссельский гриффон","f","f",,,,
25,"собаки",585,"английский бульдог",291,1,"Собаки",17,"Английский бульдог","f","f",,,,
25,"собаки",698,"среднеазиатская овчарка",291,1,"Собаки",264,"Среднеазиатская овчарка","f","f",,,,
25,"собаки",1157,"Болонка",305,1,"Собаки",2137,"Болонка","f","f",,,,
25,"собаки",1035,"алабай",307,1,"Собаки",264,"Среднеазиатская овчарка","f","f",,,,
25,"собаки",686,"акита ину",308,1,"Собаки",10,"Акита-ину","f","f",,,,
25,"собаки",1042,"цвергшпиц ",329,1,"Собаки",2268,"Немецкий Цвергшпиц","f","f","верно ли выбрана порода?","да",,
25,"собаки",958,"стафордширский бультерьер",351,1,"Собаки",268,"Стаффордширский бультерьер","f","f",,,,
25,"собаки",621,"вельш корги кардиган",369,1,"Собаки",78,"Вельш-корги кардиган","f","f",,,,
25,"собаки",574,"боксёр",370,1,"Собаки",184,"Немецкий боксер","f","f",,,,
25,"собаки",590,"ротвейлер",372,1,"Собаки",242,"Ротвейлер","f","f",,,,
25,"собаки",1015,"бернский зенненхунд",378,1,"Собаки",40,"Бернский зенненхунд","f","f",,,,
25,"собаки",937,"самоедская лайка",381,1,"Собаки",248,"Самоед","f","f",,,,
25,"собаки",1158,"Вельш корги",412,1,"Собаки",2138,"Вельш-корги","f","f",,,,
25,"собаки",996,"шарпей",416,1,"Собаки",315,"Шарпей","f","f",,,,
25,"собаки",603,"басенджи",424,1,"Собаки",32,"Басенджи","f","f",,,,
25,"собаки",639,"той-пудель",426,1,"Собаки",235,"Той-пудель","f","f",,,,
25,"собаки",1163,"Кавалер кинг чарльз спаниель",457,1,"Собаки",130,"Кавалер-кинг-чарлз-спаниель","f","f",,,,
25,"собаки",577,"бишон фризе",462,1,"Собаки",46,"Бишон фризе","f","f",,,,
25,"собаки",1152,"француский бульдог",469,1,"Собаки",295,"Французский бульдог","f","f",,,,
25,"собаки",888,"пудель миниатюрный",517,1,"Собаки",874,"Пудель миниатюрный","f","f",,,,
25,"собаки",710,"американский кокер спаниель",521,1,"Собаки",14,"Американский кокер-спаниель","f","f",,,,
25,"собаки",699,"кане корсо",536,1,"Собаки",133,"Кане-корсо","f","f",,,,
25,"собаки",885,"такса миниатюрная",553,1,"Собаки",853,"Такса миниатюрная (гладкошерстная)","f","f",,,,
25,"собаки",773,"восточно-европейская овчарка",564,1,"Собаки",712,"Восточно-европейская овчарка","f","f",,,,
25,"собаки",933,"русский спаниель",617,1,"Собаки",720,"Русский охотничий спаниель","f","f",,,,
25,"собаки",999,"такса длинношерстная",620,1,"Собаки",2263,"Такса (длинношерстная)","f","f",,,,
25,"собаки",657,"папильон",623,1,"Собаки",817,"Папильон (папийон)","f","f",,,,
25,"собаки",1149,"лабрадор ретривер",709,1,"Собаки",160,"Лабрадор-ретривер","f","f",,,,
25,"собаки",578,"пекинес",719,1,"Собаки",643,"Португальский поденго (гладкошёрстный)","f","f",,,,
25,"собаки",1145,"сибирский хаски",730,1,"Собаки",254,"Сибирский хаски","f","f",,,,
25,"собаки",898,"немецкий карликовый шпиц",759,1,"Собаки",187,"Немецкий шпиц","f","f",,,,
25,"собаки",813,"золотистый ретривер",793,1,"Собаки",93,"Золотистый ретривер","f","f",,,,
25,"собаки",580,"английский кокер спаниель",834,1,"Собаки",18,"Английский кокер-спаниель","f","f",,,,
25,"собаки",942,"сиба-ину",854,1,"Собаки",737,"Сиба-ину","f","f",,,,
25,"собаки",596,"пудель",916,1,"Собаки",232,"Пудель","f","f",,,,
25,"собаки",711,"американский стафордшир-терьер",960,1,"Собаки",15,"Американский Стаффордширский Терьер","f","f",,,,
25,"собаки",670,"ши-тцу",973,1,"Собаки",319,"Ши-тцу","f","f",,,,
25,"собаки",1033,"такса кроличья",1003,1,"Собаки",2257,"Такса кроличья (гладкошерстная)","f","f","верно ли выбрана порода?","да",,
25,"собаки",943,"сибирская хаски",1049,1,"Собаки",254,"Сибирский хаски","f","f",,,,
25,"собаки",646,"лабрадор-ретривер",1089,1,"Собаки",160,"Лабрадор-ретривер","f","f",,,,
25,"собаки",649,"мальтез, мальтийский бишон",1124,1,"Собаки",173,"Мальтезе","f","f",,,,
25,"собаки",1002,"цвергпинчер",1126,1,"Собаки",714,"Цвергпинчер","f","f",,,,
25,"собаки",843,"китайская хохлатая собака",1182,1,"Собаки",142,"Китайская хохлатая собака","f","f",,,,
25,"собаки",697,"цвергшнауцер",1187,1,"Собаки",306,"Цвергшнауцер","f","f",,,,
25,"собаки",956,"такса стандартная",1312,1,"Собаки",273,"Такса","f","f",,,,
25,"собаки",658,"вельш корги пемброук",1380,1,"Собаки",79,"Вельш-корги пемброк","f","f",,,,
25,"собаки",1001,"вест хайленд уайт терьер",1448,1,"Собаки",88,"Вест-хайленд-вайт-терьер","f","f",,,,
25,"собаки",1148,"джек рассел терьер",1482,1,"Собаки",693,"Джек-рассел-терьер","f","f",,,,
25,"собаки",1160,"чи-хуа-хуа",1681,1,"Собаки",690,"Чихуахуа","f","f",,,,
25,"собаки",1045,"беспородная",1714,1,"Собаки",2103,"Беспородная","f","f",,,,
25,"собаки",1146,"померанский шпиц",1860,1,"Собаки",699,"Померанский шпиц","f","f",,,,
25,"собаки",605,"бигль",1933,1,"Собаки",42,"Бигль","f","f",,,,
25,"собаки",1012,"мопс",2001,1,"Собаки",180,"Мопс","f","f",,,,
25,"собаки",899,"немецкий шпиц",2196,1,"Собаки",187,"Немецкий шпиц","f","f",,,,
25,"собаки",571,"немецкая овчарка",2371,1,"Собаки",182,"Немецкая овчарка","f","f",,,,
25,"собаки",598,"лабрадор",2440,1,"Собаки",906,"Лабрадор","f","f",,,,
25,"собаки",586,"французский бульдог",2517,1,"Собаки",295,"Французский бульдог","f","f",,,,
25,"собаки",587,"такса гладкошерстная",2572,1,"Собаки",273,"Такса","f","f","в  AnimalID отсутствует порода ",,,
25,"собаки",1004,"той-терьер",2711,1,"Собаки",696,"Той-терьер","f","f",,,,
25,"собаки",1000,"русский той-терьер",3190,1,"Собаки",689,"Русский той","f","f","верно ли выбрана порода?","да",,
25,"собаки",1043,"другая",3582,1,"Собаки",679,"Другая","f","f",,,,
25,"собаки",1009,"шпиц",3604,1,"Собаки",187,"Немецкий шпиц","f","f","в  AnimalID отсутствует порода ",,,
25,"собаки",803,"джек-рассел-терьер",4210,1,"Собаки",693,"Джек-рассел-терьер","f","f",,,,
25,"собаки",624,"чихуахуа",9858,1,"Собаки",690,"Чихуахуа","f","f",,,,
25,"собаки",1046,"метис",15221,1,"Собаки",698,"Метис","f","f",,,,
25,"собаки",995,"йоркширский терьер",18151,1,"Собаки",129,"Йоркширский терьер","f","f",,,,
25,"собаки",,,17198,,,,,"f","t","какую породу указывать при отуствии у животного породы в ВетАС? ",,,
27,"улитки",,,2,,,,,"t","f","Нет обмена с AnimalID",,,
34,"французский бульдог",1150,"Французский бульдог",1,1,"Собаки",295,"Французский бульдог","f","f",,,,
34,"французский бульдог",,,114,1,"Собаки",295,"Французский бульдог","f","f",,,,
29,"хомяки",1022,"бежевый (кремовый) золотистый хомяк",2,63,"Грызуны",2223,"Хомяк золотистый, бежевый, кремовый (Cricetinae)","f","f",,,,
29,"хомяки",1023,"джунгарский карликовый хомяк",12,63,"Грызуны",2222,"Джунгарский хомяк (Phodopus sungorus)","f","f",,,,
29,"хомяки",1024,"длинношерстный золотистый хомяк (ангорский тип)",1,63,"Грызуны",2221,"Хомяк золотистый, длинношерстный, ангорский (Cricetinae)","f","f",,,,
29,"хомяки",1026,"обычный золотистый хомяк",4,63,"Грызуны",2220,"Хомяк золотистый, обыкновенный (Cricetinae)","f","f",,,,
29,"хомяки",1027,"пятнистый золотистый хомяк",1,63,"Грызуны",2338,"Пятнистый золотистый хомяк","f","f","в  AnimalID отсутствует порода ",,,
29,"хомяки",1028,"русский хомяк",5,63,"Грызуны",2219,"Хомяк русский (Cricetinae)","f","f",,,,
29,"хомяки",,,25,63,"Грызуны",2218,"Хомяк (Cricetinae)","f","f",,,,
30,"хорьки",1030,"домашний",84,61,"Хорек домашний",2177,"Хорек домашний","f","f",,,,
30,"хорьки",,,50,61,"Хорек домашний",2177,"Хорек домашний","f","f","в  AnimalID отсутствует порода ",,,
31,"шиншила",1031,"короткошерстная",10,63,"Грызуны",2179,"Шиншиллы короткошёрстные (Chinchilla)","f","f",,,,
31,"шиншила",,,15,63,"Грызуны",2178,"Шиншиллы (Chinchilla)","f","f",,,,
