vaccines.name;species.name;
Вакдерм - F (Кошки);Кошки;
Вакдерм - F (Кошки, Собаки, Кролики, Хищные, Грызуны);Кошки;
Вакдерм - F (Кошки, Собаки, Кролики, Хищные, Грызуны);Собаки;
Вакдерм - F (Кошки, Собаки, Кролики, Хищные, Грызуны);Кролики;
Вакдерм - F (Кошки, Собаки, Кролики, Хищные, Грызуны);Хищные;
Вакдерм - F (Кошки, Собаки, Кролики, Хищные, Грызуны);Грызуны;
Вангард 7;Собаки;
Вангард Плюс 5 L4 CV ;Собаки;
Гексаканивак;Собаки;
Дефенсор 3;Кошки;
Дефенсор 3;Собаки;
Дипентавак;Собаки;
Каниген DHA2PPi / L;Собаки;
Микродерм;Собаки;
Микродерм;Кошки;
Микродерм;Хищные;
Микродерм;Грызуны;
Микродерм;Кролики;
Мультикан 4;Собаки;
Мультикан 6;Собаки;
Мультикан 7;Собаки;
Мультикан 8;Собаки;
Мультифел 4;Кошки;
Нобивак DHP (Nobivac DHP);Собаки;
Нобивак DHPPi (Nobivac DHPPi);Собаки;
Нобивак KC (Nobivac KC);Собаки;
Нобивак Piro;Собаки;
Нобивак RL (Nobivac RL);Собаки;
Нобивак Лепто (Nobivac Lepto);Собаки;
Нобивак Паппи DP (Nobivac Puppy DP);Собаки;
Нобивак рабиес (Nobivac rabies);Собаки;
Нобивак рабиес (Nobivac rabies);Кошки;
Нобивак рабиес (Nobivac rabies);Хорьки;
Нобивак рабиес (Nobivac rabies);Хищные;
Нобивак рабиес (Nobivac rabies);Крупный рогатый скот;
Нобивак рабиес (Nobivac rabies);Овцы;
Нобивак рабиес (Nobivac rabies);Козы;
Нобивак рабиес (Nobivac rabies);Лошади;
Нобивак Трикет Трио (Nobivac Tricat Trio);Кошки;
Поливак ТМ Вакцина против дерматомикозов кошек;Кошки;
Поливак ТМ Вакцина против дерматомикозов собак;Собаки;
Пюрвакс RCP (Purevax RCP);Кошки;
Пюрвакс RCPCh ;Кошки;
Рабиген Моно;Кошки;
Рабизин;Собаки;
Рабизин;Кошки;
Рабизин;Хорьки;
Рабизин;Лошади;
Рабизин;Крупный рогатый скот;
Рабизин;Овцы;
Рабикан Вакцина антирабическая инактивированная сухая культуральная из штамма «Щелково-51»;Кошки;
Рабикан Вакцина антирабическая инактивированная сухая культуральная из штамма «Щелково-51»;Собаки;
Рабикс;Собаки;
Рабикс;Хищные;
Рабифел;Кошки;
Фелиген CRP;Кошки;
Эурикан DHPPI2;Собаки;
Эурикан DHPPI2-L;Собаки;
Эурикан DHPPI2-LR;Собаки;
Эурикан Пиро;Собаки;
