vaccines.name;diseases.name;;
Вакдерм - F (Кошки);Дерматофитоз;Дерматофитоз;
Вакдерм - F (Кошки, Собаки, Кролики, Хищные, Грызуны);Микроспория;Микроспория;
Вакдерм - F (Кошки, Собаки, Кролики, Хищные, Грызуны);Трихотифия;Трихотифия;
Вангард 7;Чума плотоядных;Чума плотоядных;
Вангард 7;Инфекционный гепатит;Инфекционный гепатит;
Вангард 7;Аденовирусная инфекция;Аденовирусная инфекция;
Вангард 7;Парагрипп;Парагрипп;
Вангард 7;Парвовирусный энтерит;Парвовирусный энтерит;
Вангард 7;Лептоспироз;Лептоспироз;
Вангард Плюс 5 L4 CV ;Чума плотоядных;Чума плотоядных;
Вангард Плюс 5 L4 CV ;Инфекционный гепатит;Инфекционный гепатит;
Вангард Плюс 5 L4 CV ;Аденовирусная инфекция;Аденовирусная инфекция;
Вангард Плюс 5 L4 CV ;Коронавирусный энтерит;Коронавирусный энтерит;
Вангард Плюс 5 L4 CV ;Парагрипп;Парагрипп;
Вангард Плюс 5 L4 CV ;Парвовирусный энтерит;Парвовирусный энтерит;
Вангард Плюс 5 L4 CV ;Лептоспироз;Лептоспироз;
Гексаканивак;Чума плотоядных;Чума плотоядных;
Гексаканивак;Инфекционный гепатит;Инфекционный гепатит;
Гексаканивак;Аденовирусная инфекция;Аденовирусная инфекция;
Гексаканивак;Парвовирусный энтерит;Парвовирусный энтерит;
Гексаканивак;Лептоспироз;Лептоспироз;
Дефенсор 3;Бешенство;Бешенство;
Дипентавак;Бешенство;Бешенство;
Дипентавак;Чума плотоядных;Чума плотоядных;
Дипентавак;Парвовирусный энтерит;Парвовирусный энтерит;
Дипентавак;Инфекционный гепатит;Инфекционный гепатит;
Дипентавак;Аденовирусная инфекция;Аденовирусная инфекция;
Дипентавак;Лептоспироз;Лептоспироз;
Каниген DHA2PPi / L;Чума плотоядных;Чума плотоядных;
Каниген DHA2PPi / L;Инфекционный гепатит;Инфекционный гепатит;
Каниген DHA2PPi / L;Аденовирусная инфекция;Аденовирусная инфекция;
Каниген DHA2PPi / L;Парагрипп;Парагрипп;
Каниген DHA2PPi / L;Парвовирусный энтерит;Парвовирусный энтерит;
Каниген DHA2PPi / L;Лептоспироз;Лептоспироз;
Микродерм;Трихотифия;Трихотифия;
Микродерм;Микроспория;Микроспория;
Мультикан 4;Чума плотоядных;Чума плотоядных;
Мультикан 4;Аденовирусная инфекция;Аденовирусная инфекция;
Мультикан 4;Парвовирусный энтерит;Парвовирусный энтерит;
Мультикан 4;Коронавирусный энтерит;Коронавирусный энтерит;
Мультикан 6;Чума плотоядных;Чума плотоядных;
Мультикан 6;Аденовирусная инфекция;Аденовирусная инфекция;
Мультикан 6;Парвовирусный энтерит;Парвовирусный энтерит;
Мультикан 6;Коронавирусный энтерит;Коронавирусный энтерит;
Мультикан 6;Лептоспироз;Лептоспироз;
Мультикан 7;Чума плотоядных;Чума плотоядных;
Мультикан 7;Аденовирусная инфекция;Аденовирусная инфекция;
Мультикан 7;Парвовирусный энтерит;Парвовирусный энтерит;
Мультикан 7;Коронавирусный энтерит;Коронавирусный энтерит;
Мультикан 7;Трихотифия;Трихотифия;
Мультикан 7;Микроспория;Микроспория;
Мультикан 8;Чума плотоядных;Чума плотоядных;
Мультикан 8;Аденовирусная инфекция;Аденовирусная инфекция;
Мультикан 8;Парвовирусный энтерит;Парвовирусный энтерит;
Мультикан 8;Коронавирусный энтерит;Коронавирусный энтерит;
Мультикан 8;Лептоспироз;Лептоспироз;
Мультикан 8;Бешенство;Бешенство;
Мультифел 4;Панлейкопения;Панлейкопения;
Мультифел 4;Вирусный ринотрахеит;Вирусный ринотрахеит;
Мультифел 4;Калицивироз;Калицивироз;
Мультифел 4;Хламидиозы;Хламидиозы;
Нобивак DHP (Nobivac DHP);Чума плотоядных;Чума плотоядных;
Нобивак DHP (Nobivac DHP);Инфекционный гепатит;Инфекционный гепатит;
Нобивак DHP (Nobivac DHP);Парвовирусный энтерит;Парвовирусный энтерит;
Нобивак DHPPi (Nobivac DHPPi);Чума плотоядных;Чума плотоядных;
Нобивак DHPPi (Nobivac DHPPi);Инфекционный гепатит;Инфекционный гепатит;
Нобивак DHPPi (Nobivac DHPPi);Парвовирусный энтерит;Парвовирусный энтерит;
Нобивак DHPPi (Nobivac DHPPi);Парагрипп;Парагрипп;
Нобивак KC (Nobivac KC);Парагрипп;Парагрипп;
Нобивак KC (Nobivac KC);Бордетеллез;Бордетеллез;
Нобивак Piro;Бабезиоз (пироплазмоз);Бабезиоз (пироплазмоз);
Нобивак RL (Nobivac RL);Бешенство;Бешенство;
Нобивак RL (Nobivac RL);Лептоспироз;Лептоспироз;
Нобивак Лепто (Nobivac Lepto);Лептоспироз;Лептоспироз;
Нобивак Паппи DP (Nobivac Puppy DP);Чума плотоядных;Чума плотоядных;
Нобивак Паппи DP (Nobivac Puppy DP);Парвовирусный энтерит;Парвовирусный энтерит;
Нобивак рабиес (Nobivac rabies);Бешенство;Бешенство;
Нобивак Трикет Трио (Nobivac Tricat Trio);Калицивироз;Калицивироз;
Нобивак Трикет Трио (Nobivac Tricat Trio);Вирусный ринотрахеит;Вирусный ринотрахеит;
Нобивак Трикет Трио (Nobivac Tricat Trio);Панлейкопения;Панлейкопения;
Поливак ТМ Вакцина против дерматомикозов кошек;Микроспория;Микроспория;
Поливак ТМ Вакцина против дерматомикозов кошек;Трихотифия;Трихотифия;
Поливак ТМ Вакцина против дерматомикозов собак;Микроспория;Микроспория;
Поливак ТМ Вакцина против дерматомикозов собак;Трихотифия;Трихотифия;
Пюрвакс RCP (Purevax RCP);Панлейкопения;Панлейкопения;
Пюрвакс RCP (Purevax RCP);Вирусный ринотрахеит;Вирусный ринотрахеит;
Пюрвакс RCP (Purevax RCP);Калицивироз;Калицивироз;
Пюрвакс RCPCh ;Вирусный ринотрахеит;Вирусный ринотрахеит;
Пюрвакс RCPCh ;Калицивироз;Калицивироз;
Пюрвакс RCPCh ;Панлейкопения;Панлейкопения;
Пюрвакс RCPCh ;Хламидиозы;Хламидиозы;
Рабиген Моно;Бешенство;Бешенство;
Рабизин;Бешенство;Бешенство;
Рабикан Вакцина антирабическая инактивированная сухая культуральная из штамма «Щелково-51»;Бешенство;Бешенство;
Рабикс;Бешенство;Бешенство;
Рабифел;Бешенство;Бешенство;
Фелиген CRP;Калицивироз;Калицивироз;
Фелиген CRP;Вирусный ринотрахеит;Вирусный ринотрахеит;
Фелиген CRP;Панлейкопения;Панлейкопения;
Эурикан DHPPI2;Чума плотоядных;Чума плотоядных;
Эурикан DHPPI2;Инфекционный гепатит;Инфекционный гепатит;
Эурикан DHPPI2;Парвовирусный энтерит;Парвовирусный энтерит;
Эурикан DHPPI2;Парагрипп;Парагрипп;
Эурикан DHPPI2-L;Чума плотоядных;Чума плотоядных;
Эурикан DHPPI2-L;Инфекционный гепатит;Инфекционный гепатит;
Эурикан DHPPI2-L;Парвовирусный энтерит;Парвовирусный энтерит;
Эурикан DHPPI2-L;Парагрипп;Парагрипп;
Эурикан DHPPI2-L;Лептоспироз;Лептоспироз;
Эурикан DHPPI2-LR;Чума плотоядных;Чума плотоядных;
Эурикан DHPPI2-LR;Инфекционный гепатит;Инфекционный гепатит;
Эурикан DHPPI2-LR;Парвовирусный энтерит;Парвовирусный энтерит;
Эурикан DHPPI2-LR;Парагрипп;Парагрипп;
Эурикан DHPPI2-LR;Лептоспироз;Лептоспироз;
Эурикан DHPPI2-LR;Бешенство;Бешенство;
Эурикан Пиро;Бабезиоз (пироплазмоз);Бабезиоз (пироплазмоз);
