Текущий вид;Текущая порода;Новый вид;Новая порода;id_species;id_breed;
голуби;армавирский белоголовый космач;Птицы;Армавирский белоголовый космач (голуби);2;1;
иные животные;другая;Иные животные;Другая;36;1162;
иные животные;;Иные животные;;36;;
кошки;абиссинская;Кошки;Абиссинская короткошерстная;9;95;
кошки;американская жесткошерстная;Кошки;Американская жесткошерстная;9;138;
кошки;американская короткошерстная;Кошки;Американская короткошерстная;9;137;
кошки;американский бобтейл;Кошки;Американский бобтейл длинношерстный;9;113;
кошки;американский кёрл;Кошки;Американский кёрл длинношерстный;9;136;
кошки;ангорская;Кошки;Ангора британская;9;94;
кошки;балинезийская;Кошки;Балинезийская;9;114;
кошки;бенгальская;Кошки;Бенгальская короткошерстная (Бенгал);9;144;
кошки;беспородная;Кошки;Беспородная;9;146;
кошки;бирма;Кошки;Бирманская (Священная Бирма);9;131;
кошки;бирманская пятнисто-краповая;Кошки;Бирманская (Священная Бирма);9;105;
кошки;бомбейская;Кошки;Бомбей;9;116;
кошки;британская голубая;Кошки;Британская голубая;9;109;
кошки;британская короткошерстная;Кошки;Британская короткошерстная;9;117;
кошки;бурма;Кошки;Бурманская;9;97;
кошки;бурмилла;Кошки;Бурмилла;9;118;
кошки;гаванна;Кошки;Гавана браун;9;124;
кошки;герман рекс;Кошки;Герман-рекс;9;122;
кошки;девон рекс;Кошки;Девон-рекс;9;99;
кошки;домашняя;Кошки; Домашние кошки;9;150;
кошки;донский сфинкс;Кошки;Донской сфинкс;9;145;
кошки;другая;Кошки; Другая;9;1044;
кошки;европейская короткошерстная;Кошки;Европейская короткошерстная;9;101;
кошки;египетская мау;Кошки;Египетский мау;9;96;
кошки;канадский сфинкс;Кошки;Канадский сфинкс ;9;133;
кошки;кимрик;Кошки;Кимрик (длинношерстный манкс);9;121;
кошки;корат;Кошки;Корат;9;127;
кошки;корниш-рекс;Кошки;Корниш-рекс;9;120;
кошки;курильский бобтейл;Кошки;Курильский бобтейл длинношерстный;9;148;
кошки;манкс;Кошки;Манкс (Мэнская бесхвостая);9;107;
кошки;манчкин;Кошки;Манчкин длинношерстный;9;128;
кошки;мейн кун;Кошки;Мэйн-Кун (Мэнская енотовая);9;152;
кошки;меконгский бобтейл;Кошки;Макегонский бобтейл;9;156;
кошки;мексиканская;Кошки;Мексиканская;9;106;
кошки;метис;Кошки;Метис;9;111;
кошки;мингонский бобтейл;Кошки;Меконг;9;147;
кошки;мэйн кун;Кошки;Мэйн-Кун (Мэнская енотовая);9;135;
кошки;невская маскарадная;Кошки;Невская маскарадная;9;154;
кошки;норвежская лесная дымчато-голубая;Кошки;Норвежская лесная (Ског кэт);9;103;
кошки;ориенталская короткошерстная;Кошки;Ориентальная длинношерстная;9;126;
кошки;ориентальская длинношерстная;Кошки;Ориентальная короткошерстная;9;125;
кошки;охос азулес;Кошки;Охос Азулес;9;143;
кошки;оцикет;Кошки;Оцикет;9;129;
кошки;персидская;Кошки;Персидская;9;93;
кошки;пиксибоб;Кошки;Пикси-боб;9;157;
кошки;русская голубая;Кошки;Русская голубая;9;110;
кошки;рэгдол;Кошки;Рэгдолл (Тряпичная кукла);9;130;
кошки;селкирк-рекс;Кошки;Селкирк рекс;9;140;
кошки;сиамская;Кошки;Сиамская короткошерстная;9;92;
кошки;сибирская;Кошки;Сибирская;9;112;
кошки;сингапура;Кошки;Сингапура;9;98;
кошки;скоттиш страйт;Кошки;Скоттиш-страйт (с обычными ушами);9;151;
кошки;скоттиш фолд;Кошки;Скоттиш-Фолд длинношерстный;9;153;
кошки;сноу-шу;Кошки;Сноу-Шу;9;141;
кошки;сомали;Кошки;Сомали;9;132;
кошки;сфинкс;Кошки;Донской сфинкс;9;104;
кошки;тайская;Кошки;Тайская кошка;9;149;
кошки;тифани;Кошки;Тиффани (Бурма длинношерстная);9;100;
кошки;тонкинез;Кошки;Тонкинез Tonkinese;9;142;
кошки;турецкий ван;Кошки;Турецкий ван;9;134;
кошки;цейлонская;Кошки;Цейлон;9;119;
кошки;шартрез;Кошки;Шартрез;9;102;
кошки;шиншилла;Кошки;Шиншилла;9;155;
кошки;шотландская вислоухая;Кошки;Шотландская вислоухая длинношерстная;9;108;
кошки;экзотическая короткошерстная;Кошки;Экзотическая короткошерстная;9;123;
кошки;японский бобтейл;Кошки;Японский бобтейл длинношерстный;9;115;
кошки;;Кошки;;9;;
кролики;американский;Кролики;Американский;10;159;
кролики;английский баран;Кролики;Баран английский;10;160;
кролики;ангорский;Кролики;Ангорский кролик;10;162;
кролики;бургундский;Кролики;Бургундский кролик;10;170;
кролики;венский белый;Кролики;Венский белый кролик;10;171;
кролики;венский серый;Кролики;Венский кролик;10;174;
кролики;вислоухий баран;Кролики;Баран;10;176;
кролики;голландский;Кролики;Голландский кролик;10;180;
кролики;заячий;Кролики;Заячий кролик;10;183;
кролики;карликовая бабочка;Кролики;Карликовая бабочка;10;186;
кролики;карликовый баран;Кролики;Баран карликовый;10;187;
кролики;карликовый лисий;Кролики;Карликовый лисий кролик;10;188;
кролики;карликовый рекс;Кролики;Рекс карликовый;10;189;
кролики;крупный баран;Кролики;Баран крупный;10;192;
кролики;марбургская белка;Кролики;Марбургская белка;10;195;
кролики;мардер;Кролики;Рекс мардер;10;196;
кролики;мекленбургский пятнистый;Кролики;Макленбургский пятнистый кролик;10;197;
кролики;мелкий пятнистый;Кролики;Английский пятнистый кролик;10;200;
кролики;рекс;Кролики;Рекс (коротковолосый кролик);10;208;
кролики;русский;Кролики;Русский горностаевый кролик (гималайский кролик);10;210;
кролики;цветной карлик;Кролики;Цветной карлик;10;215;
кролики;;Кролики;;10;;
лошадь;англо-арабская порода;Лошади;Англо-арабская порода;14;246;
лошадь;арабская чистокровная лошадь;Лошади;Арабская чистокровная порода;14;249;
лошадь;ахалтекинская лошадь (ахалтекинец);Лошади;Ахалтекинская порода;14;252;
лошадь;буденовская лошадь;Лошади;Буденновская порода;14;267;
лошадь;ганноверская порода;Лошади;Ганноверская порода;14;276;
лошадь;голландская упряжная лошадь;Лошади;Голландская упряжная порода;14;281;
лошадь;голштинская лошадь;Лошади;Голштинская порода;14;282;
лошадь;латвийская упряжная лошадь;Лошади;Латвийская порода;14;315;
лошадь;литовская тяжелоупряжная лошадь;Лошади;Литовская тяжелоупряжная порода;14;317;
лошадь;ольденбургская лошадь;Лошади;Ольденбургская порода;14;339;
лошадь;орловский pысак;Лошади;Орловский рысак;14;340;
лошадь;пони;Лошади;Дартмурский пони;14;348;
лошадь;русская рысистая лошадь;Лошади;Русская рысистая порода;14;351;
лошадь;русская тяжеловозная лошадь;Лошади;Русский тяжеловоз;14;352;
лошадь;тракененская лошадь;Лошади;Тракененская порода;14;370;
лошадь;шетландский пони;Лошади;Шетландские (шетлендские) пони;14;390;
лошадь;эстонская лошадь;Лошади;Эстонская местная порода;14;392;
лошадь;;Лошади;;14;;
морские свинки;американский крестед;Грызуны;Морская свинка (Американский крестед);15;402;
морские свинки;английский крестед;Грызуны;Морская свинка (Английский крестед);15;403;
морские свинки;гималайцы;Грызуны;Морская свинка (Гималайцы);15;405;
морские свинки;двухцветные;Грызуны;Морская свинка (Двухцветные);15;407;
морские свинки;коронет;Грызуны;Морская свинка (Коронет);15;408;
морские свинки;мерино;Грызуны;Морская свинка (Мерино);15;410;
морские свинки;рекс;Грызуны;Морская свинка (Рекс);15;1121;
морские свинки;скинни;Грызуны;Морская свинка (Скинни);15;417;
морские свинки;трехцветные;Грызуны;Морская свинка (Трёхцветные);15;420;
морские свинки;чалые;Грызуны;Морская свинка (Чалые);15;421;
морские свинки;шелти;Грызуны ;Морская свинка (Шелти);15;422;
морские свинки;;Грызуны;Морская свинка (Cavia porcellus);15;;
насекомые энтомофаги;;Насекомые энтомофаги;;32;;
паукообразные;;Паукообразные;;17;;
попугай;волнистый попугай;Птицы;Волнистый попугайчик (Melopsittacus undulatus);20;459;
попугай;жако;Птицы;Жако, серый попугай (Psittacus erithacus);20;464;
попугай;какарики (cyanoramphus);Птицы;Какарики, Антиподский прыгающий попугай (Cyanoramphus unicolor);20;544;
попугай;мускусные лорикеты (glossopsitta);Птицы;Мускусный лорикет (Glossopsitta concinna);20;519;
попугай;неразлучники (agapornis);Птицы;Неразлучники (Agapornis);20;530;
попугай;нимфа или карелла (nymphicus);Птицы;Корелла (Nymphicus hollandicus);20;532;
попугай;;Птицы;Попугай;20;;
птицы;ворон;Птицы;Ворон (Corvus corax);21;560;
птицы;;Птицы;;21;;
рептилии;;Рептилии;;22;;
собаки;австралийская борзая, кенгуровая;Собаки;Австралийская борзая (Кенгуровая собака);25;702;
собаки;австралийская овчарка;Собаки;АВСТРАЛИЙСКАЯ ОВЧАРКА ;25;602;
собаки;австралийский терьер;Собаки;АВСТРАЛИЙСКИЙ ТЕРЬЕР ;25;601;
собаки;азавак;Собаки;Азавак;25;703;
собаки;аиди, атласская овчарка;Собаки;Аиди (атласская овчарка);25;704;
собаки;айну;Собаки;Хоккайдо;25;705;
собаки;акбаш;Собаки;Акбаш;25;706;
собаки;акита ину;Собаки;Акита-Ину;25;686;
собаки;акита-ину;Собаки;Акита-Ину;25;1034;
собаки;Акита - ину;Собаки;Акита-Ину;25;1153;
собаки;алабай;Собаки;Среднеазиатская овчарка;25;1035;
собаки;альпийский спаниель;Собаки;КЛАМБЕР СПАНИЕЛЬ ;25;708;
собаки;аляскинский маламут;Собаки;АЛЯСКИНСКИЙ МАЛАМУТ ;25;687;
собаки;американский бульдог;Собаки;Американский бульдог;25;681;
собаки;американский водяной спаниель;Собаки;Американский водяной спаниель;25;688;
собаки;американский кокер спаниель;Собаки;АМЕРИКАНСКИЙ КОКЕР СПАНИЕЛЬ ;25;710;
собаки;американский питбультерьер;Собаки;Американский питбультерьер;25;695;
собаки;американский стафордшир-терьер;Собаки;Американский Стаффордширский Терьер;25;711;
собаки;американский той-фокстерьер;Собаки;Той-фокстерьер;25;713;
собаки;американский фоксхаунд;Собаки;Американский фоксхаунд;25;712;
собаки;американский эскимоский шпиц;Собаки;Американский эскимосский шпиц;25;689;
собаки;анатолийский карабаш;Собаки;Кобан кёпежи (анатолийская овчарка);25;714;
собаки;английская овчарка;Собаки;Английская овчарка;25;715;
собаки;английский бульдог;Собаки;Английский бульдог;25;585;
собаки;английский водяной спаниель;Собаки;Английский водяной спаниель;25;716;
собаки;английский кокер спаниель;Собаки;АНГЛИЙСКИЙ КОКЕР СПАНИЕЛЬ ;25;580;
собаки;английский мастиф;Собаки;Английский мастиф (English Mastiff);25;717;
собаки;английский пойнтер;Собаки;ПОЙНТЕР ;25;659;
собаки;английский сеттер;Собаки;АНГЛИЙСКИЙ СЕТТЕР ;25;589;
собаки;английский спрингер-спаниель;Собаки;АНГЛИЙСКИЙ СПРИНГЕР СПАНИЕЛЬ ;25;626;
собаки;английский той-терьер;Собаки;АНГЛИЙСКИЙ ТОЙ ТЕРЬЕР (ЧЕРНО-ПОДПАЛЫЙ) ;25;718;
собаки;аппенцеллер;Собаки;Аппенцеллер зенненхунд;25;720;
собаки;аргентинский дог;Собаки;Аргентинский дог;25;1036;
собаки;артезиано-нормандский бассет;Собаки;Артезиано-нормандский бассет;25;724;
собаки;арьежская гончая;Собаки;Арьежуа;25;726;
собаки;афганская борзая;Собаки;АФГАНСКАЯ БОРЗАЯ ;25;1037;
собаки;афганская гончая;Собаки;АФГАНСКАЯ БОРЗАЯ ;25;685;
собаки;аффенпинчер;Собаки;АФФЕНПИНЧЕР ;25;727;
собаки;баварская горная гончая;Собаки;Баварская следовая гончая;25;728;
собаки;балканская гончая;Собаки;Сербский гонич;25;992;
собаки;барбе;Собаки;Барбе;25;730;
собаки;басенджи;Собаки;БАСЕНДЖИ ;25;603;
собаки;баскетмейкер;Собаки;Баскетмейкер;25;732;
собаки;бассетхаунд;Собаки;БАССЕТ ХАУНД ;25;733;
собаки;беардед колли (хайланд колли);Собаки;БОРОДАТАЯ КОЛЛИ ;25;606;
собаки;бедлингтон терьер;Собаки;БЕДЛИНГТОН ТЕРЬЕР ;25;607;
собаки;белый английский терьер;Собаки;Белый английский терьер;25;734;
собаки;бельгийская лакенуа;Собаки;БЕЛЬГИЙСКАЯ ОВЧАРКА (лакенуа) ;25;997;
собаки;бельгийская малинуа;Собаки;БЕЛЬГИЙСКАЯ ОВЧАРКА (малинуа) ;25;608;
собаки;бельгийский гриффон;Собаки;Бельгийский гриффон;25;736;
собаки;бельгийский грюнендаль;Собаки;БЕЛЬГИЙСКАЯ ОВЧАРКА (грюнендаль) ;25;1021;
собаки;бельгийский тервюрен;Собаки;БЕЛЬГИЙСКАЯ ОВЧАРКА (тервюрен) ;25;610;
собаки;бергамаско, бергамская овчарка;Собаки;Бергамаскер;25;739;
собаки;бернский зенненхунд;Собаки;БЕРНСКИЙ ЗЕННЕНХУНД ;25;1015;
собаки;беспородная;Собаки;Беспородная;25;1045;
собаки;бигль;Собаки;БИГЛЬ ;25;605;
собаки;бишон фризе;Собаки;БИШОН ФРИЗЕ ;25;577;
собаки;бладхаунд;Собаки;Бладхаунд (шьен де сен-юбер);25;612;
собаки;блю лейси;Собаки;Блю-лейси (blue lacy);25;742;
собаки;бобтейл, староанглийская овчарка;Собаки;СТАРОАНГЛИЙСКАЯ ОВЧАРКА (бобтейл) ;25;654;
собаки;боксёр;Собаки;НЕМЕЦКИЙ БОКСЕР ;25;574;
собаки;Болонка;Собаки;Болонка;25;1157;
собаки;болонский бишон;Собаки;Болонский Бишон (Болоньез);25;744;
собаки;большая голубая гасконская гончая;Собаки;Большая голубая гасконская гончая;25;746;
собаки;большая древесная гончая;Собаки;Большая древесная гончая;25;747;
собаки;большая пиринейская собака;Собаки;ПИРЕНЕЙСКАЯ ГОРНАЯ СОБАКА ;25;632;
собаки;большая швейцарская горная пасту;Собаки;Большой швейцарский зенненхунд;25;749;
собаки;большой вандейский гриффон;Собаки;БОЛЬШОЙ ВАНДЕЙСКИЙ БАССЕТ-ГРИФОН ;25;750;
собаки;большой немецкий шпиц;Собаки;НЕМЕЦКИЙ ШПИЦ ;25;752;
собаки;бордер колли;Собаки;БОРДЕР КОЛЛИ ;25;614;
собаки;бордер терьер;Собаки;БОРДЕР ТЕРЬЕР ;25;661;
собаки;бордосский дог (французский мастифф);Собаки;Бордоский дог;25;755;
собаки;борзой, русская псовая борзая;Собаки;РУССКАЯ ПСОВАЯ БОРЗАЯ ;25;615;
собаки;босерон;Собаки;Французская гладкошерстная овчарка (черноподпалый);25;600;
собаки;бостон-терьер;Собаки;БОСТОН ТЕРЬЕР ;25;616;
собаки;брабансон;Собаки;Пти Брабансон;25;758;
собаки;бретонский эпаньоль;Собаки;БРЕТОНСКИЙ ЭПАНЬОЛ ;25;692;
собаки;бриар;Собаки;БРИАР ;25;618;
собаки;брюссельский гриффон;Собаки;БРЮССЕЛЬСКИЙ ГРИФФОН ;25;680;
собаки;бульмастиф;Собаки;Бульмастиф;25;619;
собаки;бультерьер;Собаки;БУЛЬТЕРЬЕР ;25;584;
собаки;бультерьер миниатюрный;Собаки;Бультерьер миниатюрный;25;886;
собаки;бурбонский брак;Собаки;Бурбонский бракк;25;764;
собаки;бурбуль;Собаки;Южноафриканский бурбуль;25;1038;
собаки;веймаренер;Собаки;ВЕЙМАРАНЕР ;25;677;
собаки;Вельш корги;Собаки;Вельш корги;25;1158;
собаки;вельш корги кардиган;Собаки;Вельш корги кардиган;25;621;
собаки;вельш корги пемброук;Собаки;Вельш корги пемброк;25;658;
собаки;вельш-терьер;Собаки;ВЕЛЬШ ТЕРЬЕР ;25;682;
собаки;вестфальский таксообразный брак;Собаки;Вестфальский таксообразный бракк;25;768;
собаки;вест хайленд уайт терьер;Собаки;ВЕСТ ХАЙЛЕНД ВАЙТ ТЕРЬЕР ;25;1001;
собаки;ветерхаунд, голландский спаниель;Собаки;Веттерхун (голландский водяной спаниель);25;769;
собаки;восточно-европейская овчарка;Собаки;Восточно-европейская овчарка;25;773;
собаки;восточносибирская лайка;Собаки;Восточно-сибирская лайка;25;774;
собаки;выжла, венгерская легавая;Собаки;ВЕНГЕРСКАЯ КОРОТКОШЕРСТНАЯ ЛЕГАВАЯ ;25;676;
собаки;гаванский бишон;Собаки;Бишон хаванез;25;777;
собаки;германский дратхаар;Собаки;НЕМЕЦКИЙ ДРАТХААР ;25;594;
собаки;гладкошерстный ретривер;Собаки;ПРЯМОШЕРСТНЫЙ РЕТРИВЕР ;25;781;
собаки;гладкошерстный фокстерьер;Собаки;ФОКСТЕРЬЕР ГЛАДКОШЕРСТНЫЙ ;25;782;
собаки;голая собака инков;Собаки;Перуанская голая собака (средняя);25;788;
собаки;голландская овчарка;Собаки;Голландская овчарка (длинношерстная);25;784;
собаки;голубой пикардийский эпаньоль;Собаки;Голубой пикардийский спаниель;25;791;
собаки;голубой хиллер;Собаки;АВСТРАЛИЙСКИЙ ХИЛЕР ;25;792;
собаки;гончая плотта;Собаки;Гончая Плотта;25;794;
собаки;гордон-сеттер;Собаки;СЕТТЕР ГОРДОН ;25;631;
собаки;гранди поденгу португезу;Собаки;Португальский поденго (гладкошерстный);25;753;
собаки;грейхаунд;Собаки;ГРЕЙХАУНД ;25;633;
собаки;Гриффон;Собаки;Гриффон;25;1154;
собаки;гриффон кортальса;Собаки;Гриффон Кортальса;25;801;
собаки;далматин;Собаки;ДАЛМАТИН ;25;581;
собаки;датский брохольмер;Собаки;Брохолмер;25;611;
собаки;денди-динмонт терьер;Собаки;ДЕНДИ ДИНМОНТ ТЕРЬЕР ;25;625;
собаки;джек рассел терьер;Собаки;Джек-рассел-терьер;25;1148;
собаки;джек-рассел-терьер;Собаки;Джек-рассел-терьер;25;803;
собаки;Доберман;Собаки;Доберман;25;1155;
собаки;доберман-пинчер;Собаки;Доберман-пинчер;25;573;
собаки;дратхаар;Собаки;НЕМЕЦКИЙ ДРАТХААР ;25;804;
собаки;древер;Собаки;Древер;25;805;
собаки;другая;Собаки;Другая;25;1043;
собаки;западно-сибирская лайка;Собаки;Западно-сибирская лайка;25;810;
собаки;золотистый ретривер;Собаки;ЗОЛОТИСТЫЙ РЕТРИВЕР ;25;813;
собаки;ирландский водяной спаниель;Собаки;ИРЛАНДСКИЙ ВОДНЫЙ СПАНИЕЛЬ ;25;637;
собаки;ирландский волкодав (вольфхаунд);Собаки;ИРЛАНДСКИЙ ВОЛКОДАВ ;25;638;
собаки;ирландский красно-белый сеттер;Собаки;ИРЛАНДСКИЙ КРАСНЫЙ И БЕЛЫЙ СЕТТЕР ;25;814;
собаки;ирландский сеттер;Собаки;ИРЛАНСКИЙ СЕТТЕР ;25;588;
собаки;ирландский терьер;Собаки;ИРЛАНДСКИЙ ТЕРЬЕР ;25;636;
собаки;испанский брак, испанская легавая;Собаки;Бургосский пойнтер;25;817;
собаки;испанский мастиф;Собаки;Испанский мастиф;25;818;
собаки;итальянский брак;Собаки;Итальянский бракк (бело-оранжевый);25;822;
собаки;йемтхунд, шведский элкхаунд;Собаки;Емтхунд;25;823;
собаки;йоркширский терьер;Собаки;ЙОРКШИРСКИЙ ТЕРЬЕР ;25;995;
собаки;кавказская овчарка;Собаки;Кавказская овчарка;25;824;
собаки;ка де бо;Собаки;Перро дого майоркин (ка де бо);25;1010;
собаки;кангал;Собаки;Кобан кёпежи (анатолийская овчарка);25;828;
собаки;кан ди агуа;Собаки;ПОРТУГАЛЬСКАЯ ВОДНАЯ СОБАКА ;25;831;
собаки;кане корсо;Собаки;Кане корсо;25;699;
собаки;каракачанская овчарка;Собаки;Каракачанская собака (Болгарская овчарка);25;991;
собаки;карело-финская лайка;Собаки;Карело-Финская лайка;25;668;
собаки;карликовый пинчер;Собаки;Карликовый пинчер;25;1007;
собаки;кеесхонд;Собаки;Вольфшпиц;25;836;
собаки;келпи;Собаки;Келпи;25;837;
собаки;керн-терьер;Собаки;КЕРН ТЕРЬЕР ;25;620;
собаки;керри блю терьер;Собаки;КЕРРИ БЛЮ ТЕРЬЕР ;25;643;
собаки;китайская хохлатая собака;Собаки;КИТАЙСКАЯ ХОХЛАТАЯ СОБАКА ;25;843;
собаки;кламбер спаниель;Собаки;КЛАМБЕР СПАНИЕЛЬ ;25;844;
собаки;колли, шотландская овчарка;Собаки;КОЛЛИ ДЛИННОШЕРСТНЫЙ ;25;994;
собаки;комондор, венгерская овчарка;Собаки;Комондор;25;644;
собаки;котон де тулеар;Собаки;Котон де туло;25;847;
собаки;крапчато-голубой кунхаунд;Собаки;Черноподпалый кунхаунд (енотовая собака);25;848;
собаки;ксолойтцкуинтли;Собаки;Мексиканская голая собака (стандартная);25;851;
собаки;курцхаар;Собаки;НЕМЕЦКИЙ КУРЦХААР ;25;853;
собаки;курчавый ретривер;Собаки;КУРЧАВОШЕРСТНЫЙ РЕТРИВЕР ;25;854;
собаки;лабрадор;Собаки;Лабрадор;25;598;
собаки;лабрадор ретривер;Собаки;Лабрадор-ретривер;25;1149;
собаки;лабрадор-ретривер;Собаки;Лабрадор-ретривер;25;646;
собаки;лаготто-романьоло;Собаки;Лаготто-романьоло (Итальянская водяная собака);25;1041;
собаки;ландсир;Собаки;Ландсир;25;857;
собаки;ланкаширский хилер;Собаки;Ланкаширский хилер;25;858;
собаки;лапландский шпиц;Собаки;Шведский лаппхунд;25;861;
собаки;левретка, итальянская борзая;Собаки;ИТАЛЬЯНСКАЯ ЛЕВРЕТКА ;25;820;
собаки;лейкланд-терьер;Собаки;ЛЕЙКЛЕНД ТЕРЬЕР ;25;647;
собаки;леонбергер;Собаки;ЛЕОНБЕРГЕР ;25;575;
собаки;лхасский апсо;Собаки;ЛХАССКИЙ АПСО ;25;648;
собаки;малый брабансон;Собаки;Пти Брабансон;25;872;
собаки;малый вандейский бассет-гриффон;Собаки;МАЛЫЙ ВАНДЕЙСКИЙ БАССЕТ-ГРИФОН ;25;873;
собаки;малый мюнстерлендер;Собаки;Малая мюнстерлендерская легавая;25;874;
собаки;мальтез, мальтийский бишон;Собаки;МАЛЬТЕЗЕ ;25;649;
собаки;манчестерский терьер;Собаки;МАНЧЕСТЕР ТЕРЬЕР ;25;1013;
собаки;маремма;Собаки;Маремма-абрутская овчарка;25;597;
собаки;мастино наполетано;Собаки;Мастино-наполетано;25;880;
собаки;медиу поденгу португезу;Собаки;Португальский поденго (гладкошерстный);25;882;
собаки;метис;Собаки;Метис;25;1046;
собаки;миниатюрный ксолойтцкуинтли;Собаки;Мексиканская голая собака (миниатюрная);25;884;
собаки;миттельшнауцер;Собаки;Миттельшнауцер;25;696;
собаки;мопс;Собаки;МОПС ;25;1012;
собаки;московская сторожевая;Собаки;Московская сторожевая;25;651;
собаки;московский длинношерстный той-терьер;Собаки;Русский той-терьер длинношерстный;25;892;
собаки;московский дракон;Собаки;Московский дракон;25;1005;
собаки;московский короткошерстный той-терьер;Собаки;Русский той-терьер;25;891;
собаки;немецкая овчарка;Собаки;НЕМЕЦКАЯ ОВЧАРКА ;25;571;
собаки;немецкий вахтельхунд;Собаки;Немецкая перепелиная собаки;25;896;
собаки;немецкий вольфшпиц;Собаки;Вольфшпиц;25;897;
собаки;немецкий дог;Собаки;НЕМЕЦКИЙ ДОГ ;25;701;
собаки;немецкий карликовый шпиц;Собаки;НЕМЕЦКИЙ ШПИЦ ;25;898;
собаки;немецкий шпиц;Собаки;НЕМЕЦКИЙ ШПИЦ ;25;899;
собаки;нивернейский гриффон;Собаки;Нивернесский гриффон;25;901;
собаки;новошотландский ретривер;Собаки;Новошотландский утиный ретривер;25;903;
собаки;норботтен шпиц;Собаки;Норботеншпиц;25;904;
собаки;норвежский элкхаунд;Собаки;НОРВЕЖСКИЙ ЭЛЬГХУНД ;25;653;
собаки;норвич-терьер;Собаки;НОРВИЧ ТЕРЬЕР ;25;655;
собаки;норфолк терьер;Собаки;НОРФОЛК ТЕРЬЕР ;25;909;
собаки;ньюфаундленд;Собаки;НЬЮФАУНДЛЕНД ;25;583;
собаки;орхидея петербургская;Собаки;Петербургская орхидея;25;1011;
собаки;палевый бретонский бассет-гриффо;Собаки;Бретонский рыжеватый гриффон;25;678;
собаки;папильон;Собаки;Папильон (папийон) ;25;657;
собаки;паттердейл-терьер;Собаки;Паттердейл-терьер;25;913;
собаки;пекинес;Собаки;ПЕКИНЕС ;25;578;
собаки;пекиньу поденгу португезу;Собаки;Португальский поденго (гладкошерстный);25;875;
собаки;перуанская орхидея инков;Собаки;Перуанская голая собака (средняя);25;679;
собаки;пинчер;Собаки;Пинчер (черноподпалый);25;579;
собаки;пинчер миниатюрный;Собаки;Карликовый пинчер;25;887;
собаки;пиринейская овчарка;Собаки;Пиренейская овчарка длинношерстная;25;609;
собаки;пиринейский мастиф;Собаки;Мастин де лос пиренеос;25;917;
собаки;подгальянская овчарка;Собаки;Польская подгалянская овчарка (Podhalaner);25;918;
собаки;поденгу ибисенко, ибисская собака;Собаки;ПОДЕНКО ИБИЦЕНКО Г-Ш ;25;635;
собаки;помераниан;Собаки;Померанский шпиц ;25;660;
собаки;померанский шпиц;Собаки;Померанский шпиц ;25;1146;
собаки;пражский крысарик;Собаки;Пражский крысарик;25;1006;
собаки;пудель;Собаки;ПУДЕЛЬ ;25;596;
собаки;пудель миниатюрный;Собаки;Пудель миниатюрный;25;888;
собаки;пудель-пойнтер;Собаки;Пудель-пойнтер;25;926;
собаки;пудель стандартный;Собаки;ПУДЕЛЬ ;25;955;
собаки;пули;Собаки;ПУЛИ ;25;927;
собаки;пуми;Собаки;Пуми;25;928;
собаки;пшеничный мягкошерстный терьер;Собаки;ИРЛАНДСКИЙ МЯГКОШЕРСТНЫЙ ПШЕНИЧНЫЙ ТЕРЬЕР ;25;640;
собаки;ретривер;Собаки;Ретривер;25;599;
собаки;Риджбек;Собаки;Родезийский риджбек (rhodesian ridgeback);25;1156;
собаки;ризеншнауцер;Собаки;РИЗЕНШНАУЦЕР ;25;576;
собаки;родезийский риджбек;Собаки;Родезийский риджбек (rhodesian ridgeback);25;662;
собаки;ротвейлер;Собаки;РОТВЕЙЛЕР ;25;590;
собаки;румынская овчарка;Собаки;Румынская карпатская овчарка;25;930;
собаки;русская гончая;Собаки;Русская гончая;25;931;
собаки;русская пегая гончая;Собаки;Русская пегая гончая;25;932;
собаки;русский спаниель;Собаки;Русский спаниель;25;933;
собаки;русский той-терьер;Собаки;Русский той-терьер;25;1000;
собаки;русский черный терьер;Собаки;Русский черный терьер;25;1159;
собаки;русско-европейская лайка;Собаки;Русско-европейская лайка;25;642;
собаки;рэт-терьер;Собаки;Рэт-терьер;25;934;
собаки;салюки, персидская гончая;Собаки;САЛЮКИ ;25;915;
собаки;самоедская лайка;Собаки;САМОЕД ;25;937;
собаки;сегуджио итальяно;Собаки;Итальянская гончая (Сегуджио итальяно);25;821;
собаки;сенбернар;Собаки;СЕНБЕРНАР ;25;582;
собаки;сеттер-гордон;Собаки;СЕТТЕР ГОРДОН ;25;941;
собаки;сиба-ину;Собаки;Сиба-Ину;25;942;
собаки;сибирская хаски;Собаки;СИБИРСКИЙ ХАСКИ ;25;943;
собаки;сибирский хаски;Собаки;СИБИРСКИЙ ХАСКИ ;25;1145;
собаки;сийлихам терьер;Собаки;СИЛИХЕМ ТЕРЬЕР ;25;667;
собаки;сикоку;Собаки;Сикоку (Коти-ину);25;945;
собаки;силки терьер;Собаки;Австралийский силки (шелковистый) терьер;25;672;
собаки;скай терьер;Собаки;СКАЙ ТЕРЬЕР ;25;673;
собаки;скотч терьер;Собаки;СКОТЧ ТЕРЬЕР ;25;947;
собаки;смаусхонд;Собаки;Голландский смаусхонд;25;950;
собаки;смешанная;Собаки;Метис;25;1039;
собаки;смитфильд-колли;Собаки;Смитфилд (Колли Смитфилда);25;951;
собаки;спиноне;Собаки;ИТАЛЬЯНСКИЙ СПИНОНЕ ;25;953;
собаки;среднеазиатская овчарка;Собаки;Среднеазиатская овчарка;25;698;
собаки;средний шнауцер;Собаки;Средний шнауцер (черный);25;1008;
собаки;стародатская легавая;Собаки;Гаммель данск хонсехунд;25;957;
собаки;стафордширский бультерьер;Собаки;СТАФФОРДШИРСКИЙ БУЛЬТЕРЬЕР ;25;958;
собаки;суссекс-спаниель;Собаки;САССЕКС СПАНИЕЛЬ ;25;674;
собаки;тазы (среднеазиатская борзая);Собаки;Тазы (Казахская борзая);25;623;
собаки;тайган, киргизская борзая;Собаки;Тайган (Киргизская борзая);25;841;
собаки;тай риджбек;Собаки;Тайский риджбек;25;691;
собаки;такса гладкошерстная;Собаки;Такса гладкошерстная;25;587;
собаки;такса длинношерстная;Собаки;Такса длинношерстная;25;999;
собаки;такса жесткошерстная;Собаки;Такса жесткошерстная;25;656;
собаки;такса кроличья;Собаки;Такса кроличья;25;1033;
собаки;такса миниатюрная;Собаки;Такса миниатюрная г;25;885;
собаки;такса стандартная;Собаки;ТАКСА ;25;956;
собаки;тибетский мастиф;Собаки;Тибетский мастиф (до-хи, тибетский дог);25;592;
собаки;тибетский спаниель;Собаки;ТИБЕТСКИЙ СПАНИЕЛЬ ;25;962;
собаки;тибетский терьер;Собаки;ТИБЕТСКИЙ ТЕРЬЕР ;25;675;
собаки;той-пудель;Собаки;ТОЙ ПУДЕЛЬ ;25;639;
собаки;той-терьер;Собаки;Той терьер;25;1004;
собаки;тоса ину;Собаки;Тоcа-Ину;25;964;
собаки;уест-хайланд-уайт-терьер;Собаки;ВЕСТ ХАЙЛЕНД ВАЙТ ТЕРЬЕР ;25;738;
собаки;уипет;Собаки;УИППЕТ ;25;1003;
собаки;фален, континентальный той-спаниель;Собаки;КОНТИНЕНТАЛЬНЫЙ ТОЙ СПАНИЕЛЬ ФАЛЕН;25;846;
собаки;фараоновая собака;Собаки;ФАРАОНОВА СОБАКА ;25;966;
собаки;фила бразилейру (бразильский мастиф);Собаки;Фила бразилейро;25;690;
собаки;фильд спаниель;Собаки;ФИЛД СПАНИЕЛЬ ;25;967;
собаки;финская лайка;Собаки;Карело-Финская лайка;25;1018;
собаки;финский шпиц;Собаки;ФИНСКИЙ ШПИЦ ;25;1019;
собаки;фландрский бувье;Собаки;ФЛАНДЕРСКИЙ БУВЬЕ ;25;617;
собаки;фокстерьер гладкошерстный;Собаки;ФОКСТЕРЬЕР ГЛАДКОШЕРСТНЫЙ ;25;998;
собаки;фокстерьер жесткошерстный;Собаки;ФОКСТЕРЬЕР ЖЕСТКОШЕРСТНЫЙ ;25;628;
собаки;французская гончая;Собаки;Французская черно-пегая гончая;25;968;
собаки;французский бульдог;Собаки;Французский бульдог;25;586;
собаки;французский эпаньоль;Собаки;Французский спаниель;25;969;
собаки;француский бульдог;Собаки;Французский бульдог;25;1152;
собаки;ханаанская собака;Собаки;Ханаанская собака;25;972;
собаки;хаски антарктическая;Собаки;ХАСКИ;25;593;
собаки;ховаварт;Собаки;Ховаварт;25;572;
собаки;хорватская овчарка;Собаки;Хорватская овчарка;25;974;
собаки;хортая;Собаки;Хортая борзая;25;975;
собаки;цвергпинчер;Собаки;ЦВЕРГПИНЧЕР ;25;1002;
собаки;цвергшнауцер;Собаки;ЦВЕРГШНАУЦЕР ;25;697;
собаки;цвергшпиц ;Собаки;Цвергшпиц;25;1042;
собаки;чау-чау;Собаки;ЧАУ ЧАУ ;25;591;
собаки;черный терьер;Собаки;Русский черный терьер;25;973;
собаки;чесапик бей ретривер;Собаки;ЧЕСАПИК БЭЙ РЕТРИВЕР ;25;650;
собаки;чехословацкий влчак;Собаки;Чехословацкий влчак;25;1040;
собаки;чешский терьер;Собаки;Чешский терьер;25;978;
собаки;чинук;Собаки;Чинук (chinook);25;980;
собаки;чихуахуа;Собаки;ЧИХУАХУА ;25;624;
собаки;чи-хуа-хуа;Собаки;ЧИХУАХУА ;25;1160;
собаки;шарпей;Собаки;ШАР ПЕЙ ;25;996;
собаки;шарпланинская овчарка;Собаки;Шарпланинская овчарка (Македонская овчарка);25;981;
собаки;швейцарская овчарка;Собаки;Белая швейцарская овчарка;25;1017;
собаки;шелти;Собаки;ШЕЛТИ ;25;1139;
собаки;шельти;Собаки;ШЕЛТИ ;25;669;
собаки;шиллерстёваре;Собаки;Гончая шиллера;25;797;
собаки;шипперке;Собаки;Шипперке (3-5 кг);25;665;
собаки;ши-тцу;Собаки;ШИ ТЦУ;25;670;
собаки;шотландский терьер;Собаки;СКОТЧ ТЕРЬЕР ;25;666;
собаки;шпиц;Собаки;Шпиц;25;1009;
собаки;Щвейцарский зенненхунд;Собаки;Большой швейцарский зенненхунд;25;1151;
собаки;энтлебухер зенненхунд;Собаки;Эллинский икнилатис (энтлебухер зенненхунд);25;1020;
собаки;эрдельтерьер;Собаки;ЭРДЕЛЬТЕРЬЕР ;25;683;
собаки;эскимосская лайка;Собаки;Канадская эскимосская собака (Эскимосская лайка);25;986;
собаки;эстонская гончая;Собаки;Эстонская гончая;25;987;
собаки;югославская грехцветная гончая;Собаки;Югославский трехцветный гонич;25;988;
собаки;южнорусская овчарка;Собаки;Южнорусская овчарка;25;671;
собаки;ягдтерьер;Собаки;Ягд-терьер;25;595;
собаки;японский стерьер;Собаки;Японский терьер (Нихон терьер);25;990;
собаки;японский хин;Собаки;Японский Хин;25;693;
собаки;японский шпиц;Собаки;Японский шпиц;25;1014;
собаки;;Собаки;;25;;
тигр;амурский;Хищные;Амурский тигр (Panthera tigris altaica);26;1032;
улитки;;Моллюски;;27;;
хомяки;бежевый (кремовый) золотистый хомяк;Грызуны;Хомяк золотистый, бежевый, кремовый (Cricetinae);29;1022;
хомяки;джунгарский карликовый хомяк;Грызуны;Джунгарский хомяк (Phodopus sungorus);29;1023;
хомяки;длинношерстный золотистый хомяк (ангорский тип);Грызуны;Хомяк золотистый, длинношерстный, ангорский (Cricetinae);29;1024;
хомяки;обычный золотистый хомяк;Грызуны;Хомяк золотистый, обыкновенный (Cricetinae);29;1026;
хомяки;русский хомяк;Грызуны;Хомяк русский (Cricetinae);29;1028;
хомяки;;Грызуны;Хомяк (Cricetinae);29;;
хорьки;домашний;Хорьки;Хорек домашний;30;1030;
хорьки;;Хорьки;;30;;
шиншила;короткошерстная;Грызуны;Шиншиллы короткошёрстные (Chinchilla);31;1031;
шиншила;;Грызуны;Шиншиллы (Chinchilla);31;;
